user_id,recommendation
0,14 11 15 22 24 12 1 6 18 20
1,31 35 29 30 36 33 32 37 34 38
2,94 80 92 91 76 90 93 87 60 77
3,157 156 123 155 166 132 161 153 172 168
4,192 194 191 200 204 196 193 195 197 202
5,212 213 214 221 215 218 223 217 224 219
6,229 230 231 232 3862 13950 11366 3859 7478 12804
7,236 247 237 238 246 240 239 245 242 250
8,256 257 258 9484 6204 376 11903 5509 8857 8918
9,262 261 264 263 13709 11774 4549 4381 13035 1560
10,269 268 270 273 271 272 274 11446 11445 13636
11,277 278 279 280 8615 8169 8173 8174 9621 10669
12,282 291 283 285 284 286 288 293 289 290
13,327 321 307 313 303 300 305 316 302 332
14,351 339 343 346 340 341 317 342 345 349
15,354 355 356 14411 508 13551 4633 6744 4628 15141
16,359 361 15258 15094 360 14333 15259 362 12098 11366
17,363 364 365 11366 11916 8307 8696 7294 14907 14553
18,367 368 13197 13198 11366 4806 6218 13199 1672 5473
19,377 371 376 373 382 380 387 389 372 388
20,401 393 398 400 396 402 397 395 394 399
21,403 404 12475 405 406 13625 9791 13345 1166 12426
22,409 410 296 7522 411 14174 9442 12424 13986 11591
23,497 485 459 498 470 493 446 474 492 487
24,533 532 530 535 534 537 536 531 526 525
25,542 540 539 545 544 543 541 51 547 548
26,552 554 553 556 558 555 557 12188 8796 6712
27,564 565 566 571 562 574 568 570 567 569
28,577 578 579 581 580 582 583 14094 13286 712
29,591 588 587 592 597 599 590 589 600 595
30,623 620 627 610 615 606 608 614 621 604
31,169 634 165 11366 14297 2262 4857 5719 4854 149
32,638 636 639 642 637 643 641 640 644 645
33,648 649 10172 10177 650 11366 7688 664 11272 5636
34,653 654 657 659 658 655 660 288 656 466
35,665 666 10245 667 11366 985 7195 7194 6003 1093
36,669 11366 3055 10715 8999 611 4426 53 2820 13885
37,670 671 672 10090 10089 10087 10091 10074 5868 12657
38,691 706 675 682 692 695 697 693 700 696
39,719 720 721 718 11366 3055 10715 8999 611 4426
40,584 730 723 727 729 722 725 728 724 731
41,833 828 829 763 800 820 37 819 822 832
42,882 872 874 869 875 884 886 889 880 867
43,898 897 899 11366 3055 10715 8999 611 4426 53
44,900 901 902 905 903 906 904 13393 13394 8129
45,958 965 927 963 962 915 916 959 940 969
46,1000 999 1005 1012 1001 1006 1002 1004 1010 1009
47,1068 1076 1032 1065 1025 1078 1077 1053 1030 1059
48,1107 1106 1108 1109 1113 1110 1111 1114 1115 1112
49,1120 1119 1121 1122 8021 1124 1125 1123 10116 12948
50,1128 1129 1132 25 1131 1130 11363 13936 12093 11366
51,1139 1149 1142 1137 1152 1157 1144 1147 1155 1154
52,1159 1160 1161 1162 5816 5806 4986 4981 4987 5812
53,1165 1166 1167 1168 2742 2820 12007 3464 1535 13327
54,1171 1172 1173 1174 7293 4926 9500 10624 2368 5423
55,1178 358 1177 1179 1180 1170 626 10027 12858 2984
56,1183 1184 1185 5404 9938 6529 4234 4163 9941 9272
57,1210 1189 422 1202 1197 1214 1209 1203 1201 1208
58,1220 1221 1223 1224 1228 1226 1227 1225 904 1222
59,1229 1231 1233 1230 1232 1234 7724 10301 4204 5068
60,1238 686 1239 1240 687 1241 1242 15085 10704 9065
61,1244 1245 1246 6272 6291 6292 6283 6281 6278 6287
62,1248 1249 1247 5758 5428 12555 12552 18 2414 12556
63,1251 1252 1255 1253 1254 1256 44 13580 13583 13582
64,1261 1260 1259 688 1262 1264 1266 1265 1263 7899
65,1274 1270 1279 1275 1271 1276 1277 1272 154 1273
66,1285 1286 7330 1287 11366 3830 3834 8053 12185 3832
67,1289 1290 1292 1291 13362 8607 13363 993 10013 9946
68,1299 1298 1297 1295 1303 1296 1300 1301 1304 1302
69,1307 1309 1312 1310 1308 1313 1311 1305 1306 5968
70,1314 1316 1315 1318 1317 3082 11536 2889 1319 3081
71,1323 1324 405 13330 1325 11366 14122 12426 2614 2820
72,1328 1327 1330 1331 1329 11076 6730 9838 2948 0
73,118 611 392 117 12109 8503 10342 5574 9926 10551
74,1335 1336 254 1337 1338 1340 1339 8615 8609 4356
75,1283 1343 426 2590 11827 11906 11789 2809 11764 1623
76,1345 1346 4357 5589 11366 8028 10474 2328 11821 3619
77,1348 1350 1349 1351 2153 3157 7947 9887 12109 2521
78,1353 1354 1355 1356 8279 8289 8285 8276 8284 8282
79,1363 1359 1361 1364 1362 57 1365 1360 980 14626
80,1367 1368 1369 1371 1370 1164 15068 15249 5311 8999
81,1376 1375 1373 1378 1379 1374 1380 1377 55 1381
82,464 1435 1425 493 1431 1218 427 787 809 1440
83,1461 1462 1463 1465 1464 1395 4038 5188 15227 11946
84,1469 1470 1468 1473 1472 1471 15105 13108 15159 13438
85,1486 1477 1478 1476 885 1487 1479 1483 1481 1482
86,1498 1499 1500 1501 1502 14868 9286 315 9003 1503
87,1507 1508 1509 12815 13130 6715 2552 10248 1497 12818
88,1512 1513 9497 1514 9955 6697 6693 11366 4017 3957
89,149 1516 747 782 773 1517 419 763 781 833
90,1521 1522 6480 6492 6486 1523 11366 2589 907 959
91,1531 1526 1525 1530 1527 1528 1533 1534 1529 1330
92,1536 1537 1538 1541 1539 1542 1540 14608 6015 15042
93,1545 1546 11162 1547 2018 9689 6370 459 8845 4499
94,1550 1551 9266 1819 1552 8943 9561 8485 5588 5663
95,1554 1555 1556 1557 1558 1559 9963 14119 12685 12923
96,1562 1563 11366 3055 10715 8999 611 4426 53 2820
97,1571 1570 1574 1579 1583 1576 1575 1428 1582 1572
98,686 1590 685 1593 163 1591 1594 241 169 1592
99,1597 1598 1599 1609 1612 1508 1607 1608 1601 1442
100,1628 1627 14711 8411 11366 11405 3055 10715 8999 611
101,1629 1630 1631 1632 8930 8881 8929 8924 8915 8927
102,1634 1635 13802 13801 13800 1636 13803 10605 13451 10079
103,43 1642 1643 1645 1640 1639 1650 889 1638 788
104,1654 1655 5704 5702 5701 5698 11326 5705 1656 11331
105,1658 1659 13552 10704 10703 103 10697 5892 10228 10706
106,1662 1663 1664 13704 10226 2394 2438 2390 2381 2383
107,1667 1668 8769 11300 3939 5888 6803 8225 12909 2368
108,1675 1671 1672 1678 1674 1673 1676 1677 14884 6355
109,1682 942 738 873 1685 1683 1689 1688 1503 1684
110,1695 1694 1693 1698 1699 1696 1697 1087 14883 14229
111,1717 1150 1718 1710 1708 1703 1706 1722 1711 1725
112,478 1732 1733 1734 476 11366 761 483 494 9019
113,1736 1737 5948 1280 1063 5924 5936 5930 5944 5949
114,1740 1741 5232 5230 5229 5227 5231 15038 7684 1742
115,1744 342 1745 1746 1747 1748 14275 2143 1425 2127
116,573 196 566 565 564 12372 9847 574 2942 11467
117,1515 1757 1754 1764 1753 1755 1758 322 1759 1761
118,1770 1769 1774 1773 1772 1771 1775 1724 1776 1136
119,1781 1782 1783 1785 1784 1786 11294 8756 11292 11295
120,1790 1788 1789 1794 1791 1792 1787 1793 15131 13252
121,1197 1797 1199 1796 1801 1799 1798 1800 1802 895
122,1808 1807 1818 1814 1813 1806 1810 1811 1815 1812
123,1822 1821 1823 1825 1827 1824 1826 12919 12920 10578
124,1830 1831 1833 1832 1835 1834 873 12191 12192 503
125,1841 1842 1849 1843 1853 1857 1851 1838 1856 1839
126,1858 1859 1860 1863 1861 1862 15195 1864 12375 11806
127,1867 1868 6472 10636 10649 11366 1869 1486 1652 9878
128,1872 1873 13772 13774 13775 13407 13773 12550 11525 1263
129,1875 1876 1877 5160 3129 5154 10704 4573 5071 5162
130,1879 23 3159 1880 3166 3174 6875 11366 3133 9684
131,1882 1883 13002 1884 1885 5327 5328 11366 3481 9074
132,1887 1888 13662 8822 9629 6734 1611 9754 9479 12057
133,1891 1113 1892 1893 1895 1894 1896 1107 4317 1108
134,1899 1239 1900 1570 1390 868 1901 871 5543 6469
135,1903 1904 444 1906 1908 1905 1907 1909 4336 4283
136,1914 1913 1003 1915 9662 6554 1916 13702 6557 6556
137,1640 1918 1919 14601 14602 9582 43 7765 5182 10015
138,1921 1922 1923 1924 1929 1930 1920 1928 1927 1925
139,1940 1942 1941 1944 1943 5605 8204 15231 8206 15232
140,1945 12214 12217 12372 1946 6076 12215 12216 11467 1941
141,1950 1954 1955 1951 1953 1949 1956 1952 1884 13925
142,1966 1964 600 1965 1968 1970 1963 1959 1967 596
143,1985 1986 5522 11366 8134 5506 6533 5259 3951 8124
144,1989 1990 10912 3764 1991 1992 7143 11366 250 931
145,1993 1044 1994 1995 1996 1997 4085 9603 5303 216
146,2000 2001 2002 2006 1263 2003 2004 2005 7912 414
147,2011 2010 2009 2012 1303 1357 2013 2014 2015 1354
148,2020 2019 2023 2022 1093 2027 2025 2021 2030 2031
149,2039 2034 2037 2035 2038 2040 501 2036 998 2041
150,2047 2050 2051 2056 2053 2045 2046 2048 2049 2054
151,2058 2060 2059 2061 13305 11019 5795 7951 11228 12228
152,875 419 2064 2062 1079 2063 1086 869 2353 12180
153,2073 2070 2069 2072 2076 2068 631 2071 2074 2077
154,2085 2083 2084 722 12711 1367 12710 7116 7134 7458
155,2091 2092 2090 2087 2088 2089 2093 1578 2086 2094
156,2096 2097 2100 2099 2102 2098 484 2007 2104 2101
157,2109 2110 2111 2112 2114 2115 2116 2113 12506 2836
158,2127 1964 2143 609 2147 2134 2135 2140 41 2120
159,2161 2162 2167 2160 2164 2163 2166 437 873 2168
160,2171 2173 2176 2177 2178 2179 2172 2183 2180 2181
161,2189 2198 2191 2190 2192 118 2193 2196 2197 2033
162,306 329 2232 2245 992 2233 2223 2242 2237 2238
163,453 2256 2257 497 9621 481 11366 9484 281 256
164,2259 1987 2260 2272 2292 2273 2280 2279 11366 2271
165,2261 1902 9405 11958 169 11366 5147 3524 3055 466
166,719 720 721 718 11366 3055 10715 8999 611 4426
167,2264 2265 2267 2266 14235 13889 238 3887 15023 11366
168,2272 2279 2280 2276 2292 2273 2283 1346 2285 1594
169,2297 2035 2298 2300 2299 3929 3927 11366 3625 3628
170,2310 2315 2307 2311 2308 2303 2320 1239 2316 2317
171,2327 9333 9332 9329 9328 2328 5761 9334 9335 9330
172,2353 2355 2336 2351 631 2343 2340 2348 2330 2352
173,1088 9993 2362 2363 14414 13799 8993 5772 501 3627
174,2005 788 464 2366 1481 2002 3775 763 11366 754
175,2370 2369 2371 1354 2374 1357 2375 2372 9663 1355
176,2389 2385 2386 2387 2384 2383 2392 2388 2390 2398
177,2401 2403 2404 526 2402 532 530 534 537 533
178,2406 11366 3055 10715 8999 611 4426 53 2820 13885
179,2407 738 480 2408 6815 6312 4318 476 5105 6307
180,2423 2410 2429 2433 2414 2421 2419 2424 2413 2426
181,2441 2442 2443 977 4590 12761 12762 3324 3281 9880
182,2445 2446 2447 268 5816 5806 3229 3227 2448 6601
183,2449 2450 2451 14414 13799 8993 11366 1262 11565 5772
184,2452 2453 2454 2455 2462 2367 2456 2459 2231 2458
185,2030 2465 2466 2145 1047 8819 871 14357 12484 2027
186,2469 2475 2470 2471 2476 2472 1164 2474 2473 3305
187,2524 2552 2153 2530 2481 2546 96 2554 2555 2204
188,2577 2578 11366 3055 10715 8999 611 4426 5048 281
189,1621 2579 2580 1622 2583 2581 2582 1617 1620 1618
190,2586 2589 2587 1238 1521 2588 11081 9318 2457 8799
191,2593 2591 2592 2596 2594 2598 2595 2597 4053 14613
192,2601 2602 2603 7955 8961 11345 9151 8458 11366 391
193,2604 2605 12485 14402 2837 14401 10836 9346 11366 12495
194,2607 2608 2609 7960 7534 7535 7537 11366 7961 10233
195,2610 2611 2612 2613 8629 13812 8632 8630 8633 8625
196,1730 2620 2618 2619 2622 2623 1729 2621 369 703
197,2625 2626 15139 15140 10287 15135 10481 15138 15142 15137
198,2628 2629 2630 11366 4315 1146 7339 3055 1145 4596
199,2221 2632 2634 1173 2635 2633 11366 7403 9404 5939
200,2647 2642 2646 2639 2640 2644 2648 2643 2645 2649
201,2651 2655 2296 2650 2293 2652 2653 2654 2656 2657
202,2662 2663 1635 2664 8214 2666 2665 8215 8216 4056
203,2671 2672 2670 2669 2673 987 9287 3839 9991 13100
204,2713 2678 2708 2704 1761 2705 389 2710 2076 2714
205,2724 2727 2725 2723 2726 2729 2728 1840 8676 14501
206,1687 2733 2734 2735 11995 11999 7823 12000 11998 4977
207,1529 2738 2739 2740 2741 2742 2743 11366 2614 2820
208,2456 2747 2749 138 1247 1815 2751 2753 1444 2748
209,2773 1969 2776 2766 2765 2769 2768 2778 2757 2771
210,2788 2803 2787 2792 2786 2791 2801 2793 2794 2797
211,2812 2813 2811 13297 13296 13295 13302 13303 13300 13299
212,2814 2815 1166 1535 2818 2816 2819 2820 2817 405
213,2825 2826 12688 1626 1871 2827 3521 2043 9457 12185
214,2829 2828 2832 2831 2830 2835 2836 2833 2834 4420
215,2839 2840 2841 11366 11610 12520 12282 14039 13175 12611
216,2854 2844 2853 2862 2850 2845 1716 2855 2849 2857
217,2872 2869 2871 2870 2873 2874 2875 2876 12731 3668
218,611 10893 11483 11366 6016 11484 12051 14621 8303 3213
219,2882 2884 2883 2885 2890 2893 2879 2889 2892 2886
220,2895 2896 2730 2904 2898 2902 2906 2909 1898 2900
221,2915 2917 2919 2918 2916 2607 2921 2922 2925 2920
222,2932 2933 2934 2937 2939 2936 2938 2935 2759 11804
223,2943 2944 7836 7708 9089 2116 11323 5262 5263 5265
224,1328 2948 2947 2945 2946 0 2949 2950 1395 2316
225,2955 2956 2957 2958 482 2961 2960 2959 6880 5175
226,2968 2976 2975 2974 2967 2964 2966 2972 2970 2965
227,2985 11331 11335 74 2986 11327 7097 11338 10619 11326
228,2987 2719 7453 10165 4017 3684 10494 9886 5074 5520
229,31 2442 2988 30 2989 35 6003 11366 6126 4590
230,1056 2257 2991 2993 2992 625 3360 2697 3340 1085
231,2997 2996 2998 2995 3002 3000 3001 2999 6807 1321
232,3005 3008 3007 3004 3009 3006 58 3010 3011 3012
233,3014 2024 3015 1569 3016 5551 4239 10920 5981 7413
234,3018 114 105 2131 3019 2029 9400 13952 13953 12710
235,3023 3024 298 5760 6684 12974 9425 3335 4832 5587
236,3032 3027 3029 3030 3031 3026 3034 3039 1653 60
237,3043 3044 2560 1752 4863 1751 4634 2270 5132 4852
238,3045 3046 15010 14327 13356 13334 2745 13540 14457 2818
239,3047 960 3048 4158 10691 6307 6310 11164 6308 9820
240,3053 3054 3056 3052 3058 3059 3057 3051 15001 3055
241,3065 3064 3066 3068 3067 11401 7849 13166 12900 14407
242,3069 3071 3070 3072 12218 8746 12219 4546 371 8437
243,3078 3076 3080 3081 3077 3079 3074 3075 3082 1314
244,3086 3087 5899 2732 3088 1893 11074 3090 1267 3089
245,106 3092 3093 2204 9019 10178 11366 14702 14351 13124
246,3094 10098 13572 8269 5778 4597 9439 9757 11366 3001
247,3095 3096 2926 3098 3099 2236 3102 788 500 3101
248,3107 3106 11106 11100 11104 11103 10543 8156 11101 11107
249,3114 3108 3111 3109 2293 3113 3112 3110 3115 2692
250,3118 8234 5646 5645 5644 5648 5647 5649 5643 11475
251,3123 1881 2945 3127 3125 3119 1514 3122 199 3121
252,3166 3137 3158 3133 3168 3143 3172 3167 3174 3159
253,3204 3208 3198 3196 3197 3207 3202 3193 3199 2346
254,3215 761 3216 3219 3218 3217 744 430 3220 3221
255,3227 3229 3232 909 3230 3228 3231 3233 2445 1298
256,3240 3243 3242 3241 3244 243 3019 705 4569 995
257,3141 15031 3166 3137 12783 3158 3133 11868 12150 3168
258,3248 3249 3247 3250 3253 2709 3252 3255 784 3254
259,3259 3260 1311 3263 3261 3262 13739 14642 14644 14643
260,3266 3267 3268 11366 5013 1499 11924 10884 8403 5743
261,3269 2794 3271 3270 247 10527 8717 3272 5724 7191
262,3324 3281 3349 3334 3360 123 3355 3357 3356 2720
263,3387 3388 8884 11366 2280 13987 3269 14102 14173 9294
264,3389 7280 8989 5436 5760 8987 1494 8366 847 8939
265,3393 3392 3394 3399 3391 555 3395 3400 3401 3397
266,3406 2187 51 3407 3408 10136 6894 3790 12203 2409
267,3410 3411 3412 14623 12028 12296 13759 11366 12135 4439
268,3413 3414 3415 1887 673 7060 7061 7059 14345 7072
269,3417 3418 7761 3419 2034 5926 305 10248 8593 7701
270,3422 3424 3426 3421 3425 3423 2908 7942 13704 10226
271,3427 3428 3429 13405 13404 13403 5743 7826 13068 12155
272,3431 3430 3434 3433 3432 3435 11366 3055 10715 14739
273,3436 11366 3055 10715 8999 611 4426 53 2820 13885
274,3438 3440 2221 3439 1389 1390 4 3441 3919 8955
275,3448 3447 3450 3451 3446 3445 3449 8320 6566 6403
276,3452 11366 3055 10715 8999 611 4426 53 2820 13885
277,2156 3460 343 1099 3457 57 3456 3458 3454 3459
278,3463 3464 3465 1166 14327 2614 11052 15010 15035 11366
279,3466 3467 2537 3695 11838 11366 1555 4174 9550 11837
280,3469 3470 6925 6926 6607 3471 13962 9126 14733 9828
281,2790 2750 3472 1982 1550 3473 3210 1217 8717 5833
282,1201 3477 128 3478 3049 3479 2159 4203 11366 2772
283,3480 3481 8646 1703 8244 14369 2182 8645 11096 11366
284,3483 1720 3484 3084 13684 13685 11186 13682 11366 4507
285,3487 1978 4488 841 3321 4501 4483 11366 12022 542
286,3491 3489 3490 9451 7985 13776 9138 11774 7721 9327
287,2469 3496 3493 3494 3499 2164 3502 3495 3504 42
288,3510 67 3513 3512 3511 3968 654 11316 10840 3964
289,3514 3515 3516 2750 3517 2781 3518 3519 3186 4246
290,1062 1059 1030 3540 3537 3521 3293 3541 3536 1089
291,3550 3551 3552 518 3554 3553 1514 3557 3555 3242
292,3564 3563 3562 3569 3561 3566 2636 3567 3565 3568
293,1875 3574 3575 3577 770 3576 5154 3129 5160 5164
294,994 3578 876 3579 6271 11366 7670 1673 9364 211
295,3585 3581 3582 3584 3583 2233 3586 3588 3587 1767
296,3592 3590 3593 3198 3591 7524 11366 6398 3204 13796
297,3595 3594 2738 3599 3596 3598 3597 42 734 10058
298,3608 3601 3606 1019 1765 3603 543 3610 233 3605
299,3615 1171 3616 4400 14955 14979 9618 15108 11366 14907
300,3625 3628 3630 3638 3626 3633 3634 3636 3631 3632
301,3646 3650 3652 3653 3649 3657 3654 3656 2991 3647
302,3666 3667 3074 8149 8154 8155 8157 1007 11626 11892
303,3669 3670 3671 7951 4070 3672 4065 4066 4072 4064
304,1006 3686 1641 1008 3195 3678 3683 3680 3684 3679
305,1616 3696 1615 3698 3700 3702 3701 3707 3706 3703
306,3714 3715 3717 3716 3138 968 3839 11866 11297 10740
307,3721 3722 8279 8276 8282 8285 8267 8284 6405 8289
308,3737 3734 3733 1066 1983 3732 3736 3731 3741 3725
309,3534 190 1039 3747 2911 3745 3748 3746 3454 3750
310,1667 3753 500 1435 3754 3939 8769 11300 5888 8225
311,3758 3757 3759 3763 3764 3761 2682 1098 1278 3762
312,3767 3768 3770 3769 3772 3771 7679 11345 1057 9151
313,3776 3783 3780 3784 3775 3778 3786 3777 3779 3782
314,3790 3791 3406 11557 11558 1624 11162 7022 11559 3792
315,736 477 3794 3795 476 3796 828 8451 781 459
316,2430 3798 3799 2434 2419 2429 2423 2433 2410 13239
317,3804 3806 3800 3802 3801 3805 3808 3803 3807 3809
318,3810 3811 4083 884 4078 2329 11366 7507 1854 7245
319,3813 3263 3815 3814 3818 3816 3817 14737 14846 14724
320,3830 3825 657 3828 3832 3833 3827 3824 3829 3835
321,3842 3516 3844 2767 3843 3845 5450 11350 4609 14218
322,3849 3847 2673 3851 3850 3848 1878 3852 3396 5478
323,3855 246 3407 3856 399 9326 9325 13036 14520 5183
324,230 3859 3860 2831 3861 3862 629 3863 2830 14588
325,30 3867 3866 3870 3868 3871 3869 31 4248 10462
326,3880 3877 1523 3875 1889 3883 3876 3885 3862 3879
327,3907 3898 3900 3899 3901 2043 3895 3904 3903 3586
328,3909 3252 996 2153 851 383 6698 14680 9615 11366
329,3922 3927 3919 3912 3929 852 3923 3914 3924 3928
330,3940 3944 3942 3941 3943 732 3946 714 3881 873
331,3950 3951 3952 7805 5285 6937 6933 4261 5284 6938
332,3953 3954 8092 5560 8093 8094 15073 8102 8091 8506
333,654 3957 1292 3228 3968 3961 3956 213 1762 3825
334,3978 3979 12688 14216 7473 3521 9502 10170 729 9336
335,3980 626 3981 3982 358 7408 1458 13113 2914 11366
336,3984 3720 3986 3985 7981 5176 7983 211 7982 10358
337,3989 3990 9186 11670 3992 13143 14121 11904 3991 11935
338,3993 3994 1095 7430 11366 9443 5265 3900 5262 5263
339,3995 3996 3998 3997 11546 11547 5891 6631 6630 7893
340,4000 2332 4001 4003 4006 4005 4007 4002 2068 1817
341,4012 11468 4013 7814 7811 7812 7707 7813 8914 762
342,4014 625 4015 4016 3374 4394 5806 4390 6409 5816
343,2928 4022 4021 4026 179 4023 4018 4024 4025 3055
344,4034 3442 4035 4036 4037 14409 14038 14445 10073 11366
345,4043 4042 4047 1372 4040 4041 4044 4046 1051 4045
346,4049 3108 3111 4050 4051 4976 11995 7823 12000 2733
347,4054 11366 3055 10715 8999 611 4426 53 2820 13885
348,4055 11366 3055 10715 8999 611 4426 53 2820 13885
349,4056 4058 4057 2663 13451 4059 11366 13812 13944 13818
350,4060 1778 6363 6362 1779 1320 9192 1321 1319 1322
351,4070 4065 3670 4066 4064 4067 4069 4072 3669 1844
352,4078 4094 3664 4091 4084 4093 4092 4082 4079 4083
353,4098 4109 4110 4105 4103 4108 4112 4107 4097 4102
354,4117 4116 3498 4118 3040 4120 4119 203 15050 11673
355,4123 11366 3055 10715 8999 611 4426 53 2820 13885
356,4125 4129 4124 4128 4130 4127 807 4126 1684 3811
357,4137 4144 4139 1354 4140 1829 1355 1356 1357 4142
358,4150 4149 4148 4152 4153 4151 3648 8770 5136 11887
359,988 4165 4156 4155 4160 4161 4164 410 4163 4162
360,4173 4168 4171 4172 4169 4170 2982 2108 1123 6496
361,437 4177 4175 1683 809 4176 483 1192 797 494
362,4248 4246 4258 4240 2107 4247 3812 858 4234 4242
363,4272 1176 4273 4274 6396 6395 4275 6399 6398 6397
364,4294 4287 4289 4296 1588 4290 4279 4277 4283 4297
365,4304 4314 4306 4303 4308 4305 4311 4312 4309 4307
366,4321 4319 4322 4325 4320 998 593 4323 2910 4324
367,4328 1866 2820 4329 4330 8279 3846 8285 8284 4317
368,4331 2243 5861 5870 7061 5856 7060 5855 5874 4332
369,4333 4334 5341 13918 4335 13543 2423 505 950 10621
370,4337 4338 9129 6401 240 13551 12464 14470 14172 6514
371,3339 4340 2540 2486 3831 4341 3826 3289 4343 4342
372,4350 4351 687 2305 4352 11366 12447 1403 8028 8010
373,4353 4354 4355 6633 11269 5051 11366 9405 11268 5122
374,366 2614 14429 6112 618 287 11366 8575 2394 5842
375,1222 4358 7936 710 14116 282 6692 11366 6188 14115
376,4361 4362 12217 4737 4734 4733 12214 12216 12215 1794
377,4363 7120 1453 2155 81 8494 6572 447 7113 137
378,4364 1568 4365 4251 11804 209 2768 4366 4213 5546
379,4367 412 2916 2919 10048 15145 15144 14847 11619 4066
380,4376 4369 1764 4372 3920 4371 4370 822 4373 4374
381,4380 4381 1452 4382 4383 10856 10854 14872 14871 3690
382,4390 4394 4393 4391 4389 4412 4392 4400 4411 4387
383,4414 4415 1826 4134 1306 11349 11366 7427 11348 11350
384,4417 4418 12563 5954 12379 14529 11117 10559 10483 11366
385,4433 4435 4432 4431 4429 4421 4420 4428 4434 2832
386,4438 4439 4440 707 4540 5762 4538 4539 11269 4542
387,4443 4444 4445 9700 3999 9704 508 9705 9701 6691
388,4448 4446 936 4447 4449 4450 9290 7615 9291 958
389,4453 2686 6858 11789 11906 12592 11827 5031 4131 1283
390,4459 2866 4460 1927 623 4457 4456 2977 2843 4458
391,4494 3922 763 542 3924 3926 540 4498 4495 4033
392,4514 2741 2814 1529 14799 13189 4515 13671 3465 12426
393,4517 2569 827 1466 5908 15261 11785 5906 5900 13290
394,4525 4522 4520 4526 4528 4527 4521 4529 4530 4524
395,4533 4531 1731 955 981 4535 4532 4534 927 958
396,4540 4539 4543 4538 4542 4546 4536 4548 4541 4545
397,4552 4554 1257 4555 4553 4558 3769 4556 4557 541
398,4560 4561 4562 4563 4564 4565 569 10147 10149 10145
399,4583 4582 4584 4586 4587 4573 4576 4087 4585 4086
400,4599 2891 4601 4600 1322 4401 4602 4133 4138 4604
401,698 4610 6833 1458 10176 11366 4277 4021 10271 6752
402,4623 4621 4620 4615 4622 4619 4618 4625 4617 4613
403,4628 4633 4631 4629 4630 4632 2462 354 4627 704
404,1163 2539 4635 4636 1275 4637 2483 3380 7329 6791
405,4646 4648 4647 4645 4650 4652 4649 4655 4651 4653
406,4666 12330 4667 11366 9210 13406 3474 9208 2904 9196
407,4668 4669 5710 5709 11566 11366 5708 990 2556 5711
408,4671 4672 14720 14719 13947 7384 11366 7967 13793 14721
409,4675 11366 3055 10715 8999 611 4426 53 2820 13885
410,4682 4685 4684 4683 4676 4677 4686 4680 4679 4681
411,4689 4690 3443 4132 4687 4688 4692 1136 4691 2873
412,4492 4376 9688 4487 9687 807 763 542 3922 11838
413,4698 4701 4697 4170 4696 1699 4699 4702 4706 4705
414,3121 4711 4712 13579 13582 13580 13583 13581 1105 3124
415,4713 4714 4715 4719 4718 4716 4717 1541 9571 8274
416,137 4720 4722 4721 4724 2480 4723 4305 5209 5816
417,4727 4728 7849 6584 7842 11982 7713 6930 11981 7845
418,4730 11366 3055 10715 8999 611 4426 53 2820 13885
419,4733 4734 4737 4735 4732 4738 4361 4739 930 4731
420,4741 4742 4575 11366 9139 9616 13057 562 15172 8238
421,4743 10996 4077 10993 11348 12915 5846 11351 10630 10989
422,4745 4746 4749 4747 2982 4748 1269 2894 11421 8015
423,4751 4752 4754 2947 4753 11366 15171 4955 4964 4967
424,2271 4759 4262 1418 4758 1569 2319 3711 3181 3016
425,4765 2294 4200 2366 4767 4768 894 1732 4766 3097
426,4772 4773 4774 4775 4776 3386 4779 4777 4778 1960
427,4781 3525 4782 7661 7665 7667 7666 6180 1513 5715
428,4784 4793 4786 4783 4795 4794 4800 4798 4802 4785
429,4810 4811 8956 11679 11674 11682 11677 11678 11681 11675
430,2607 4812 4814 4813 184 3398 3219 3397 798 1392
431,4817 4818 3110 4819 4061 4820 9336 9335 8961 9333
432,4821 4822 3771 4824 4825 4823 8287 3710 5014 5068
433,4827 4829 4831 4828 3363 890 1083 2751 1060 4830
434,4835 4834 4837 526 529 4838 4839 4836 4840 538
435,1751 4852 4859 4858 4860 466 3262 4854 169 4853
436,4874 4873 1657 4875 4877 3034 1687 2775 2692 4879
437,393 401 402 398 397 400 396 394 395 11366
438,4895 4904 3238 4903 4900 3343 4894 4893 597 4890
439,4915 4916 4912 124 3331 4918 3496 4342 4917 4914
440,4924 12318 12709 46 4925 11366 12343 7775 2057 7372
441,235 234 4499 3396 4928 4927 4476 4931 1020 46
442,4371 4935 1764 4376 8357 13391 4372 2400 1910 8613
443,4936 4944 4945 4938 1022 4927 2008 4942 4941 4829
444,2770 4950 4949 8583 8579 11366 11932 9972 7110 9458
445,4955 4958 4959 4960 4957 4963 4954 4967 951 4952
446,3108 3111 4050 4972 3109 4974 3819 4975 3544 1014
447,122 4983 4984 144 4990 2539 4987 4986 4988 135
448,4996 4995 4994 12202 8718 12166 14518 3375 10136 8019
449,4997 4998 4999 5000 5002 3366 89 5001 4158 3553
450,5006 5005 5007 5009 5008 5010 11366 3055 10715 8999
451,5055 5057 5048 3208 5051 5018 5052 5056 4269 5040
452,5086 5085 2066 5084 5082 5081 1653 2222 4825 4223
453,4729 5098 5096 5099 5097 5100 4384 2285 3273 11366
454,5101 5103 5102 5108 5105 5106 5109 5110 5112 5113
455,5115 11366 3055 10715 8999 611 4426 53 2820 13885
456,3245 5121 5122 5116 5118 3167 5119 5117 5120 2703
457,5128 5125 5127 5124 5126 5129 12558 8868 5931 11997
458,5160 5154 3129 5162 5071 5158 5150 5133 5146 5130
459,5181 2714 5182 3557 4085 15240 2713 12781 9440 2678
460,4021 4369 5185 5184 4090 753 1657 4372 1458 9937
461,4038 5189 1461 5188 5187 5190 5192 5193 5191 1620
462,2699 5196 5197 14423 11366 2705 9091 2695 4465 3524
463,5198 5201 15125 5200 5199 5202 9404 5939 4800 9403
464,4033 5204 5160 3129 6079 5154 5205 1603 5133 3922
465,5214 5211 5213 5212 3319 3329 5217 4979 1649 3339
466,26 5223 5224 5225 7992 11366 9985 3734 9677 5837
467,5232 5231 5230 5227 1740 5228 5229 3449 1741 15038
468,5236 5233 5234 5235 3526 5237 7371 12433 11882 9901
469,5239 5242 5241 5240 5238 11366 3055 10715 8999 611
470,5243 5245 5244 5247 10927 10928 10925 10923 10926 5248
471,5250 5251 5341 13918 13543 505 2423 391 11366 2954
472,5252 5253 5254 5256 1886 678 5255 13954 14624 12594
473,5260 1799 10405 5159 15161 15162 11366 4267 568 4306
474,5263 5262 1601 5265 2944 4425 5264 4274 2657 5174
475,299 1492 5272 5273 5276 5274 37 5277 3792 5278
476,2268 5282 4273 2272 2292 2279 2280 2273 11366 2271
477,5285 5284 3950 1897 5286 5287 1177 7805 13857 13875
478,5289 5291 5292 5290 5293 4409 5295 5296 5294 2830
479,2492 3019 5310 5311 5306 5149 5307 3136 5308 1994
480,5318 5320 5317 5319 9962 2624 6431 7472 8255 9961
481,5321 1391 4224 5322 5323 5324 467 9045 2159 5117
482,5326 5327 5328 3482 1882 5330 5329 13002 3568 13054
483,5333 5334 3794 2901 1979 11366 6632 10323 2895 2900
484,5335 5336 5337 2673 5339 5338 13903 7777 9764 5471
485,3384 3385 5342 11999 12000 11995 11998 5432 5429 7823
486,5344 2824 1533 11366 10741 5999 13635 6571 13339 13926
487,5346 5347 5348 5349 13799 8993 14414 7695 5772 1088
488,5356 5355 5357 5352 5358 5353 5354 576 8968 11665
489,2139 3428 5359 5360 5361 3550 436 11366 3427 4826
490,626 5377 5378 5379 5372 5375 5371 2169 5373 5370
491,5390 5389 3359 5387 5388 5391 5212 5386 3332 5394
492,3911 253 1568 5396 4091 4188 5397 2101 3919 3922
493,5399 12300 1933 12892 12520 11366 3055 10715 8999 611
494,4937 209 4946 10704 5400 1992 11366 10697 6690 8845
495,5401 5402 4951 11366 685 295 10781 6391 3381 2469
496,5406 5403 5404 5407 5405 5408 147 9681 4356 6938
497,4992 4908 2470 5410 5411 2482 4823 4891 4878 3237
498,5416 5418 5417 5415 5419 5420 1752 711 3043 4228
499,5423 5425 5424 1611 874 5427 5426 1484 3529 3453
500,5428 1249 12555 2414 2421 2422 12554 12556 18 12553
501,5429 5432 5431 5433 4202 427 3384 1405 3117 5430
502,5439 5442 5443 5441 5444 5445 5440 5446 4407 1153
503,1826 2996 5447 5448 4139 5450 4414 5449 10199 6807
504,5454 5453 5459 1104 3770 5457 5456 3352 5462 5455
505,991 5463 5464 5467 5465 5466 13363 13362 993 4867
506,5476 5470 5469 5479 5478 5484 5472 1668 5481 5482
507,4183 5487 5489 5490 5488 3042 5082 6689 9169 595
508,5492 5493 13549 5494 13719 1897 13941 13934 6393 13550
509,5496 5495 11366 3055 10715 8999 611 4426 53 2820
510,5497 5499 3909 5500 5504 5498 5503 5501 5505 5502
511,253 2702 4547 5507 3396 5510 1749 5511 5509 5508
512,5513 5514 5515 5516 1131 14159 3395 7324 11366 15163
513,5518 5519 5520 14581 11366 14204 14222 14424 14380 14379
514,5523 5524 5526 4816 5525 660 5527 5528 5329 465
515,5532 5530 5534 1140 5529 5535 5448 5533 5536 1148
516,2774 2758 4366 4201 2779 5546 1570 5544 5539 4213
517,5554 1254 5555 344 416 638 5556 2795 5557 5558
518,5561 2309 7814 774 11366 4963 5988 13933 6357 10529
519,5566 4644 4642 5563 5564 5565 4641 4646 6797 4647
520,1553 2553 5571 5568 5269 5567 2192 5573 5569 2669
521,5475 5576 481 5433 5577 149 11828 11829 11825 11831
522,5578 5579 1690 4925 466 13907 5580 12613 12615 8902
523,5582 7670 5583 7677 6271 7201 5146 6765 7481 7472
524,5585 5588 5589 5587 5586 2331 3913 587 5590 5591
525,5592 5593 1836 5594 14356 7053 1401 11366 9210 7246
526,5598 1940 5597 4750 5600 5603 5605 5599 4747 5602
527,937 932 5606 5608 5607 2081 5609 927 958 965
528,5612 357 5615 5613 5616 5617 2266 5620 5619 5614
529,5626 5627 5628 11366 12310 1134 6140 8902 13400 12613
530,4983 5636 664 5629 5631 5630 2688 5635 4848 5632
531,5299 8747 14054 6325 5176 14052 10360 10358 13851 11366
532,5649 5646 5645 5647 5644 5648 5643 5658 5656 5659
533,5665 5666 12592 3545 13894 12195 3344 9492 1098 4928
534,5667 1773 5669 5668 5670 5671 10988 1774 1770 1772
535,5675 5674 1337 4386 5676 1360 1748 11894 12387 10565
536,5679 5680 5434 5681 3515 5683 5682 3101 782 177
537,5684 922 5685 648 642 11037 13581 13580 13583 13582
538,4688 4132 1011 4133 4687 4134 5688 5687 5686 5447
539,5691 5692 5693 5697 5694 5696 5695 13218 12088 11366
540,5698 5701 5702 5704 5705 5699 5703 5700 1654 12718
541,4668 5709 5708 5707 5710 3886 990 5711 569 5712
542,5721 5717 5722 2589 5718 5720 5719 741 5723 2763
543,5727 5726 5731 5735 1402 5734 5682 4090 767 5729
544,3532 5499 2064 190 13057 3293 3839 189 3531 2461
545,5747 5746 5744 5745 5365 5750 5749 1273 5751 5752
546,5757 5758 5759 5235 12603 553 11366 1247 11384 8918
547,5762 5765 3719 5767 5763 5761 5764 5766 5769 5768
548,5772 212 5770 5774 5771 5773 10232 13522 13054 13799
549,5775 5780 5776 5631 5777 5781 5778 5779 644 3028
550,5786 5787 7000 11868 13784 11364 12641 3177 9345 3178
551,5789 3467 4558 8067 11366 9322 9527 3607 9273 6985
552,5791 6045 4764 5992 5792 5987 1065 5990 11690 5993
553,5797 4099 5796 5799 5800 3137 5794 4339 271 2857
554,5806 5816 4916 5209 4915 5807 5803 5805 4640 4898
555,5841 5847 1136 5842 1145 5840 1146 5843 5844 2884
556,5850 2221 5851 11157 7393 11366 3055 7403 10715 5596
557,5856 5870 5855 5861 5868 5866 5867 5869 5873 4331
558,5879 5883 1175 5878 1674 5881 2633 2405 5882 5880
559,5891 5620 2723 5177 1329 586 11546 6630 3995 6631
560,5862 5811 3286 2993 5894 1760 3342 5893 2736 1075
561,5895 5896 4964 5897 1753 4710 4595 3982 4073 9228
562,5908 1466 1465 1464 5901 5906 5900 5912 5910 4517
563,5936 5924 5930 5944 5943 5931 5939 5925 5932 5949
564,5957 5958 745 5956 2309 885 5959 5961 420 5960
565,5963 5965 5966 5968 5967 762 3125 5964 5970 1596
566,1341 1340 3499 249 6536 5580 9712 7624 606 5510
567,5974 5975 5973 5977 5976 5979 5972 5978 3681 280
568,5983 4709 5984 1366 4518 11414 11412 11411 11413 10024
569,5992 5987 5990 5988 5175 5791 5993 5991 5994 5177
570,1534 1529 5998 2614 5999 6001 2820 6000 5344 2742
571,578 1957 618 6002 5324 3213 46 612 11366 7182
572,6009 6007 6006 6010 6011 6008 5677 9506 11835 7606
573,6031 6034 6015 1450 4762 5655 1612 3222 5211 6032
574,5073 5072 5034 5065 5067 4366 6047 6051 6018 161
575,1416 6054 6055 1684 5416 1458 1417 3341 493 1401
576,4748 6059 6057 6060 6058 6061 684 14048 14047 10220
577,2133 6063 11366 6064 10138 4269 878 6422 6418 1569
578,4687 4132 4688 4138 1317 3083 11366 11724 7057 1719
579,6068 6069 13631 11413 11414 11411 11412 11366 337 7640
580,231 5638 6070 13950 11366 9190 4504 229 13406 6979
581,6072 6071 6076 6073 6077 202 6074 6075 4350 594
582,6082 6081 6080 7873 7870 7874 7871 7872 3125 7369
583,6083 848 11037 11036 9778 7248 12872 1732 11366 8690
584,5598 6092 6091 5272 6087 6093 893 4195 752 3514
585,6096 6097 1898 6180 5729 7886 9292 7887 2451 6182
586,6099 6100 6101 13996 8757 8212 14665 14773 2095 13433
587,412 5997 1471 6104 2186 3863 6103 5837 1473 4294
588,3556 1238 3557 1239 11366 6221 9981 4764 6045 4
589,6112 3983 3883 3750 6108 6110 6111 6113 3277 5727
590,6121 6124 6120 6123 6122 6119 11236 12484 12198 11239
591,6126 6003 6127 2231 665 6128 31 160 5 30
592,6130 6131 6132 1765 6133 1282 15018 2163 5650 9894
593,2680 3029 3938 12192 2714 983 12193 10129 10617 9081
594,1374 6137 6138 6136 4890 6139 4903 8252 7563 2018
595,4912 3312 4918 12921 8260 9222 3727 4921 4342 3331
596,3602 3692 679 6142 4830 9210 11366 3584 8240 12153
597,6144 6145 4458 5463 9956 6524 9155 6525 2254 11366
598,6149 6156 6153 6152 6148 6147 6154 6151 6150 3636
599,6158 11660 11661 7884 7885 614 6512 604 11336 11030
600,6161 6169 1253 6164 5445 6167 6160 6165 6166 6163
601,5396 6175 4000 6176 6178 6177 2772 9974 1103 2101
602,6180 6182 6186 6184 6181 4781 1700 6096 6185 6183
603,6195 6199 3145 3396 6196 6197 6200 6193 1620 140
604,6203 6204 6206 4877 6205 6207 11244 9985 9425 5760
605,6218 6219 6213 1650 6215 1682 4475 4184 6208 6217
606,6224 6225 4749 6226 6227 14817 14816 14815 14818 9776
607,6229 6230 6232 6234 6233 6236 6231 213 1567 3814
608,6256 6239 6249 6188 6258 2983 6252 302 6250 6259
609,5801 3876 2151 5794 9981 5797 5452 9987 4099 5800
610,6268 6269 15089 12417 14398 13927 8211 6276 9112 12276
611,1673 1712 6271 994 10943 1678 1675 876 7941 11872
612,6272 6291 6283 6292 6278 6275 6289 6287 6279 6273
613,6293 6294 4532 6295 624 774 6296 246 12546 4281
614,6297 4068 5894 6299 5600 6298 1844 2723 6173 15231
615,4951 5825 295 3378 6300 3381 2469 5828 3371 6301
616,2482 2221 5813 3350 6304 86 2524 2551 5806 9222
617,6310 6307 6311 3806 6308 6313 4158 6312 5279 6316
618,1565 1564 6374 9273 1577 9527 9322 7420 11213 5974
619,1861 6320 6324 5689 6321 6322 6323 310 4597 5686
620,4583 6328 4581 6331 6327 2831 636 6330 6329 6049
621,6338 6339 6341 6337 2144 6344 6340 5362 3342 3604
622,6350 6351 14802 13339 11366 13325 14124 8831 9761 4356
623,917 6354 2594 965 927 958 933 953 957 940
624,1011 4596 1145 1146 1136 12378 9537 2628 10751 11351
625,6357 6358 211 318 8455 4555 5894 8456 6672 5988
626,1278 6362 6361 6363 1778 6360 1320 1779 4060 9192
627,6370 2467 4190 6369 5739 6371 6373 5090 6372 3218
628,2356 1019 2248 1250 5061 9334 7877 1057 1046 543
629,6377 6384 6385 6378 4774 6379 6383 324 3169 6380
630,6388 6389 6390 6391 6392 12516 13373 3547 12918 1053
631,6395 4272 1176 6396 6398 6399 6397 10109 7536 4273
632,6405 6403 6404 6406 6407 6402 6408 1302 3908 1304
633,2614 6414 4514 1529 6416 6415 3465 2814 11556 12583
634,4508 6425 6422 6418 6424 6359 6420 6429 6430 6419
635,6431 6432 6364 2624 9962 14283 5317 7472 8255 4574
636,1617 1618 235 234 1622 1619 1621 1620 4976 1052
637,6438 6440 4250 4195 6442 890 4507 6049 6436 4241
638,6446 6447 5449 9750 9852 11366 9850 1357 10991 2376
639,6454 6450 6449 6455 6456 6452 6458 6457 6460 6461
640,6464 5654 5652 5653 6463 6465 6466 348 6467 737
641,5135 458 6469 4639 5487 2509 6470 6054 6471 10676
642,4161 3233 2808 50 1608 6473 6056 4480 5177 5195
643,6492 6480 6505 6509 959 907 6481 2654 6504 6506
644,6530 6524 6527 6529 6525 4938 6526 6520 6523 6518
645,6534 11366 3055 10715 8999 611 4426 53 2820 13885
646,6536 6538 2969 6539 6541 6545 1341 6542 6298 6540
647,4357 6548 6549 8028 3261 7967 9838 8786 4074 1327
648,6554 1913 6552 3081 6550 6551 1914 6556 2399 6555
649,6566 6560 5837 6563 5223 6561 5838 1297 6558 6562
650,7 1303 6568 24 14398 1 1134 11366 13367 14587
651,6569 6570 6571 6572 14271 10822 14273 6634 6041 5589
652,2445 6574 6575 6579 6576 6578 6577 5816 3227 5806
653,6582 5147 6581 6584 6583 2013 5160 3129 5154 14575
654,6588 6585 6586 2645 6590 6587 6445 4490 6295 810
655,3527 3376 764 3943 873 1203 775 4248 9317 4263
656,4366 3185 6592 6593 6594 2768 3206 6595 772 1568
657,6598 1237 2723 6597 431 9648 6986 8534 2724 11366
658,6602 2167 6600 6601 6599 2857 11604 10468 11419 11605
659,6612 6611 5486 6607 6609 6619 6616 1979 6610 6603
660,6627 6630 6631 6626 6628 6632 6629 4465 1110 11546
661,6633 1453 734 3773 6640 1570 3985 6644 6642 6637
662,6662 6665 6666 6653 6656 6661 6655 3652 6664 6659
663,4368 6669 11366 14207 7475 3055 7476 7484 1117 4932
664,211 4555 5894 6357 6677 5684 6672 6675 5359 6678
665,341 973 6686 1600 351 2221 345 346 343 8220
666,595 5489 6689 5488 6157 6690 5490 6688 3039 6471
667,6697 6693 6696 4017 1229 6694 1428 6373 6546 1512
668,6147 6156 6700 6702 6701 3354 6148 6149 6153 13645
669,3076 3078 6703 3077 3079 6704 2870 2890 3075 11057
670,6709 6720 6712 6715 6724 6723 6721 6722 554 6711
671,6728 6729 4595 9210 4466 8677 10584 3474 9208 12247
672,6732 6731 4013 950 1855 11468 4012 8914 7707 762
673,6735 6734 6736 6737 6733 6740 1015 6739 6738 3415
674,6743 6744 14411 13551 15141 13023 7662 5288 354 11366
675,6747 6745 6746 11366 3055 10715 8999 611 4426 53
676,6749 104 6673 3908 1804 4080 2266 11366 13903 3055
677,2005 6750 6751 5917 632 5904 11366 633 2002 3775
678,4771 6753 4200 6754 6025 11366 10453 10389 9063 9067
679,6758 6759 6756 6757 2971 6760 6761 14037 11442 6917
680,6762 2960 3199 6763 751 6765 6764 6580 3926 2287
681,6771 943 952 934 6770 6772 6501 6774 4309 6773
682,6776 6778 6779 6777 6775 6184 6783 4281 6780 6782
683,2221 6786 6787 1128 6788 6790 6789 2238 2227 622
684,5564 4641 6794 6797 6793 4648 4646 6795 4594 5563
685,6800 1429 6801 2235 6802 3909 4477 8961 9501 7277
686,2996 6808 6807 6804 4604 2997 6805 6810 6811 6806
687,6697 6812 6693 6813 4017 6694 6696 1848 1856 5184
688,6814 6815 949 6816 3548 3163 13664 2407 7090 677
689,6818 1890 6819 1871 4897 4985 1869 1911 11425 2801
690,538 4844 531 6820 536 14808 534 537 532 533
691,6821 6822 6824 6823 5053 697 167 6825 133 4182
692,6827 444 6830 6828 1570 6826 3728 6829 3361 472
693,6835 2931 1263 2918 6839 6837 6838 6836 4787 563
694,6840 6845 6841 6843 6844 6842 6846 13688 13689 13686
695,6364 12737 11802 9192 12728 11366 7081 12732 12736 6847
696,6848 5584 6850 6849 6851 5884 3151 823 10502 10501
697,6853 2211 3225 420 4218 11366 14896 8961 8607 414
698,5779 5398 2757 592 6860 6858 4131 4006 597 2349
699,404 6866 6867 9791 1166 11366 12426 2820 9784 405
700,6878 6875 6871 6872 6874 2661 6873 2955 6088 3871
701,4031 5540 6676 4251 3185 5858 4366 3453 5028 3208
702,6883 6885 6884 12923 8032 15131 11366 9233 6252 1788
703,6894 6892 6903 136 6904 6902 90 6907 6906 6905
704,4208 6918 2770 832 1071 6919 1899 694 1434 4258
705,6922 6921 11366 3055 10715 8999 611 4426 53 2820
706,6925 6926 3469 5637 4922 6927 6928 4894 119 5484
707,6937 6934 6938 6933 3133 6935 6936 3950 6932 1388
708,6947 6945 6948 6950 6951 6944 5603 5877 6949 5600
709,6962 6966 1966 6961 3932 2704 5040 2053 6959 6960
710,6979 4258 6986 4121 6974 6985 1968 6442 925 3099
711,6989 2815 11366 12301 13701 13960 1529 14150 14183 6001
712,6991 6992 4515 6993 11162 6370 9689 459 13455 8810
713,5194 6995 12786 13671 6990 11366 15095 14328 14325 12271
714,7003 4643 4642 2936 1434 7004 2151 2792 5030 1427
715,7008 7010 7007 7009 7011 4990 2483 3497 4875 14010
716,7013 7014 7015 14445 12803 12632 11366 9308 9307 3055
717,4952 6769 7020 7017 7019 683 7018 1028 6345 6114
718,7029 7024 7025 7026 7023 7034 7027 7032 7035 7033
719,7036 7041 7037 1389 7040 7038 7039 4950 6970 7042
720,6445 465 7044 7043 3839 11366 4240 6588 4490 3037
721,7047 6263 4834 7046 7048 185 4993 4992 821 2488
722,7050 7051 7052 7053 4850 14356 15000 11366 5592 10264
723,7061 7060 7074 556 7063 4331 4142 7068 7066 7075
724,4956 225 7082 4955 4958 14635 4952 11366 4967 4963
725,7084 11366 3055 10715 8999 611 4426 53 2820 13885
726,7085 9436 14726 13541 13044 13545 13459 13543 13544 13542
727,7087 4553 3588 6399 1104 11699 7989 11366 5541 9314
728,145 4776 7089 10966 157 5453 132 121 123 11366
729,6432 7093 7092 3085 7094 7097 4599 4403 2881 7098
730,7103 5978 7105 6163 7104 6159 1169 7106 4964 7951
731,6196 7109 7110 6195 14482 11366 6199 13025 6193 140
732,7127 2142 7119 2125 7120 7126 7123 7116 7111 7114
733,3377 88 3899 4637 6973 7138 7137 5825 5217 4913
734,7139 5452 39 4979 3546 3543 1602 2297 3544 3545
735,3598 385 3470 11176 9909 742 9899 9925 9901 9905
736,7142 4056 2663 1635 2662 9357 9338 8897 8214 2796
737,3764 250 1990 7143 644 1989 2689 1688 7145 7144
738,466 3937 685 7149 433 6445 787 686 462 1902
739,243 3931 3240 10797 5624 3243 592 11366 247 3244
740,2720 2697 2799 7151 3281 3324 3355 3358 1251 3303
741,3021 7159 4426 7154 7123 7127 2507 7156 7155 2206
742,7161 7164 6612 7166 7163 7165 7167 7171 7162 3997
743,865 138 10143 869 10144 882 4868 880 875 11366
744,3969 7176 9035 10806 3455 8793 654 8796 8797 2032
745,1367 4307 7177 7178 7179 7180 7134 13952 7132 7116
746,7181 7182 2321 1957 3149 7308 7312 7307 7323 13649
747,5586 6348 3881 2215 7183 7184 677 732 7185 3943
748,7191 7190 985 7194 7195 7188 7192 7189 1093 7196
749,7199 7200 11366 3055 10715 10186 8999 10187 611 4426
750,6939 7201 953 4354 5511 4802 3852 3285 2858 5952
751,7204 7203 6319 6585 7208 2954 7207 7206 7209 7205
752,328 7213 7214 1660 5483 1677 5882 1873 5477 9333
753,5845 7215 4596 4599 7216 10999 10993 11351 4743 10994
754,7219 6355 14884 13693 14882 14883 14401 9808 14368 11848
755,7221 6704 3075 11057 6324 11055 10956 11056 3077 12237
756,7223 7228 7224 7225 7227 7226 15056 14713 15057 4816
757,7230 6303 9768 14620 13842 9767 9766 9764 9765 14621
758,7232 7231 4027 5740 3168 7233 873 11366 14540 2250
759,2791 6755 7237 1458 7236 7238 4889 10588 2803 3562
760,7240 7239 5755 5728 7242 7241 2067 4859 1638 7244
761,4920 7247 4454 2739 9222 4919 896 8260 11366 4912
762,1873 6465 7202 1988 7250 4836 7249 14648 14649 14651
763,7251 7252 3793 7253 13036 6319 7255 3647 2082 14520
764,7136 7258 7257 5710 7256 5979 5909 5337 7260 7261
765,1739 7271 6222 2300 7268 7272 5681 7273 7269 3987
766,6934 4721 474 2078 679 7282 4377 1334 3301 7283
767,7286 2767 748 4206 6014 3556 3203 4 7287 7289
768,7292 1473 1471 7938 7942 6778 12720 3422 10408 11366
769,7300 7294 2512 3680 154 7298 7296 7295 7297 6907
770,7312 7307 7308 7324 7325 7311 7323 7318 4558 187
771,1345 3892 7333 7334 3897 11366 5589 4357 4356 9761
772,2452 7335 446 7338 370 7337 611 7336 3676 228
773,2466 7343 7342 6365 7345 7344 4071 7347 6729 7346
774,7349 7351 7350 7352 12564 11968 4065 10610 4670 4701
775,7355 7354 7353 7356 6265 6058 2143 4489 7357 5885
776,7358 1916 11366 3055 8011 8010 8017 8008 8015 8022
777,7360 6042 2760 728 7363 7362 7361 6445 5134 7364
778,7367 7368 4088 3741 7370 1540 37 2282 7369 7372
779,7375 7376 916 7378 7379 7381 7242 7377 1180 7382
780,7384 2217 2810 7385 7386 7387 4712 7388 7391 7389
781,7393 4346 7395 7394 7396 7397 4495 2742 12027 15038
782,7401 7253 11940 11366 11568 11772 11637 12138 13385 11372
783,7404 1778 1319 6362 1779 11348 4606 4060 6363 1320
784,7405 7406 1844 7407 6528 2594 5657 4563 2427 6246
785,1236 3116 4269 7043 7420 462 5315 5724 7418 6644
786,6364 7425 6707 1826 7426 1777 2869 9192 11802 12737
787,611 6471 618 634 10893 11483 7428 11484 12051 6016
788,7433 7431 7432 3295 5947 6186 7434 6133 7435 6708
789,5613 7438 4864 7437 6813 90 3738 1410 2556 8449
790,7440 7441 7442 333 7443 7225 2068 11269 15085 7736
791,7447 7445 7446 3189 1492 3204 299 11168 1458 1410
792,7450 5599 7449 7451 7448 2887 9386 9379 9382 9376
793,7452 3903 11366 3055 10715 8999 3899 3901 611 9041
794,1517 7453 7455 7454 6909 5869 3055 2719 5108 5103
795,1188 7458 7459 7456 3817 2188 809 7457 1212 1061
796,1892 7467 7466 2013 1891 10624 4926 9500 2368 13630
797,1549 7469 9287 9288 1480 2670 3040 1133 11366 4550
798,7475 7471 7473 5799 4932 7476 7484 1117 7481 6988
799,4346 6154 7490 6151 6153 7492 7491 487 6152 6149
800,6463 2706 6671 3973 4789 6650 15046 12752 6464 13124
801,7355 7493 7283 3368 7353 5096 13757 7354 3593 6265
802,7494 611 1618 7497 7495 235 7314 3213 7496 5859
803,3824 5452 7499 3830 3832 3828 3833 14314 657 14215
804,3042 7509 3305 7502 7512 2478 7511 7513 814 842
805,7517 7521 3851 7520 7518 7519 10152 11408 9154 9617
806,715 7377 2313 1573 33 211 7382 11366 7376 7375
807,5179 7524 7525 7526 6543 7528 3591 6494 4465 7529
808,7535 7537 7534 7541 7542 7540 7536 5114 5884 7539
809,72 7545 7547 7546 80 94 12057 73 76 15240
810,7550 7548 7549 2523 10140 7465 5281 742 56 11366
811,1867 7551 6472 10636 3479 2245 10649 11366 9878 10650
812,1827 7553 2377 2376 7072 1823 1825 1824 4135 2866
813,4895 7555 7557 4903 4908 7560 6101 7559 7556 4882
814,7567 2981 7568 8412 13536 5382 13534 5900 2394 5842
815,5609 2081 6768 4189 1474 6490 7569 2225 195 4978
816,7573 6779 7575 7576 5375 7572 7574 7571 6484 6228
817,7578 7577 7579 7580 11914 15074 10171 744 11366 4191
818,7582 11366 3055 10715 8999 611 4426 53 2820 13885
819,7584 7586 7585 1700 6549 7249 14613 14614 6183 6180
820,7591 7595 7603 7594 7601 7597 7599 7598 7600 7602
821,7611 5074 761 9402 6961 2987 810 8073 11366 7210
822,7615 7612 382 6453 2214 3622 7617 6830 7618 7614
823,7621 6153 7622 11789 11670 11827 11906 1623 2809 10711
824,7623 7624 7625 7626 7627 7628 7342 7629 11054 15058
825,7631 7632 13598 13596 13599 7633 11366 13061 15000 7610
826,7636 7637 7638 7634 7635 1595 7639 7640 7641 7642
827,1675 3290 7644 7645 1250 2827 1626 148 226 2750
828,3760 6559 6024 7646 1972 1966 6019 1495 3751 1035
829,7648 7649 7650 14039 7643 6165 13655 10253 7651 10254
830,7654 4087 6472 10636 1486 1652 599 7618 10887 7617
831,7657 4530 7656 7658 1416 4529 14266 4526 4525 11979
832,6963 6036 4189 1968 9294 11326 219 6961 1424 4258
833,7661 7667 7665 7666 5715 4781 7664 5597 7662 7663
834,7668 1375 7811 9500 7933 6157 7814 9508 2727 9506
835,7670 5146 7481 5582 6765 7201 7677 6271 3193 7472
836,7684 7685 1741 1740 2834 7687 7686 5607 2304 7249
837,648 4395 7688 10177 10172 11366 4405 664 11272 8574
838,4132 4687 4688 4138 12071 11366 9753 9302 3083 14758
839,1002 1011 999 1862 1005 11366 1001 1012 1000 1004
840,7690 11366 3055 10715 8999 611 4426 53 2820 13885
841,7692 7693 4152 6723 7791 8527 8528 8529 2402 5468
842,7694 6333 7695 5346 4282 11534 11366 3157 10499 9939
843,1418 7697 1569 1394 2067 6821 3310 873 3697 6822
844,287 7700 7699 281 9105 618 10347 2700 6005 11480
845,748 1645 6799 6194 1408 5117 1437 11366 5095 10348
846,6 7701 7702 24 7905 7907 11268 5332 1 5
847,5763 7706 7707 7705 7708 7710 7704 7709 6500 9832
848,7712 7713 4728 7714 7715 14723 13045 11846 14724 11983
849,686 873 7717 7716 624 466 7718 5719 8716 7719
850,586 1191 2415 11366 882 5986 5891 10840 11316 10507
851,7419 7721 3209 7722 7723 4239 7724 5538 1259 1229
852,7729 4024 7732 2544 2541 2527 3402 1420 2511 7156
853,4653 4660 2804 7735 7736 4663 4650 4649 11370 11368
854,6624 6615 7743 7742 6299 7740 5522 7741 7746 7744
855,7751 7750 7749 7752 3677 2170 10973 10674 7565 4984
856,7753 7755 7754 7756 8508 12313 1343 10723 12314 9760
857,6889 7765 701 7758 7759 4199 4370 7763 3904 7764
858,7772 7777 7769 7771 7773 7770 7459 7775 6585 7774
859,7780 7781 9353 9352 7782 9347 9360 5308 4812 9359
860,3085 1003 1318 9969 4617 7784 10854 10856 11889 11366
861,7794 7790 7789 7788 7792 7787 7786 7793 7797 7795
862,1329 7243 819 7798 2535 1573 8756 11294 11366 8945
863,2898 7802 7803 7801 2728 2895 11845 2904 10105 2902
864,2266 1804 6749 4080 3908 15023 2264 2267 357 2265
865,7806 7807 12402 12792 12401 7165 5395 5706 12400 11792
866,7808 7814 7813 7812 2269 7809 7811 7518 7810 7668
867,1861 4138 2874 5689 7817 2875 4599 4403 3845 7818
868,142 4189 2985 7820 545 7821 9160 3514 11366 7973
869,1955 7824 6790 1954 1956 1950 1951 1953 11366 1952
870,7826 7827 7828 9156 7005 3427 9668 14170 939 11366
871,7829 6406 6407 8330 8342 8329 8332 11740 8333 8328
872,6149 6154 6152 6157 6153 7833 5740 214 4496 1505
873,7842 7841 6584 7843 7849 7845 502 7846 4727 7844
874,7850 11366 3055 10715 8999 611 4426 53 2820 13885
875,7857 7856 7854 7858 5295 7859 7861 7853 7851 7864
876,7874 7870 7873 6080 7872 7871 3125 7369 6081 6082
877,7875 7876 4861 11366 13598 13599 13596 14859 3055 7610
878,7882 7894 7891 7879 7884 7890 7885 7883 572 7893
879,6861 1056 1079 3529 6985 3115 7042 4146 1836 4182
880,7905 7907 5002 5 4029 6 4175 7909 6051 3545
881,7913 1401 5592 4175 1836 7246 1410 1432 9247 1458
882,7916 3908 13907 7293 7917 8214 2662 11366 8637 14947
883,7919 6052 7918 6042 7920 6399 7921 5053 7335 919
884,2996 4604 6807 6808 2998 7094 2997 9641 9635 9637
885,6588 7926 7927 1048 6590 6586 6585 3102 6587 810
886,7928 7538 5580 7930 7929 836 5167 511 10691 6386
887,6085 3088 353 6074 11366 7884 5598 6091 11661 10231
888,7942 3422 1108 3426 7941 7944 7947 7943 7938 7945
889,576 2447 5105 7953 7952 6312 2407 10257 5204 12048
890,7954 5606 3811 5290 6813 805 463 778 12540 4469
891,3182 7956 4187 7689 6064 7959 1977 6254 4422 4841
892,5902 1607 7963 5206 5908 1466 12047 5910 1464 5906
893,7965 240 7966 12758 12759 6468 11366 9481 9780 11867
894,2249 7968 2363 780 8196 2078 2352 1093 2247 9253
895,7970 1414 7972 7971 5202 799 7969 791 7973 792
896,5325 7976 7977 7978 6187 7936 3821 11616 11617 12590
897,7982 7981 7983 5485 7984 3401 3984 12402 12401 3889
898,7985 9327 11774 7721 3489 11773 11366 3055 10715 8999
899,5171 6774 7018 7986 7987 4309 684 7543 14830 230
900,2069 7990 4553 7991 7989 7992 3194 7137 7139 3345
901,656 2023 297 13161 7805 11366 654 653 8573 4261
902,5972 4383 7996 7997 5502 3468 5974 4382 4764 15191
903,7998 5920 8001 2172 8003 6838 7999 8000 8002 7518
904,8011 8017 8015 8008 8010 7202 8034 8022 8013 8032
905,8045 2195 2326 6471 3928 8046 10704 811 6690 1071
906,8049 112 8052 8050 5311 2806 168 8053 8051 6263
907,8054 8021 8055 11307 8456 11366 714 1122 1119 12948
908,5021 5408 8056 8057 8058 2560 3862 5055 5406 5048
909,8060 11366 3055 10715 8999 611 4426 53 2820 13885
910,8064 8062 8066 8067 8061 2260 8063 2674 8070 7389
911,6277 8072 6291 6292 6283 6272 6282 6275 6285 6273
912,810 7611 832 833 5888 3939 12306 11300 8769 8073
913,1568 143 7420 8654 2756 3258 9388 4002 1455 7413
914,8075 5634 7231 14663 9352 11201 11366 5808 2805 13432
915,8076 8079 8080 3745 8077 8078 7739 2746 8084 6587
916,8092 5560 8094 8098 8091 8097 8096 8088 8095 8087
917,4858 3552 8106 8107 1869 5218 4399 5930 11582 11581
918,8108 8110 8109 14590 14196 3551 11366 2669 3171 13409
919,5506 8125 8132 8121 8135 6533 8117 8130 3951 5259
920,3500 8146 12516 13373 6390 6322 11366 12918 12573 5752
921,8147 8148 11366 5679 7628 3055 10715 8999 611 4426
922,8154 8155 8157 8149 8151 8156 8160 8162 8163 6740
923,4384 4729 5412 11366 3055 6475 5469 5476 5470 4096
924,8169 8171 8173 8174 8175 270 8172 8178 5291 6765
925,2036 8179 306 8180 2005 6677 8181 2039 8615 5957
926,8187 3986 8184 687 8185 8186 2749 2460 4214 5092
927,8189 2111 23 1697 8190 1500 9259 4634 11366 8804
928,8191 4011 9986 10495 9520 10493 10492 9130 1102 10498
929,7838 8198 8197 8196 8195 1270 2330 3631 8194 8199
930,8206 8204 8205 8208 8207 8209 7172 1942 6503 274
931,8210 9280 995 14666 8389 13728 14667 11372 9124 5413
932,8211 8212 6099 4655 6798 7444 8213 8214 7916 2662
933,8217 5389 5390 5391 5387 5212 3332 5392 5393 5394
934,3805 6217 7915 3643 6214 2044 8018 6107 8219 6580
935,8220 5152 8222 2769 8221 1643 8224 3768 3675 6211
936,8226 7042 6942 4775 3109 6750 12856 13908 12286 12818
937,8235 8230 8231 7641 8236 5905 5907 5354 7642 8234
938,5753 2447 8239 3692 8240 4217 12918 9340 12516 5752
939,8241 6971 5343 8242 4346 3541 3526 10173 6979 9531
940,1083 1687 1042 14518 3375 11366 1501 11298 1060 1043
941,3251 2556 1290 49 9099 3865 13436 9097 9487 2718
942,2514 5637 5996 8246 4902 3379 8247 2495 2186 8248
943,8250 692 5802 14572 14575 12340 11047 12478 12477 12476
944,7570 8251 1112 9500 3751 12398 12393 373 12394 12396
945,8254 8253 8255 4778 3407 5568 11703 9889 12795 12799
946,678 5256 8256 8257 8259 8251 888 8258 5252 5254
947,8262 11366 3055 10715 8999 611 4426 53 2820 13885
948,3927 8263 2298 8264 3914 3929 3919 3912 852 3922
949,8279 8291 6405 8284 8261 8267 8285 8289 8282 8276
950,1993 3418 8301 4085 9301 9304 216 9298 1587 10974
951,8306 7287 441 8307 8196 8305 8242 5203 3361 1016
952,8311 8312 8315 8301 8313 8314 11366 7393 12062 10172
953,8316 4447 5570 11366 4448 3055 936 4446 10680 14353
954,4707 8317 8318 7878 2861 8319 12925 12827 12389 5124
955,5985 8321 6290 8322 7436 6272 6292 6291 6283 6289
956,7961 1387 8323 8324 5759 7249 11326 11366 11337 5583
957,8332 8329 8328 8327 8333 8342 8331 8330 8343 8336
958,8346 3316 3301 3380 8347 8348 2510 8349 8350 337
959,1796 126 8352 6381 6577 1419 10601 8449 11758 466
960,8355 8353 8354 441 8356 7205 1362 9288 9782 10488
961,8357 8359 8358 8360 9449 9450 9452 9455 9454 9453
962,8361 140 8362 611 2149 14880 3973 49 829 151
963,8364 694 4485 219 3634 209 8365 3609 2055 12430
964,3055 8367 1490 8369 8368 10544 9899 3461 3159 10342
965,8371 3938 6854 5768 382 4695 5765 9700 7479 3495
966,8373 12303 8374 10632 11701 9275 10633 2650 11366 3242
967,8375 7525 11366 3055 10715 8999 611 4426 53 2820
968,4848 8376 4428 1935 14680 1191 5632 4433 4435 4432
969,8384 8380 8379 8387 8388 3786 8381 7747 8385 8378
970,4057 4058 8392 4056 11164 9012 13451 13818 11163 8638
971,8394 6769 8395 11366 7020 7019 4952 3055 7018 683
972,7533 5114 7534 7535 7537 7542 7541 14289 7536 4585
973,5185 7646 4369 10548 4884 3547 1633 1294 6388 2786
974,611 10893 11483 11366 6016 11484 12051 14621 8303 3213
975,2685 5468 5138 3112 578 8397 2708 2713 2678 2698
976,8400 11366 3055 10715 8999 611 4426 53 2820 13885
977,2329 8401 8402 8403 1701 1626 7021 870 1049 871
978,8414 8419 8420 8425 6567 8412 8417 8406 6935 8424
979,1856 8430 1857 6586 1848 1841 1819 1843 1849 1842
980,8431 7822 8434 8432 8433 10297 10306 10302 595 10308
981,8436 8435 8438 8437 12218 8746 12221 12220 4546 1920
982,5261 3794 8439 6632 6413 12028 14894 13577 4439 7953
983,5808 8441 1819 5806 5924 5930 5816 5936 5044 5178
984,1347 4071 6441 8442 8448 13197 9222 13198 8260 7280
985,8443 11889 11348 5845 12644 4413 10075 10099 8608 7058
986,1216 6440 8449 3528 1906 5100 189 4237 6813 8446
987,5988 6357 8456 8455 6012 466 8457 5561 2317 2322
988,8474 8475 52 8470 8466 15274 15273 12054 8465 8468
989,8476 8478 8477 7016 4605 11703 10191 11002 4133 8164
990,3811 2309 2755 1875 11366 764 883 7957 10974 5561
991,7324 7325 100 2808 15215 15211 11060 15213 7307 15212
992,7246 5828 8483 8481 5392 812 6055 3329 8484 3913
993,8486 5554 8487 2833 8489 8488 3897 10866 9761 4356
994,5386 3339 3316 5392 3329 10006 3325 8481 5214 3756
995,8495 8498 3005 8494 8493 8496 8497 6590 3795 5804
996,8502 8501 8500 8503 1290 2192 6522 2579 4959 2124
997,3953 5213 8506 8301 8507 528 5360 4295 4836 1742
998,8510 8511 11366 3055 10715 8999 611 4426 53 2820
999,1308 8512 5968 7416 7415 1112 3323 5145 4748 5736
1000,8513 8514 14083 5163 11366 11857 13955 6806 3055 10093
1001,8515 1894 8516 5945 1441 1519 4223 11637 1895 7378
1002,8517 4809 8518 8519 1877 13583 3893 13580 13579 1105
1003,6050 8520 8521 7717 4859 5962 5719 586 2752 8522
1004,690 8523 2334 3298 8484 3302 706 682 675 3282
1005,5998 2742 11366 2614 13339 10127 14007 2820 1529 8526
1006,4152 7693 6723 7791 8528 8529 8527 5468 7781 926
1007,2932 1903 4283 7462 1748 4789 8530 704 6029 8134
1008,2294 8533 2067 12359 8418 3642 3931 2290 13033 1430
1009,6986 1237 6979 8534 6974 4258 4121 6985 6442 2994
1010,8537 8539 8538 8536 8540 1725 4401 8541 1011 11801
1011,8543 12 8545 8544 5559 14 11 15 13 12091
1012,3949 8366 3344 8547 4938 3706 3354 438 997 5002
1013,698 4470 1458 6833 3498 10176 11366 4021 804 849
1014,8561 74 8562 3031 8388 7082 9770 3803 6823 2986
1015,1092 8573 8569 8570 8564 3957 6466 8571 4397 4572
1016,8579 8583 7110 3013 8582 8584 8586 2770 4957 8578
1017,7518 5913 7808 7998 7809 3851 8278 13197 11601 13198
1018,8452 5834 8310 6409 7344 11366 6205 8283 9041 5056
1019,305 3183 8600 8593 2034 330 2046 3417 8601 8602
1020,8615 8611 6117 8610 8609 5957 8612 5661 1335 4084
1021,5142 8618 6210 8620 4185 8619 7514 8521 4871 8622
1022,8630 8632 8633 8625 8626 8624 8635 8637 8628 8634
1023,8639 4441 2242 11366 10922 3055 11960 10702 11741 6047
1024,8642 4702 8641 8643 5430 4854 11580 13054 11581 11582
1025,3079 3078 3076 10626 3075 3077 6703 2870 2616 11366
1026,2182 8244 8645 8646 1703 3480 10071 2171 2179 2178
1027,8648 6949 3038 8650 6172 8649 6478 3027 11366 6947
1028,8654 7420 4209 3696 8652 7288 4213 1568 8653 5538
1029,3139 7340 8659 8661 5247 8660 6033 8662 163 8371
1030,2560 5027 2722 3044 3043 4634 4863 11366 10123 10536
1031,8664 24 8663 8185 689 13383 12993 14788 11366 1
1032,8665 2118 2003 8666 2578 4126 3618 594 8667 3923
1033,4188 241 8672 8673 4243 1419 11366 6045 4764 14676
1034,7872 8674 8675 7207 7870 7874 7873 2346 5969 6080
1035,6728 9210 8677 9208 5640 3474 9196 6533 10584 12252
1036,4928 8678 7363 8546 6340 1600 7270 5163 2234 2054
1037,8679 8681 8682 7652 8683 8684 8686 8685 8680 3858
1038,6087 8689 4179 228 4178 3514 9089 2278 482 4496
1039,8691 2044 1061 8693 8692 687 13555 9488 13553 1458
1040,8694 4082 7896 8040 8696 8695 8697 7470 4030 3582
1041,4659 4658 6799 4661 8701 8700 2615 14402 8702 4647
1042,8703 1569 3015 3697 1452 3711 784 5552 4235 176
1043,2587 8705 9210 12306 3710 11366 2589 9196 9208 14093
1044,8706 8707 13086 13096 13097 13098 13089 13087 13062 13095
1045,8709 8710 8711 12114 11366 6417 11559 7022 11558 11557
1046,8717 5833 5066 6368 1591 1217 662 7912 5153 2319
1047,392 8722 8721 8724 2026 1621 2128 7153 8723 7926
1048,8725 10187 13195 11366 3055 10715 8999 611 4426 53
1049,8726 8729 8728 8727 13355 3465 405 11366 2820 2742
1050,2040 4 5066 10391 2039 6794 2034 4911 9344 10060
1051,8733 8736 8738 8739 8735 8734 8737 5929 1737 14217
1052,8741 4212 4825 7507 3707 8744 3322 799 8743 5585
1053,6325 5299 8747 8673 14054 8748 1419 1404 15032 361
1054,8754 3232 4874 4873 8750 8752 4833 8554 7192 3231
1055,5277 8757 7794 1492 7793 299 7786 7787 7789 7788
1056,2667 7562 418 8758 7558 4895 6279 7555 11366 11202
1057,5229 1740 5232 5231 5230 5227 5228 7684 8760 14127
1058,8765 8764 849 2937 4477 6040 6366 816 8767 2098
1059,8773 8772 8774 8771 8770 5136 11887 11366 12523 13639
1060,8775 7004 5488 8288 1686 6198 184 3104 6020 2168
1061,8779 7962 8640 2355 3257 4805 11088 10504 4265 7492
1062,8780 1670 14036 6722 6371 14997 13612 8964 13037 13740
1063,8781 7211 8782 304 8783 7835 1396 7238 2897 149
1064,8784 7944 6500 8785 8786 6501 6626 6750 6728 6773
1065,1896 7878 8788 7166 7165 7887 7894 7882 5486 7892
1066,7657 7137 7929 2163 2072 8791 8790 6983 757 2069
1067,2142 81 2125 2032 8793 8796 8797 15230 7123 8800
1068,8807 8804 8803 8806 8805 8810 8809 3882 8811 8808
1069,1661 8813 8812 8814 4965 8815 2989 8838 10517 8570
1070,7257 7822 7136 7258 769 8816 3916 5710 5979 5909
1071,7294 8817 6252 7300 11915 11366 11917 2959 7298 5562
1072,6856 8146 7683 5804 1733 8818 590 2225 1972 6959
1073,5883 11600 11601 3777 910 7998 5878 7612 5480 1603
1074,3602 8823 3584 6135 11366 11866 8665 7454 9091 3865
1075,8627 3011 3012 8624 3010 8825 8625 8633 8626 8630
1076,8831 8826 8732 8833 8834 8829 8827 3779 8835 8828
1077,6383 5851 6266 2253 732 8800 8836 13580 13581 13579
1078,8839 5265 8841 8840 8843 8842 7519 11779 10177 10172
1079,3998 611 7377 2675 8846 7373 2497 3118 3995 10408
1080,8847 8848 1863 8849 8850 13713 9752 14269 1709 5672
1081,248 8851 6574 8986 244 12372 8606 10063 497 480
1082,8664 7334 24 8185 689 8663 11366 7293 11270 7333
1083,4026 414 8859 8856 4318 433 2000 8855 4870 6305
1084,6694 5074 6222 7207 8864 1766 6215 8865 452 8659
1085,192 8341 8869 204 200 194 196 11366 205 202
1086,8871 8873 8872 2185 8874 611 14240 5375 13933 11481
1087,8877 503 1975 2780 8878 8875 6044 5547 8879 7435
1088,4852 1751 8882 4853 4854 4851 4849 4860 4850 4856
1089,8884 8885 8886 8887 5402 3387 12878 2280 6699 13987
1090,8893 8888 8889 5372 8895 2599 3929 8894 8896 6105
1091,6624 7742 7743 6615 6781 4534 6165 8900 8901 1894
1092,1532 8904 6351 8905 8906 8907 4515 11112 3465 13234
1093,8910 8908 8911 8912 8909 8913 8886 11693 5942 11366
1094,8881 8927 8929 8930 8920 8924 8916 8915 8919 8923
1095,7280 847 5436 8366 5760 8939 8954 8640 8955 5550
1096,2278 8200 1242 8962 4383 4382 8963 585 1516 1734
1097,4793 6117 6257 6685 2267 8965 5353 8496 8968 1936
1098,417 2752 8973 8972 4370 5028 1256 4378 1960 8974
1099,8976 3888 2600 8977 11581 11580 11582 9508 5106 8091
1100,4238 4194 4251 3712 4248 3710 4245 4235 4227 1587
1101,7554 6809 8159 8980 8981 8979 8982 4407 2875 4139
1102,5858 3528 6979 5855 5856 5870 5861 189 5424 6974
1103,1494 8987 8989 7486 8986 244 272 480 2740 4725
1104,8994 2809 7417 7696 11789 11906 11827 7621 1623 1283
1105,8995 6013 180 11366 5016 11745 12002 7918 9152 5507
1106,6286 5329 9021 8506 9023 9022 9004 1274 9006 9012
1107,9038 9043 9042 4907 4431 3230 4548 1072 4326 9041
1108,1739 5558 8655 4162 9044 7270 7280 7268 2300 13784
1109,776 6439 5032 7044 9045 7506 6958 3203 7971 454
1110,6444 7392 9047 3386 5323 2227 5084 9049 9048 9050
1111,9055 9053 312 3221 624 3611 464 4350 2949 581
1112,9059 9060 11366 13886 3055 1949 10715 10559 10483 14529
1113,625 4488 6030 9066 9065 9067 9068 5029 596 3188
1114,1780 1320 9192 4060 1319 6363 1321 1779 6362 2375
1115,9071 688 9072 1191 10704 11361 1992 10706 8845 7710
1116,9073 8761 9074 8710 9075 10722 12842 10723 10721 10725
1117,4874 4873 4875 5425 7133 6998 3232 1657 8754 1296
1118,1536 3721 9076 9078 9077 9079 8215 1537 6015 3722
1119,9081 9080 9082 5411 2304 12192 6870 10617 10129 12193
1120,912 9083 9084 927 958 965 933 969 940 959
1121,2158 895 9095 4259 5927 511 1668 9096 4253 8448
1122,9100 9101 10429 14010 7556 15133 9798 10428 13620 7009
1123,576 5204 7108 1222 9103 6781 1662 11604 11605 10468
1124,9105 9114 9109 9117 9119 9116 9113 3312 3571 9107
1125,9122 2291 3111 559 3581 319 11200 10702 11366 7282
1126,995 9124 8386 7868 9123 6713 2953 8210 3242 704
1127,7259 9127 1947 9126 9128 8885 8035 9659 13799 8029
1128,9132 9130 9131 2585 9134 9133 5234 2048 12995 5859
1129,9136 7653 9137 9138 12684 10757 7650 2840 11611 14181
1130,9140 6195 2713 1063 3749 9141 11419 13799 6385 14626
1131,625 9144 9143 2067 7697 5552 4756 15260 12178 6596
1132,9145 9146 551 10 11366 3055 10715 8999 611 4426
1133,3933 109 391 5774 7709 2223 2217 2247 2252 3743
1134,8961 9163 5658 9156 2002 820 4204 6767 1980 9162
1135,9172 9174 13488 9173 14673 14671 14672 13956 11577 11366
1136,9175 9176 9178 5617 7960 9177 6217 9179 5676 434
1137,2485 9184 3236 5789 9186 6985 4887 4992 9187 9183
1138,2476 612 2475 3281 3324 3289 2471 3305 3325 3295
1139,9190 231 7658 9189 8027 1631 8007 14257 13950 8008
1140,1779 6363 1319 1320 9192 1780 6362 4060 2375 4606
1141,9210 6533 2904 3474 9196 4466 9208 9217 9216 2197
1142,5339 9230 9232 6266 9229 9231 8966 11446 11445 9404
1143,9235 9236 9237 2378 10365 10366 6361 2376 9745 11366
1144,9238 6877 2981 6724 3778 13428 7455 9960 11366 1886
1145,2856 4126 2844 2854 5123 2279 2850 2853 9890 986
1146,9245 9243 9240 9244 9247 9246 3965 9242 1735 2418
1147,9256 13925 14021 14020 6278 3569 13364 11945 13614 11428
1148,9257 11366 3055 10715 8999 611 4426 53 2820 13885
1149,1819 5663 8643 3643 6860 7618 2019 1209 2051 8755
1150,202 9277 1516 1193 9278 5140 6072 6532 191 10434
1151,9280 6335 9279 3357 8210 2922 5814 2499 2536 154
1152,9287 3040 9288 1549 2670 1133 4550 10898 4118 4117
1153,4446 4048 9291 9290 7615 4428 9289 8055 4836 4448
1154,9293 9294 7206 780 3269 750 3918 1968 762 7619
1155,9298 9301 9304 1587 9302 4006 4262 1450 9316 2202
1156,9320 4853 2794 9321 6514 8280 5004 64 9400 6310
1157,9325 9326 9324 9323 633 3855 4083 802 9327 1557
1158,9328 9329 9333 9332 9335 9330 9334 5761 2327 7213
1159,7738 9361 7298 9354 9357 8897 9338 7142 9356 5313
1160,9367 2595 10263 11366 6358 14669 3500 10264 12800 3610
1161,9369 9368 11366 3055 10715 8999 611 4426 53 2820
1162,9371 9370 4799 3858 4404 10304 9169 10297 10307 7430
1163,7234 9373 2017 9374 9375 335 8977 9372 2015 12724
1164,9378 9379 9381 9377 9383 9376 9385 9382 9384 9386
1165,7716 3055 11366 2159 12855 10540 11480 12169 9681 8498
1166,7338 507 1981 5981 4217 4194 3292 4201 1230 5539
1167,9394 7796 5248 8647 8612 9393 9392 3086 1119 9395
1168,9396 2338 5069 9397 7327 7189 2721 4725 2938 2159
1169,9400 7432 9398 9401 9320 9399 502 3996 9161 3214
1170,7611 7210 9402 5074 11366 2987 6961 761 810 8073
1171,5198 4800 9404 9403 5939 2632 15125 5201 5200 5202
1172,9408 9413 9416 9411 9415 9419 9417 9414 9420 9418
1173,9423 5441 7748 4552 10897 11366 5442 5439 5443 5440
1174,9424 6919 14985 11366 1204 4176 11630 11310 3152 1386
1175,423 145 441 3518 11366 497 14602 10704 14601 172
1176,9428 2584 9426 9427 7290 3163 5630 5055 12583 5057
1177,9430 1271 6128 8404 6336 6003 14381 14970 11366 13018
1178,9431 7086 9434 9432 9433 12902 15025 5792 11366 4284
1179,466 8719 7816 6682 251 8623 662 4926 2368 5888
1180,8509 9440 9437 2301 6518 9438 7410 3683 2858 8550
1181,6394 9446 7542 9444 9445 8784 2867 5877 6649 3814
1182,9447 9448 4071 5292 1281 9388 9569 1433 2459 10439
1183,9452 9450 9449 9453 9454 9455 9451 8359 3490 8358
1184,8705 6020 6826 6343 8219 4789 409 2750 4940 2765
1185,169 165 149 4857 123 11366 4854 2262 5719 2479
1186,1735 2356 543 1046 4221 4950 9458 6955 2770 1763
1187,9460 11366 3055 10715 8999 611 4426 53 2820 13885
1188,9462 9461 9464 9465 4722 929 9463 8069 5110 3589
1189,4704 9334 9477 772 541 4205 9471 9476 5061 1057
1190,9484 9485 9482 9483 436 2851 3147 5610 9486 8319
1191,3744 1027 9489 9494 6927 6678 4029 7921 9493 4922
1192,4900 4990 9498 9499 4899 3380 4901 4992 3524 3836
1193,9507 9506 2727 9500 2463 7933 9508 4786 3875 7811
1194,1878 2415 9510 11353 11979 3849 2201 9869 9874 13110
1195,4378 8137 6699 1810 5493 5506 8130 5259 8129 8121
1196,9512 11366 3055 10715 8999 611 4426 53 2820 13885
1197,9513 9515 9514 9516 2981 11366 3055 10715 10757 10311
1198,5283 9517 1467 7235 8926 7841 11745 12014 3755 10482
1199,9520 9523 4456 179 9521 9522 9270 9526 9519 9524
1200,9529 5162 2468 8764 1022 785 2062 3370 9530 9045
1201,5017 5655 5663 5660 1606 1444 9531 9532 8604 1688
1202,9533 6129 10059 15036 2243 8986 11098 7630 8175 8174
1203,9537 9538 6742 9534 402 1007 9539 9536 5873 5843
1204,775 796 790 3224 2762 11366 833 827 814 749
1205,5604 50 6952 8675 6235 2281 15172 13057 11047 94
1206,3261 431 9542 9543 4551 5287 7910 14932 4357 11366
1207,3213 3119 8417 9546 9545 4502 1869 871 7494 13827
1208,9549 9548 1358 9550 9547 9551 9553 3774 3517 2879
1209,9555 3894 4700 14730 1115 2978 14731 14593 11366 3582
1210,9558 4594 9559 4644 4642 9560 6795 4641 6797 11209
1211,8485 9562 1407 8943 8364 4166 1550 9564 9561 8559
1212,8252 7557 2018 9571 9573 7563 817 9574 9568 6137
1213,1153 5689 4693 10957 1149 10950 10949 10947 1142 1139
1214,2764 2309 11366 139 871 494 3281 3324 3293 11314
1215,9583 1384 9585 5133 9587 7460 5831 9579 9584 9586
1216,9061 1241 863 2460 853 1504 9592 423 6983 3971
1217,7515 9593 5286 9594 3939 5888 8769 12306 11300 9621
1218,5809 4910 2963 125 9595 4341 150 5806 5816 4898
1219,9599 9598 9597 9596 9600 6384 9483 6337 9601 9602
1220,9605 4890 6684 2359 5727 5682 9603 9604 2722 2276
1221,9510 8497 8259 5461 9607 12861 14850 14740 8257 11366
1222,3862 3762 1236 6019 1235 230 10636 3758 6472 3757
1223,9610 9509 9611 9317 4263 1130 7046 6316 5664 4153
1224,2708 9612 5949 540 1422 8015 8010 8017 8011 8008
1225,1806 9139 9616 9363 5094 7439 1917 3101 9618 3947
1226,9621 9620 9622 6639 1508 9150 9623 453 7515 277
1227,395 9624 9626 5848 396 4139 9625 2733 6555 7091
1228,9633 9637 9632 9630 9631 9641 9635 9634 9627 8267
1229,1943 5342 9648 4972 3351 1237 3109 1281 5423 3385
1230,3825 9649 646 12539 11682 11679 11678 11677 11674 8961
1231,9650 7567 8059 12148 13763 1937 6262 7745 14378 11366
1232,6699 5402 8884 3875 9651 7931 9162 8290 3135 9652
1233,1852 9655 7689 9656 586 5664 1707 3672 4169 6687
1234,5934 8396 5924 5930 11468 5936 8279 8292 11366 5949
1235,9658 5174 9657 9470 4523 585 10046 353 10047 10048
1236,8372 5156 7543 7943 6854 7945 9661 7260 8010 8015
1237,9662 1915 1914 9665 7064 8165 9663 5671 4693 9664
1238,9667 9668 2279 12962 12961 5123 10180 986 9890 376
1239,9676 9671 9673 9670 9677 5526 9678 9674 8481 8304
1240,2864 9682 8550 5246 6646 1460 11986 7171 10899 7056
1241,8199 3028 12688 12202 5784 3521 13808 8718 4996 11366
1242,9684 7337 7389 4492 8794 9686 4487 8069 9688 8804
1243,2144 9691 9690 5764 340 3507 9692 9694 9693 5766
1244,3963 9695 5950 3538 9696 8063 5219 7496 1267 3969
1245,4019 6949 6616 1896 4022 2463 9507 9508 9506 4786
1246,2397 8128 17 9698 2899 8474 2394 2384 2383 2382
1247,9700 5303 9705 9704 3999 6691 4443 9701 508 9707
1248,1341 9712 1340 9714 9713 606 5510 620 7624 4189
1249,2762 139 8304 6997 7995 195 2778 895 6194 2772
1250,9716 9717 9189 9718 9550 2910 9190 9549 1631 7658
1251,8668 9719 6791 11971 11366 5555 11388 11389 5410 6652
1252,9726 9727 9728 9729 9730 9731 9725 9724 9735 9732
1253,9747 9748 9745 1158 9756 6741 9753 8540 9750 9746
1254,9763 9761 9760 9762 9482 9759 1909 8508 4356 12313
1255,9768 9764 9767 9765 9766 867 3832 7230 3833 9771
1256,924 9777 9778 3153 9779 927 965 958 918 931
1257,3598 7732 2516 9587 9909 9899 9780 3159 11176 9905
1258,9785 9787 9782 9783 9788 245 9786 9552 9784 11860
1259,2484 3318 9109 10738 3302 13273 2558 3349 3359 186
1260,8375 7525 11366 3055 7524 5179 7526 10715 4465 7528
1261,641 7748 9790 14612 6509 10353 10349 10354 10352 14823
1262,9791 9792 9793 404 9794 6867 13422 13625 13354 13851
1263,9796 9798 9797 5334 10757 5656 10311 10428 10756 2647
1264,2012 4347 60 9800 7926 8512 9258 5279 4503 3657
1265,6251 7934 9803 5157 6783 9477 9804 7940 8036 6253
1266,760 7239 5755 9811 854 4221 14357 2279 9890 5123
1267,2613 8212 9812 1543 2746 2612 9813 5629 1129 9814
1268,7989 6304 4984 13582 13583 13580 13579 13581 1105 1288
1269,9820 539 9821 3772 4164 218 3047 9817 9818 937
1270,4274 4275 9823 1467 9824 2420 9825 3651 3859 9826
1271,4124 9828 9829 8613 4129 4125 9830 4128 4130 9126
1272,9833 9839 9840 9338 7575 9006 9837 5800 6061 2907
1273,9844 9845 6566 9847 9843 573 8657 7851 9846 9072
1274,9849 611 7310 3909 6176 9954 11366 12865 3602 7303
1275,6705 2869 9194 4134 4036 9852 1357 9851 6446 7057
1276,9855 9856 7206 11366 2983 6161 13640 3055 6499 10715
1277,9871 9872 9870 9868 9867 9873 9859 9864 9866 9862
1278,9876 9877 7454 3584 3027 3031 4166 3024 3124 8922
1279,1136 1145 1146 9537 10751 1144 1725 9538 1150 11366
1280,9878 8753 5948 1736 2416 2336 7279 9561 3303 3353
1281,9879 8239 966 9880 961 938 4589 967 12761 12946
1282,3868 3287 1399 14831 14832 3867 3871 3870 11366 4989
1283,319 9122 7282 9881 3581 6802 971 321 327 307
1284,9529 2939 6964 5060 3217 9268 9885 858 9883 1685
1285,4233 790 9156 4214 4248 4221 9166 4096 8961 9711
1286,6912 5725 3195 1641 764 7514 162 3678 3811 8465
1287,1415 2077 2075 9888 5035 8766 1440 9343 6381 6870
1288,9890 9414 9891 2279 5123 986 9422 376 7861 7248
1289,9892 9893 9894 4576 9220 9895 13879 12945 11366 15107
1290,3959 5070 5132 2270 4865 3043 5275 3044 4634 383
1291,9899 9923 9909 7372 3461 9907 9926 5574 9586 392
1292,8305 5940 8599 9933 659 2597 9934 314 3749 11300
1293,27 1239 31 30 323 128 1384 5133 9252 6858
1294,6529 3440 5404 9938 4163 8549 9944 930 4234 9941
1295,9949 9948 9952 9951 9950 8382 9025 13515 13997 6100
1296,5078 9953 6899 3160 5079 9911 7371 5255 2066 7372
1297,9497 874 9955 1192 1613 1512 8482 8932 9954 8931
1298,5607 5463 2254 9956 6144 9155 6524 6525 3533 13342
1299,1320 1779 9192 6362 1319 6363 1778 4606 4060 1321
1300,3055 9957 7116 10982 11227 8369 11184 7125 108 8370
1301,9959 9958 9814 9960 5329 12695 8238 13400 12696 11716
1302,9962 2624 9945 5317 6431 4574 8255 9961 1726 7472
1303,9963 8145 9964 9965 1554 8414 10165 11366 8406 2161
1304,9967 9968 9969 1709 5129 1151 5667 1711 11366 2893
1305,9970 10502 10501 3273 14905 10500 9931 6848 9218 10504
1306,9971 8002 5319 2923 7808 1387 10154 13465 13469 13468
1307,2268 6093 4800 2272 2292 2273 2280 2279 6091 11366
1308,2770 6629 9972 1164 4950 8579 8583 11366 6627 11932
1309,9335 9985 9983 3919 9986 9987 9980 9979 4491 8955
1310,9992 3627 1088 9993 5607 5824 7118 3619 3973 4898
1311,9924 9909 9899 9133 9905 5567 9900 2120 3159 5574
1312,4631 4585 9997 9316 9999 5969 59 9995 2902 9998
1313,10000 3644 12930 1795 1792 13255 12931 12217 12214 2984
1314,10003 10001 6772 10002 5898 1861 11793 6289 6274 282
1315,10004 3756 5214 10006 4986 4981 10005 6200 5386 9094
1316,10007 1607 5505 10008 10009 2391 1713 10010 5703 5384
1317,10012 244 14771 14045 9770 10230 248 480 4122 497
1318,9922 10015 2146 69 1919 10016 392 2026 6890 10017
1319,10022 10021 888 8936 4242 253 10024 5733 7633 10023
1320,10025 10026 541 8796 14863 14656 552 5382 5842 12188
1321,10030 4277 4610 7963 6752 10033 5158 6839 10031 10028
1322,10035 5620 1889 5380 8025 11366 3055 10715 8999 611
1323,10038 10037 10036 11314 10039 11309 2803 11308 11307 11312
1324,8808 2816 8806 5193 14328 8807 13635 10733 12501 15210
1325,10044 10042 2655 3853 10043 4023 6103 8052 571 9442
1326,7496 3732 10045 8622 3963 2457 2763 7494 8615 12563
1327,10046 10047 10048 10049 10051 10052 2288 5174 10050 563
1328,7687 4834 10056 9896 10057 10058 3651 8440 4860 14628
1329,10060 10391 4772 14382 10061 9344 2040 4911 10225 10289
1330,10063 10062 7209 4837 419 248 7203 7204 497 11041
1331,298 6684 3256 6686 10065 3023 7385 3627 2319 1491
1332,9562 1192 2758 10066 1202 4818 2754 7423 6258 8485
1333,10070 10068 10069 10074 10071 8645 9625 10073 9437 10067
1334,7282 10076 10077 3551 12775 12778 10877 12781 12771 12772
1335,10081 10083 8276 8812 10080 10079 7227 10084 10082 2662
1336,671 672 10089 10090 670 10091 10087 5868 10074 10088
1337,10092 13593 7043 11270 9936 13591 3210 11366 421 3393
1338,264 1556 262 261 4023 1263 263 11366 1555 9764
1339,1850 881 5089 9427 5163 1843 1842 1849 1841 1853
1340,923 10093 342 7627 8514 959 958 965 6720 927
1341,10094 8224 7347 2657 1250 8220 11082 11366 8222 8006
1342,6280 10095 6292 14816 14815 6291 6410 9776 14818 14817
1343,8808 14328 8806 10733 13635 15210 8807 12535 12501 11366
1344,10096 6706 10098 10099 10097 7099 7098 7059 6364 10989
1345,10101 14863 5192 10665 2475 11533 10025 6065 7048 9687
1346,345 7402 4365 7280 965 351 958 927 939 199
1347,10110 4803 6396 10109 10107 9940 2424 10108 10106 10103
1348,7482 10112 10114 7083 8220 10113 341 5960 6516 3811
1349,101 3244 15066 14898 15067 14690 15249 15068 15270 15013
1350,10117 10119 10120 10118 10116 1932 1934 2894 3426 4072
1351,7302 4966 13285 10123 12037 11366 127 3055 4955 626
1352,2324 10125 5904 632 10126 5917 14378 11366 7300 8871
1353,10129 10128 8713 10127 10130 10131 5206 5681 7685 5570
1354,10135 2292 9681 9330 862 10136 9351 2222 5661 10133
1355,10143 10141 10144 2293 10142 865 8047 1451 3911 8662
1356,10147 10145 8842 10146 10149 2426 8229 2432 4560 10152
1357,10158 10159 1489 14107 10550 9910 1497 11366 12050 10404
1358,10165 5520 2161 510 1559 662 10164 5280 838 512
1359,1622 1617 1618 1621 4902 235 234 4355 3409 6177
1360,6362 1320 1319 6363 4060 1779 4415 1778 6361 1321
1361,10177 10172 8574 6696 10170 8858 5942 10173 10175 3401
1362,10181 5161 8024 11366 10573 7609 12057 7683 8740 5395
1363,10182 1972 5054 6960 1832 8447 5040 1966 3702 4510
1364,4574 10183 7946 765 2256 602 603 5317 2624 9962
1365,10034 10185 10184 5354 575 6837 6770 6501 7808 4309
1366,10186 7200 10187 7199 8725 13195 11366 3055 10715 8999
1367,8430 1857 10189 10188 2813 10190 1856 1842 1841 1843
1368,9665 9662 1915 10191 2622 1722 6542 10192 5897 7093
1369,10194 10197 1365 10196 10195 12214 12217 12215 12216 1794
1370,1708 10198 7427 7785 6707 10199 2883 10987 1717 1718
1371,9476 10200 10201 3605 6340 10202 9978 10203 1868 3474
1372,10205 11849 6510 11366 3055 10715 8999 611 4426 53
1373,10206 4330 10207 14806 12032 13623 8314 14879 11366 14324
1374,6827 7162 4280 3134 3420 7362 9356 10211 9058 3823
1375,1028 10216 5195 10217 10218 10219 14354 11366 14737 9589
1376,10221 11366 3055 10715 8999 611 4426 53 2820 13885
1377,10182 9217 1004 10223 10222 1537 9210 2904 6533 4466
1378,6354 13394 13393 10518 7576 4545 10225 13204 13359 13378
1379,10227 10228 9363 3303 10704 9391 6211 10571 3354 103
1380,10229 2989 14724 14723 7712 13839 13942 11366 2726 5199
1381,10231 10233 6563 6400 5817 3725 8344 10234 10235 5770
1382,7939 8518 10226 7942 13704 14623 12033 10240 4169 11366
1383,6873 3033 2408 4925 8974 437 466 3419 1071 4769
1384,10242 10243 5634 10169 3862 13907 230 12696 13065 3573
1385,5047 9038 9040 12062 5055 8959 12064 10362 5057 12060
1386,10184 7527 2420 5819 10244 2413 10034 13765 10185 11468
1387,10245 665 11366 3055 7195 7194 985 6003 10715 3369
1388,2882 1146 1136 1729 10246 1145 4407 1721 2885 9537
1389,3523 665 5280 10247 3521 2786 1294 1633 1293 3535
1390,10248 5926 7701 3910 9427 3417 445 7761 1535 12815
1391,10250 10251 10252 11366 14118 3055 12626 6174 14237 10715
1392,1253 10255 6225 5783 1269 2982 9826 230 5781 1845
1393,4094 10258 10259 7767 2247 411 2274 10260 4078 15041
1394,6358 1202 9472 9924 1487 9994 10264 10263 9028 1192
1395,2990 8876 5184 3527 4147 190 5491 4146 4970 378
1396,7821 8045 107 10266 6585 1809 601 12569 12571 6691
1397,9546 3544 5766 3336 2641 2719 5764 7021 10267 3539
1398,10271 10269 10272 10270 4610 10273 7506 563 2000 1404
1399,9861 2961 4993 10274 3377 294 5825 9719 122 4635
1400,6086 5140 3974 11366 11419 13480 5095 12490 10348 10600
1401,9366 10277 10279 10280 10278 8977 7783 715 9776 14815
1402,10282 5616 4945 5731 4372 10284 4197 3792 2198 1762
1403,10285 11366 3055 10715 8999 611 4426 53 2820 13885
1404,7799 10142 3478 1836 3989 439 209 11904 10143 143
1405,8934 10286 10287 9823 15139 15140 12484 4274 4275 9824
1406,1673 2114 755 1678 1675 10943 6271 11366 9676 9671
1407,2074 10289 10669 8415 157 2073 10667 10668 6313 9560
1408,2105 8601 11817 6218 11551 12430 6219 11818 4934 6576
1409,5143 9283 5158 2417 7346 3129 5154 5160 9442 5130
1410,2963 10291 3214 5096 10292 10290 5750 8480 1880 5097
1411,3510 1347 10294 6142 8719 6617 3513 3968 5915 8260
1412,8933 10295 9702 4194 3120 3309 4468 11468 769 10334
1413,9169 8975 10306 7429 10296 10309 8658 10308 10297 10302
1414,1073 9039 1029 1031 9466 1044 1072 5588 1065 1096
1415,5618 8345 42 8959 3366 434 4808 4789 3190 7488
1416,559 714 1201 865 4868 1092 5954 3204 4860 11366
1417,10319 10313 10315 10317 10318 10314 10312 4529 5903 10320
1418,10323 4750 5605 2437 5598 4747 5603 5600 3794 6547
1419,10325 10324 10326 11366 10940 10949 603 10950 10945 10946
1420,10327 10328 3117 2691 1833 10329 820 10240 1568 1685
1421,2035 2684 3105 764 3625 3628 2039 1447 3638 3630
1422,10332 10330 10331 6515 1108 7671 102 11335 11331 3990
1423,2170 10334 9683 4798 178 10335 10336 10338 10333 872
1424,793 2307 4128 833 2139 10607 2107 1993 4496 6176
1425,7263 10341 10546 10342 9915 6889 3461 10551 10544 10547
1426,3387 8884 3388 2280 13987 3411 14173 3269 10051 7706
1427,10345 10344 717 10346 10343 2603 2042 14641 11910 11909
1428,7814 385 10347 149 5561 1409 3811 2309 774 466
1429,10349 10350 10352 10351 10353 10354 641 12228 6537 6169
1430,6364 7427 9192 12643 12644 11366 6363 1779 7554 9191
1431,10358 5176 10360 509 10356 5953 10357 911 3357 10359
1432,873 4385 11366 10616 1377 686 13371 149 10588 3255
1433,10363 4069 6932 10364 1762 122 10714 13889 1851 12460
1434,10366 4142 9851 10368 10365 6360 2378 4608 6320 4136
1435,10374 10378 8567 10376 10377 7764 9375 10380 10375 3975
1436,10385 10386 9612 7918 8767 6052 10387 457 5507 5011
1437,4004 6439 9259 10389 1393 3362 2301 1579 588 4826
1438,10391 10390 10060 2040 9344 4911 5269 2237 1756 7266
1439,10393 10395 10399 10396 10403 10404 10405 10398 10394 10397
1440,2663 8393 8216 8275 8215 13812 8214 4057 4056 3565
1441,3998 10408 10409 11010 2715 3995 11366 11012 505 11009
1442,10410 2823 14331 10411 13926 13575 13260 11366 1525 13329
1443,5545 8948 7503 7972 5202 1732 796 7280 8946 8949
1444,10412 5640 10875 13428 6710 10413 12901 8251 2435 2065
1445,847 9167 1768 10419 5062 10423 10276 10420 10418 854
1446,10426 8900 10425 10427 6504 7895 1714 7076 13191 4962
1447,9797 10428 9798 10429 15133 13620 9100 9796 11366 3055
1448,4789 3857 2308 4784 11804 11366 5726 6343 3925 10181
1449,6013 1055 10430 1037 9249 8346 1058 7769 488 769
1450,10431 7556 11208 12226 8378 12227 13066 11366 8231 10243
1451,1986 10837 794 5123 2279 10838 9890 986 11366 3648
1452,8990 729 4860 691 2294 10438 7341 2289 9211 8261
1453,8433 7429 10306 8431 10308 3916 9169 8658 8434 595
1454,8335 8112 10441 12576 5381 5385 8327 8331 8329 8330
1455,2519 5299 7730 2542 10662 14817 14818 14816 14815 9776
1456,10442 10443 10444 7888 2850 13368 6094 5199 11366 7882
1457,10446 10447 10448 12869 13198 13197 12867 2263 4806 13199
1458,20 17 3825 10451 10452 9068 1574 9314 6372 437
1459,8141 7253 7401 13393 13394 4276 10518 7576 4545 11366
1460,2457 9264 6676 292 4127 133 127 1836 464 11366
1461,10455 10457 3482 10456 3009 5282 2438 5327 5326 13925
1462,4740 5910 1601 7149 11998 10681 10684 11995 10682 11999
1463,2699 249 14423 11366 1385 2695 3524 9523 9500 2678
1464,3497 4906 2474 1207 3932 1112 4893 1371 7010 7007
1465,339 2689 351 343 346 340 341 7691 469 11366
1466,6760 10458 6917 11442 14037 8755 11951 84 9206 6759
1467,10460 8524 9944 640 975 2291 8670 2007 2124 945
1468,3298 4348 2913 164 2478 2221 3281 7564 3324 3326
1469,6705 9194 6364 5876 6363 4134 10461 12731 4060 1777
1470,5359 1101 2063 3300 1192 5502 3811 211 5856 5855
1471,10462 3866 5482 6695 4929 812 735 9570 1217 7238
1472,10466 10465 10463 7410 9290 10467 10464 6670 10147 10145
1473,5551 4239 9163 5981 6641 1567 7413 10470 1580 864
1474,9851 6360 1317 1357 13683 7057 12643 11787 15126 11366
1475,10475 8502 7156 10476 8501 132 10479 10477 10478 9906
1476,5151 10481 3069 3129 5160 5154 14086 11366 5162 5158
1477,3407 2575 8245 3055 10398 10482 2519 12995 9013 9005
1478,4923 10485 10137 8289 10484 10439 2099 7414 4485 3342
1479,3007 3008 3005 3664 3010 3006 3011 3004 3009 961
1480,7821 5726 6691 7901 5488 10487 4789 5489 7247 9706
1481,1362 8354 10488 9288 10489 9782 1359 1364 1363 1361
1482,10491 13312 14507 14284 11366 3055 10715 8999 611 4426
1483,10495 9986 1306 1102 9579 10496 8309 4011 10498 10493
1484,10501 10502 3273 9931 10500 10504 6848 2006 2285 9970
1485,10507 10508 8837 4774 6166 2734 882 5986 14637 11259
1486,3819 4975 4181 2715 11010 5427 4974 11009 505 11013
1487,10512 10511 2810 1990 10510 475 10515 6049 10514 10513
1488,10521 10520 10518 10519 7708 10294 7238 1016 13393 13394
1489,2428 10522 8798 1660 11366 12531 12532 6383 9501 13579
1490,10523 10524 10525 1532 6417 11366 14684 13210 14683 12584
1491,1517 3819 4975 10236 7369 5108 5102 5103 9700 5101
1492,247 5724 8717 10527 5826 485 6040 8952 3269 7191
1493,10529 10530 6816 12984 9894 498 5650 13933 10131 10128
1494,10531 8854 5951 8447 7500 4223 4769 1235 6651 1219
1495,9396 2938 7973 142 3556 6242 3253 2211 2221 2307
1496,10533 10534 11366 3055 10715 8999 611 4426 53 2820
1497,10536 7431 4426 10537 2931 7994 4427 9134 9215 7297
1498,3237 1162 4901 88 4887 10542 4815 4900 4913 3236
1499,10327 10430 1017 7189 8303 5362 10238 4831 3624 8197
1500,10355 8982 10990 12262 10994 11922 8981 12731 12376 6805
1501,10342 10341 10546 8749 10547 1018 9927 10544 10549 10548
1502,10237 10235 9221 10552 10231 10233 12592 2990 5666 11366
1503,10553 5815 7178 5011 2021 2658 13797 13607 6777 13258
1504,4596 10554 11351 12378 1828 11434 10987 10555 5686 11339
1505,1320 6361 6362 6363 1319 1779 9192 1778 4060 1321
1506,5343 10557 10150 1467 3385 5342 11366 13541 13044 13545
1507,10227 10559 6036 1738 9439 3946 3028 9391 8671 6963
1508,10560 2635 10561 5364 2634 228 7647 14147 11366 7264
1509,10563 10562 4329 4398 8768 12062 14216 1443 14217 10362
1510,1100 586 1701 10564 4207 618 10565 6434 48 2029
1511,9075 9249 10567 8704 8593 3562 9073 2746 5254 13814
1512,10568 10569 5871 10570 12807 14746 14749 14748 14747 14750
1513,10571 10572 3911 4005 1480 3601 6032 11905 9391 13143
1514,4608 10577 10575 6737 10578 10576 5451 10367 1824 10574
1515,10579 5142 9296 9177 1520 7820 10727 3941 5160 3129
1516,10581 8006 8005 10580 6771 2181 10583 10582 6770 2175
1517,1737 413 208 8719 6682 3527 466 11366 7280 3283
1518,10469 4513 10472 12095 9392 10471 1455 10908 5551 11366
1519,10588 3224 9425 10586 1591 4214 1347 1411 5756 873
1520,10589 7070 7066 8598 10590 7060 7061 7100 6123 7075
1521,3248 6649 1585 6034 6968 3041 2782 5077 3249 2709
1522,745 9943 10591 3742 5957 5958 750 5095 833 10600
1523,4381 2284 5916 10335 4795 10593 12863 13921 2272 13922
1524,149 4479 1192 4930 5549 10594 1820 3966 1214 763
1525,618 612 7716 11366 10595 2120 287 12855 8776 10914
1526,5095 10348 10600 10597 10598 9622 298 4835 3024 5993
1527,2294 846 8418 2290 9051 12359 2067 11366 7341 98
1528,3139 3276 10602 9389 7491 5568 4194 6033 1242 8371
1529,10603 10604 6793 13812 14149 13512 9021 14514 13883 6140
1530,10606 8558 4978 336 11366 6318 10288 8279 6043 3055
1531,10492 10498 2993 10495 7088 9986 4011 9579 8309 1102
1532,3358 7416 2988 2697 3324 5100 3336 3528 3327 3281
1533,3445 4532 3448 3450 3447 3451 6293 4533 3446 3449
1534,10607 3472 4286 2219 1302 5623 4128 2107 5573 8818
1535,933 8925 6591 1689 7274 8546 927 958 965 8919
1536,10609 10610 7352 8264 3838 7350 13386 13385 13387 1666
1537,5134 10611 10613 7906 4933 3202 2224 10612 1619 928
1538,1623 5994 5631 10615 7856 3028 10616 4880 1639 8743
1539,4926 2368 10624 1214 1188 9500 10621 6862 3660 3988
1540,3079 5873 10626 7215 10629 6804 10628 2996 10627 5870
1541,4744 10631 10632 922 10633 4923 6625 1511 46 2675
1542,4462 5597 5864 10635 6694 6546 10634 7429 83 3602
1543,9234 10637 715 10113 7801 4941 10638 7382 10387 11525
1544,1317 10072 7818 12643 3442 6557 13702 10748 12644 12917
1545,10639 8297 5494 8051 6311 13784 8655 12771 11819 15240
1546,7234 8977 10640 335 9375 9373 2017 9374 9372 2015
1547,2372 2375 1321 1320 2869 2379 2371 1778 4060 1779
1548,7314 7456 4485 5591 738 7494 7312 7307 7308 7311
1549,9088 6532 9030 11466 3470 514 3225 12819 11175 11664
1550,10643 11366 3055 10715 8999 611 4426 53 2820 13885
1551,10644 9521 5969 10514 2287 3854 11983 1174 12985 9523
1552,10646 11366 3055 10715 8999 611 4426 53 2820 13885
1553,10647 3837 5576 2411 8618 6227 8131 4870 10648 1329
1554,10650 9878 1064 1867 5433 5435 3967 3640 2245 10649
1555,591 3944 6880 7197 7991 10663 10665 9474 5837 6056
1556,10669 157 6625 2074 6313 10289 3772 9560 10667 10668
1557,4954 10674 8504 502 10673 2522 3309 9161 2506 612
1558,10678 203 10680 964 10679 2304 13522 13526 13169 13525
1559,10683 10685 10684 10681 10688 10686 10689 10682 10687 10690
1560,4414 6735 1826 4134 11366 4415 14105 2864 11851 11986
1561,10693 10692 11366 3055 10715 8999 611 4426 53 2820
1562,10694 10695 10085 5805 13923 12814 13924 10677 1129 11366
1563,10704 2127 103 10228 10697 8845 10703 5892 10706 7710
1564,1011 9968 2893 1776 9969 11366 11816 1862 12332 14751
1565,1345 4357 5589 2328 3619 10474 8028 11821 3261 3477
1566,4269 10717 456 9267 6135 4660 4879 3041 968 10718
1567,6854 191 1377 760 5893 9569 450 4493 4221 430
1568,6905 3104 9715 1076 2221 10391 11366 6894 7725 12706
1569,10720 5776 10010 6979 6981 4121 8117 8129 5259 5506
1570,10722 10725 9073 10723 10721 3131 10724 10726 4051 7868
1571,1826 4134 4414 10199 6705 7218 5876 3843 7427 9194
1572,10727 8445 10728 10579 2251 3103 514 3099 825 3941
1573,10730 1331 10731 13850 11366 407 13650 12747 2817 1328
1574,10733 8809 15210 8806 10734 14328 12883 14877 13441 13635
1575,10739 8271 7196 4187 5951 5813 6929 4716 2558 10740
1576,5500 7815 10621 1188 7353 1412 1069 10624 2368 4926
1577,10741 8811 5344 14577 13074 14576 14434 11366 451 1948
1578,10601 790 761 464 787 6031 1210 478 435 789
1579,10745 10744 8051 10120 6146 10215 9104 6490 8297 8049
1580,9538 7059 7072 10751 7076 10748 6905 3827 10747 10749
1581,10755 10032 8082 10033 10028 10030 12591 4022 7963 5158
1582,5656 2644 2648 2647 10311 5334 1227 10757 6478 7167
1583,9271 3385 9580 5342 7150 4980 2344 4832 175 2691
1584,10762 3748 2024 7831 2826 1103 1871 11366 1413 12185
1585,2925 10763 10765 10764 10766 8052 9442 5143 10042 6103
1586,10768 10770 10771 10772 10775 10778 10774 10777 10767 10776
1587,5180 7489 9789 3864 10779 12363 6335 14032 6329 3749
1588,388 3328 10739 377 5779 3350 371 11366 8549 3300
1589,7501 2783 543 7490 6957 2675 10780 4998 3472 3943
1590,432 5361 4020 1257 4015 497 436 430 440 421
1591,10783 10782 2276 4050 7830 8787 1346 8183 10781 9085
1592,5370 10789 344 10787 8598 10788 888 5475 8616 3637
1593,3761 4827 3758 3757 8294 5588 12395 3764 3763 11933
1594,10795 10791 10792 10793 10794 10796 2174 9402 4785 3408
1595,5624 10797 4077 6708 5625 8937 9990 243 9490 3190
1596,10801 10800 10799 11366 3055 10715 8999 611 4426 53
1597,10804 10802 10803 10805 9229 11366 3055 10715 7899 8999
1598,2881 1723 10807 5129 12736 11366 12731 14439 14438 2889
1599,10810 1665 7651 6165 6780 6886 9809 6520 8575 4674
1600,5875 4603 5854 15041 5856 14349 14350 5855 5870 5861
1601,10812 10816 10811 10817 7092 1710 10813 10819 10814 9663
1602,3055 10820 7124 7116 108 7125 8369 11184 8370 13953
1603,6018 8946 8948 1235 10823 10822 6919 5079 4 2935
1604,10830 10828 10826 10825 10827 10829 7476 6243 7475 7484
1605,4310 7144 12231 957 4267 11366 12232 9581 9742 9183
1606,10833 10834 149 10835 6202 4857 2262 686 10836 9511
1607,10840 1978 8782 8616 3280 10061 6372 2477 7299 611
1608,3614 7778 4949 6576 4978 1304 8791 2583 5504 10841
1609,10842 2433 2432 2434 2426 2419 2429 2423 2410 2435
1610,3910 4467 26 7992 2117 5926 3922 11366 5943 5936
1611,6361 9192 1778 1779 1320 6363 6362 3667 4060 10843
1612,10844 10845 12677 14679 13001 9102 11688 8085 12184 12999
1613,10848 10847 10846 11366 3055 10715 8999 611 4426 53
1614,10850 10852 10851 10849 10853 260 13061 4537 5391 10832
1615,10856 10854 10859 3085 2891 5531 4578 4039 4599 10855
1616,10861 2868 10862 8991 10864 7987 5294 10608 10863 9702
1617,5597 7172 4462 10868 5914 2045 10867 10869 1177 1864
1618,3172 10871 1474 8303 611 4817 9491 1572 1447 6576
1619,10872 10873 10874 14516 12616 14515 14412 3834 1298 2099
1620,10878 10876 715 10879 10877 10875 10790 4602 10078 8811
1621,6545 10881 10029 8966 9179 9392 10974 3811 6536 12844
1622,10882 4159 6221 10883 9981 3920 8943 3738 417 3556
1623,5589 2328 9429 3619 2721 3096 992 2360 1345 3543
1624,9900 8718 6888 10546 6889 7263 10886 10544 10887 9921
1625,1014 8552 3352 1079 5046 1112 1614 3344 1053 8547
1626,10891 2281 6233 15249 15068 15066 14597 103 13173 15190
1627,1300 3881 8439 1299 14005 12205 7293 1329 11366 15022
1628,4604 6808 9638 9637 9641 9635 11641 12256 9633 12255
1629,7847 2928 10310 5938 13181 12321 11366 7842 7849 13083
1630,3395 701 8083 9140 1081 6472 10636 3392 1652 5513
1631,495 2262 6155 4579 6201 5055 1819 485 4505 12013
1632,5191 10896 4837 6104 3520 10788 10894 10895 10897 7244
1633,10898 7685 2 6519 7904 8278 5043 3630 6644 1579
1634,4303 6005 287 10347 9711 9109 7834 11366 12667 1728
1635,5367 4605 7071 10947 10946 10942 10939 10937 10949 10940
1636,10900 9814 10901 8212 12067 14368 3563 10081 13306 9108
1637,9981 8879 10902 10473 5801 5768 921 11345 3099 3556
1638,5679 7628 8148 9210 8895 8893 5372 9196 4466 3929
1639,10904 10905 12770 11192 571 13977 1951 363 11366 10042
1640,10907 8987 10438 7855 569 4787 4570 11756 7677 990
1641,287 625 9105 618 10347 6005 11480 10516 291 281
1642,8449 10908 7502 126 4211 7920 6382 5053 10909 8836
1643,10885 8065 10139 3386 14676 601 3291 2328 10077 8754
1644,5576 8855 7681 2582 4335 3130 2457 575 3881 4870
1645,10912 931 10911 2659 1989 5784 9407 927 958 965
1646,6214 2602 1606 5660 10914 10915 4949 618 9131 486
1647,10916 10917 9374 12964 10918 12288 14600 11366 13432 4882
1648,10227 7696 7420 6211 4209 2766 10919 1568 182 6216
1649,10923 10927 10926 10928 10925 10924 10922 4967 8290 10929
1650,2459 10934 1738 8832 2215 7467 1132 2458 9447 4852
1651,10949 10950 10947 10946 10945 10957 10937 10944 10942 10939
1652,10549 2500 5234 9901 7374 2142 9899 9909 2531 9905
1653,3973 10632 6650 7566 1518 2328 10453 491 9992 8584
1654,2113 10963 10964 11825 6112 11823 11828 11829 11831 11826
1655,5453 10966 5209 2540 2755 1426 8349 3359 7969 10967
1656,10969 13689 13688 13687 13686 13034 10970 6841 12827 14117
1657,661 419 10972 1995 782 9875 3984 4031 1387 459
1658,8685 8684 8683 7652 8681 8682 8679 8686 8680 3858
1659,5172 8644 7543 5359 4090 8716 2684 1479 10453 9593
1660,1884 10976 9342 10975 10977 13247 13246 3834 12997 14785
1661,9049 8652 1654 6175 10983 197 3050 5119 5804 454
1662,5676 5199 10986 6640 9175 5678 9176 5675 9178 14116
1663,1153 8152 10946 10947 10949 10950 10945 10944 1139 1149
1664,10996 10993 10994 4743 10990 10578 10855 10989 10999 7098
1665,11003 11004 2086 11366 13822 3055 11039 3561 10715 13720
1666,3636 9978 3635 3625 3628 3630 3626 3638 6149 3622
1667,11005 6621 6623 11006 11007 6483 4753 13386 5486 11567
1668,10266 7798 8943 3387 7515 3690 3620 747 811 478
1669,11010 2715 978 505 11009 11011 11013 11012 500 11014
1670,7123 13952 7159 7127 2125 7125 108 7117 3022 9117
1671,11020 6936 13117 11366 3055 10715 8999 611 4426 53
1672,3635 11022 6066 3636 3628 3625 12558 11366 9084 5623
1673,3850 8962 11023 1645 1451 5160 5154 3849 3129 12306
1674,4336 11026 11025 11027 1904 7881 8168 1576 1769 8760
1675,11028 4627 3241 10232 7859 14218 9850 5636 11366 2446
1676,2599 11030 9781 4669 7643 8893 3929 8895 8888 5372
1677,11031 11032 11033 4174 11034 5872 7943 5157 1785 5104
1678,2129 7184 9954 8779 48 10504 7815 7804 9305 4462
1679,11036 11037 8690 5752 9778 6303 11030 9467 7248 6083
1680,2216 10440 2314 4015 3685 460 6437 1407 11366 4640
1681,2223 6383 472 2360 6341 4307 3111 992 2237 3933
1682,7054 5225 2457 11366 3055 10715 418 8999 611 11070
1683,2676 8266 8279 8271 8282 6405 8284 8276 8289 8267
1684,9071 11038 6549 9202 2912 11039 11004 10704 12971 688
1685,11047 9107 9705 11044 5457 9614 9579 2338 11043 5604
1686,355 7588 2020 7173 3890 5506 3508 11049 978 11048
1687,5477 2305 632 11050 5917 5476 5469 5470 4385 5479
1688,2820 11051 1532 11053 11052 2614 12426 1166 2465 6386
1689,11055 11056 7069 10956 3077 6245 3782 11057 10863 7221
1690,3055 3743 3933 7116 8369 11184 7125 8370 108 7132
1691,287 9105 618 10347 6005 11480 4400 9114 291 8871
1692,11058 2154 11059 11184 15215 15211 11060 15214 15213 15212
1693,11063 263 4381 2718 275 11366 4210 261 8414 262
1694,11067 11068 11065 6727 11071 3695 10139 4075 255 3720
1695,8309 1031 11072 6052 5056 3741 7510 7511 3642 1048
1696,3526 7828 11073 5046 3311 11565 14116 10636 6472 11474
1697,3090 3087 5899 2732 11074 3086 1267 11075 9838 9696
1698,11079 736 1638 828 5766 14175 2901 6060 11366 781
1699,488 10884 495 459 11366 497 812 833 827 814
1700,10716 11638 11640 6244 2654 12898 15049 4674 5352 11366
1701,5549 5422 3987 11080 2748 487 1902 8621 7902 4226
1702,11082 4645 4000 1832 8224 6178 8434 7992 4648 4646
1703,9520 9130 2348 11083 3363 11084 8191 3467 7798 8069
1704,3421 11085 7474 1226 1036 1707 6240 10785 747 6159
1705,4867 5836 991 3348 5828 11366 5394 1295 5803 5824
1706,2355 4805 11088 7207 338 8779 9157 8818 5798 3198
1707,4596 11091 4407 5435 5686 11434 12378 11351 11891 11366
1708,11092 10375 941 9 7538 6535 612 611 11366 3470
1709,1779 9191 9192 6363 2375 1321 2371 4060 1320 1778
1710,4773 3543 3544 308 14602 14601 5182 7765 11366 8944
1711,7118 6872 2457 3955 3272 7111 7114 3271 5740 2362
1712,8490 926 6296 925 11366 958 8329 965 8342 8331
1713,10149 11093 11095 11094 10147 1997 11096 3350 10145 10146
1714,10031 10746 13592 6773 10028 10033 5158 9401 7963 10030
1715,11106 11100 11103 11104 8156 10543 3107 3106 11101 11102
1716,10179 11108 11109 11110 11111 6352 2820 11112 1532 10563
1717,3992 5068 9309 1450 9988 168 1959 172 6026 4826
1718,1202 754 4194 735 11081 7505 4471 1981 3708 142
1719,1717 1150 1710 1708 1706 1703 1718 1716 1725 5139
1720,10331 11116 7864 3866 10929 11113 11114 2277 5466 11115
1721,2848 7893 3997 7899 2977 13460 7887 7892 10320 5245
1722,11118 8151 9754 3693 11119 8160 6738 1776 6542 7222
1723,11121 11122 3465 1532 14799 12008 362 14123 9791 11366
1724,8999 1367 58 11125 9116 11124 15066 11126 15068 15249
1725,9078 11128 1536 3721 9076 9077 9079 8215 11366 3055
1726,4018 9470 11129 9017 9018 4019 4022 9473 4026 179
1727,2242 4222 9563 6814 4498 2239 11038 2945 5294 2233
1728,8820 11053 14279 1425 14275 10743 13264 14278 9098 13588
1729,4011 10661 8191 10470 2336 2785 191 10649 1305 1075
1730,11132 11133 6879 11131 11130 2149 11135 11137 11134 6335
1731,2644 2648 11141 4101 11142 11143 2174 11144 11145 2933
1732,11146 5010 7980 6540 3367 11258 11257 7770 10359 3531
1733,6304 5218 4918 11366 10906 9496 388 2482 7989 5217
1734,9712 2045 1429 12924 1341 606 7624 9714 11366 10377
1735,5466 11148 8623 7361 7364 3292 3205 9426 2575 5580
1736,2890 6705 4134 5876 9194 1777 4063 2883 2884 1826
1737,5315 1439 1446 5853 1646 796 3678 1405 7418 2783
1738,11150 3124 4978 8310 12202 6409 2063 8723 6260 5168
1739,11114 11785 15261 3265 12611 13290 13938 9691 3246 14968
1740,4673 3246 8012 5498 10781 903 3588 11154 8460 5010
1741,2 11157 5746 5747 8700 24 1 8098 8285 10898
1742,9953 3195 7421 894 7570 4857 3202 466 6753 2195
1743,9012 11164 11165 8638 6794 11166 5557 4648 4661 11163
1744,1458 10311 9983 7278 8066 358 7867 10588 10622 4215
1745,2043 5000 5148 10841 4772 2825 10510 8851 3321 9284
1746,4378 6521 8137 11176 6529 4227 11366 8117 6533 9167
1747,2285 5098 2272 10502 10501 8229 10500 2273 2292 9931
1748,11178 11179 11180 11366 3055 10715 8999 611 4426 53
1749,11182 11181 10114 913 11183 3492 2689 2399 9121 9719
1750,5080 5573 6702 10607 5623 10641 8818 3635 5086 895
1751,3055 7113 7116 45 7134 7120 2125 11184 108 3022
1752,8999 11185 7121 7974 7325 7116 14406 11184 1368 14670
1753,9562 7423 7448 6258 2980 8485 9564 8716 7450 11366
1754,11187 4053 8100 2593 11188 3330 14392 14785 9571 13929
1755,11189 5622 4001 6904 1403 7869 1734 8461 10436 4770
1756,4343 2953 4571 11191 1760 4874 8197 1687 4342 829
1757,10976 3811 9604 14516 11366 14775 14785 14392 14412 1884
1758,3251 2718 11063 4210 3865 9099 13436 9097 9487 5816
1759,2248 7877 11196 6829 4725 3374 5072 5065 5073 5034
1760,11207 11197 11200 11201 8758 8812 5331 11204 11203 11206
1761,6434 42 11212 11810 11229 6201 11366 2132 10564 14279
1762,5018 10459 6688 4587 1034 6014 1017 1232 6237 2454
1763,1767 3474 11214 3581 4243 11215 4502 7274 1643 5540
1764,11217 6537 11218 11605 10468 11604 11219 13947 13948 11853
1765,4866 8566 11161 11222 2520 8530 4235 5077 8990 8391
1766,2371 11224 11225 2375 4606 12731 4060 11366 1779 1322
1767,1126 1663 6253 1662 2438 11227 1664 6623 2394 14533
1768,3471 10901 11229 1965 7698 1397 2132 11230 6434 611
1769,11231 11232 13671 14805 11366 13328 14325 14799 15095 11164
1770,2168 4767 5882 11083 9887 8824 12199 4263 10515 1458
1771,3022 10736 7125 7132 11234 4886 2352 3326 3383 11233
1772,11236 6267 11237 7547 11064 866 8990 11238 390 4093
1773,3605 3609 2779 2100 8940 3608 3603 7837 1765 3606
1774,11239 7620 6122 8343 250 238 4804 4286 705 1676
1775,3285 2408 7778 1520 1442 463 1436 3343 8137 283
1776,8788 11241 1699 6613 7804 11366 10868 4388 628 7166
1777,11242 188 10136 12203 2140 12202 8776 5632 5830 12201
1778,11244 6097 1422 6203 11366 13840 7894 7882 1786 3055
1779,11245 7892 11247 11246 6795 7722 9558 7739 11210 1524
1780,2586 1796 8799 9318 3015 11081 6198 176 336 8283
1781,11251 11252 2011 14681 15170 15218 15219 11571 13684 11572
1782,1742 11253 12315 3116 14023 3073 2801 14773 9034 8508
1783,3476 3109 11216 2475 185 1371 7326 4891 11255 4972
1784,8213 8275 9079 11171 11256 7824 1058 13822 12695 8215
1785,7527 1596 6982 11366 10548 5156 9978 2590 11468 10244
1786,11146 7770 11258 189 3531 6036 3367 11257 10359 1419
1787,9885 11259 6563 3397 10210 5425 5862 11260 4568 2930
1788,11262 2942 4521 10548 11214 6223 8783 278 4334 9394
1789,1266 11264 11263 11034 11265 4508 6424 6425 6418 6359
1790,11269 7736 11268 7440 5051 276 2119 3221 4438 1600
1791,2371 2374 2375 7064 2370 4606 7215 7062 1779 1778
1792,4844 538 6820 4839 531 536 14808 525 9656 11366
1793,1752 8808 11271 11366 13585 3043 3044 10280 5752 5987
1794,11272 2878 6182 6071 10204 8697 4207 11154 5325 4360
1795,8153 3781 1731 11274 1728 13223 8155 8154 8157 8149
1796,11276 11275 11277 11366 3055 10715 8999 611 4426 53
1797,11278 11279 11281 11280 4040 6790 9620 4047 4042 4043
1798,914 934 11285 11287 947 11282 11286 11284 11288 11283
1799,2826 3358 2692 2697 3528 5501 1030 4777 2683 3531
1800,11294 8756 11295 1781 11292 11293 8620 4849 3818 10530
1801,10218 6826 11043 2747 10960 1458 10176 2247 10588 358
1802,3095 7900 7087 12540 9878 9240 10650 9932 8868 11366
1803,7278 357 1434 7933 11297 2022 3924 9402 492 4494
1804,589 11301 8495 3335 2349 593 7184 3723 3729 11302
1805,10764 11303 11304 2288 576 3813 14724 14738 14845 14737
1806,1795 10000 11305 1792 2627 12930 13255 1852 2984 9395
1807,2920 13428 2917 4926 5640 9500 10460 10624 2368 6710
1808,11314 11311 11312 11313 10038 4379 11307 11308 11309 2803
1809,11317 8937 7496 6338 8971 5864 5045 8970 12639 7280
1810,11319 11318 12756 11366 3055 10715 8999 611 4426 53
1811,6410 6280 6568 1426 11320 1213 6681 6272 9776 14818
1812,7175 11322 11321 13226 6464 12282 1025 14714 13621 6315
1813,6369 9112 10281 10691 11324 5618 9407 3047 7669 3627
1814,467 4468 10454 10296 10309 6216 1423 1586 6647 12174
1815,11326 5583 11173 11331 11335 4944 11341 9707 7484 11337
1816,1320 6363 1319 1321 1779 1778 9192 4060 6362 1780
1817,11353 11354 1415 10565 5717 11355 1878 4871 12391 12390
1818,11356 6240 6170 4971 11357 908 11358 11359 9392 12590
1819,4260 11361 11360 812 687 686 2935 658 4027 7832
1820,11363 8891 5556 3985 9570 245 4051 3721 11362 1128
1821,385 806 11366 8578 10249 11097 11314 3839 15023 11484
1822,4660 4663 4650 11368 4653 11370 2804 4892 8663 6719
1823,2614 1475 11366 2742 2820 3465 2741 1323 1532 5998
1824,11372 8652 4252 6020 5045 9259 4227 5014 9529 3700
1825,8793 11374 7113 10538 11373 174 11377 11375 11378 1290
1826,4743 11000 10627 11381 10952 11382 10630 10997 10999 10996
1827,6365 1186 6191 149 4385 5477 773 10700 11985 5059
1828,4817 3550 3122 8941 8619 7972 3604 694 2688 1452
1829,1157 2889 6321 1315 7218 9645 5536 2881 6360 1139
1830,7676 479 6408 2251 4093 510 2798 3249 4869 765
1831,4622 4615 4619 4618 5537 11386 4621 4623 4620 11385
1832,10424 2345 9592 10474 6859 4374 5766 3303 3361 4324
1833,11388 11389 9825 11971 9150 5410 6652 14450 10401 10402
1834,11390 4302 11391 11366 10291 11915 3055 11917 11223 7295
1835,11392 11393 10732 8336 6005 1530 2739 6897 8314 1330
1836,11395 11396 712 62 12468 10118 13204 12652 3747 5497
1837,11398 11400 11397 11399 11401 11404 11402 1745 1523 11403
1838,11361 688 3012 637 6085 11407 11408 11409 2397 7748
1839,6237 4765 4939 11089 3188 598 12174 12175 6229 12095
1840,11411 11412 11413 11414 7640 10024 4709 11415 11417 11416
1841,6620 5602 1596 11366 1937 6609 13761 6611 6612 6607
1842,8423 4968 12010 8117 12009 14202 14064 12048 12011 11604
1843,1866 4328 3846 4329 11366 10843 3688 4330 7144 8279
1844,1387 439 974 11076 9567 445 1409 6826 3943 578
1845,11112 1535 11418 11366 1532 6996 2820 2742 405 9784
1846,5776 7387 4982 10656 5864 10181 7527 8687 8347 7910
1847,4724 11420 4722 4723 4720 4721 4305 137 11366 2480
1848,11421 4745 6182 6494 7528 7741 1939 9838 663 6544
1849,7005 9156 4797 3030 2062 9956 1208 6920 6025 7826
1850,11422 11423 11366 3055 10715 8999 611 4426 53 2820
1851,9711 8936 11169 1279 5144 8257 9166 9171 9295 4233
1852,11425 11426 11268 11427 11428 6 844 6819 11205 5071
1853,5401 2587 1022 4951 295 10781 6391 11366 2469 3371
1854,11430 11433 11431 11432 935 5599 9225 5897 6750 6618
1855,11435 5440 11437 11434 11439 11436 1156 11438 10936 1721
1856,7135 11442 11440 6857 6254 11441 7006 1089 3606 2503
1857,11446 11445 269 9404 5339 5712 9165 270 273 271
1858,1387 11447 1953 6296 2955 11366 10660 5175 5169 1409
1859,11450 11451 11448 11452 11454 11455 11449 11457 11453 11456
1860,618 287 612 11458 11460 1782 11459 5552 11462 2323
1861,4461 8542 10998 7060 7061 12262 11366 4145 13785 556
1862,611 10371 10372 10370 10509 7052 153 11241 8572 10416
1863,8415 6237 7339 5460 6039 11465 780 8414 12218 8746
1864,3638 11467 11466 10211 3155 6911 3144 3575 5097 9834
1865,11468 4013 8933 7707 6597 4012 527 8914 1592 5819
1866,2741 11470 7296 2314 14262 13613 2742 14892 12425 11366
1867,9805 1015 11471 6167 12566 11366 1077 8036 10322 13893
1868,8201 8748 10601 8193 126 8673 11366 9086 1210 715
1869,1323 6352 405 13330 11366 10208 12426 2614 14122 2820
1870,1443 2358 8525 2155 5422 1969 9988 5068 3188 11366
1871,11473 8853 13699 10662 113 9359 10820 7248 10499 5096
1872,8170 11474 1096 5491 1073 5164 8169 8174 2658 6472
1873,5197 5196 6498 6097 4465 2699 11366 3055 10715 6546
1874,8045 8689 6987 10704 2195 11366 107 10706 6690 2127
1875,1837 10323 6692 1266 3152 6547 1222 3794 4358 4350
1876,2374 2370 10856 10854 7062 11366 10859 2371 1354 4039
1877,11475 7169 1898 6513 12938 3999 3118 8234 11152 7891
1878,6698 9877 11476 6528 10190 135 1524 3231 3267 11477
1879,10292 10476 5314 3511 11484 11480 9771 11479 9815 10283
1880,11137 212 11132 11131 6879 11133 14440 11135 6335 11130
1881,3378 5461 5825 7317 3319 295 6300 7307 7308 4951
1882,11487 11491 11492 11489 10449 11488 11078 11490 11077 11245
1883,10932 11493 11366 498 12984 9894 5650 14657 10131 10529
1884,11514 11508 11509 11510 11507 11516 11513 11511 11512 11515
1885,4414 1826 4416 2876 3843 4134 1158 11348 10199 12643
1886,2764 3372 6380 11366 871 10882 3324 3281 11314 3293
1887,1475 2820 11524 11366 12426 13575 1535 1166 11880 405
1888,9234 11525 3853 11526 10637 7382 7801 10113 10638 4941
1889,1778 11527 11531 11532 3752 10582 11530 8477 2769 4457
1890,9939 11534 7694 9405 5404 6529 1147 10155 9938 11366
1891,11535 11366 3055 10715 8999 611 4426 53 2820 13885
1892,11536 4617 1318 3082 11537 2889 2869 1314 8477 6321
1893,11542 11539 11540 11541 11538 10593 14039 8686 5916 4795
1894,11543 9358 11544 11545 14798 2480 14231 11211 1160 13486
1895,11546 6631 6630 3995 5891 11547 6626 11548 4710 1940
1896,9042 2129 3964 10174 9038 12016 3503 4954 4431 12012
1897,11549 15068 15249 15066 13173 14597 2325 13174 15190 15250
1898,3183 3622 8600 8593 2034 305 11550 8558 8597 8596
1899,11553 11552 7674 13840 10506 7670 5582 7406 7677 8385
1900,7022 11557 11559 11558 1624 10596 8710 11556 2169 11554
1901,1665 8143 9809 11564 9810 13206 11366 4069 6780 7651
1902,11474 1262 11565 4911 3441 9293 2449 10299 4347 7828
1903,5217 6615 11566 6624 4970 11567 2793 1664 7743 5169
1904,11048 11569 3142 1850 5789 2491 9519 2750 715 12099
1905,11573 11572 11570 11251 11571 11252 15219 15218 15170 15169
1906,11574 4961 424 7495 12592 5666 11366 10374 5382 5842
1907,1028 6768 1908 8352 11576 4031 1787 6381 1027 7917
1908,11577 7342 14673 13488 9172 10155 9405 8833 14671 14672
1909,4997 222 3820 10236 7772 4158 7777 11366 7770 11164
1910,9652 1938 2908 4358 1746 6511 4633 8124 6699 13632
1911,6553 4413 11366 2890 12920 12919 12795 12798 10366 12796
1912,149 2763 873 11366 9268 853 169 466 165 686
1913,11581 11580 11582 11585 11579 8091 8976 5680 11583 5024
1914,3491 9138 3490 13776 8115 3489 13778 13777 11366 3055
1915,2131 11588 3576 3727 3018 3359 11366 2127 1744 10468
1916,8678 2054 11589 3745 9984 9986 9987 9980 9979 9983
1917,11590 11591 7522 9053 409 8843 726 12136 11657 7871
1918,3802 6593 236 9817 3806 323 971 6311 9552 6314
1919,2009 6099 9408 9417 9409 9416 9415 9410 9419 9411
1920,730 4553 11151 584 12341 12447 10728 3717 11977 729
1921,6171 11593 753 11564 6349 1110 13704 10226 11649 6183
1922,11595 4196 3247 4483 1984 5777 3273 13124 183 13372
1923,11596 11597 4838 11366 12346 12344 3055 2315 12471 12473
1924,218 8350 4913 8746 12218 4889 220 1920 9820 3512
1925,11598 2869 12332 7498 11366 12377 6245 13981 1862 8541
1926,11600 11601 7612 7998 5883 3851 5483 5984 11602 11599
1927,2839 11589 11606 204 10902 8614 11366 12000 11995 7823
1928,3949 6386 11607 10343 11156 8563 5456 4555 11608 2450
1929,11610 11611 3489 10705 10253 11366 12282 2839 13709 14039
1930,11614 11612 11613 7702 12583 7701 5754 12581 13369 8078
1931,11618 11616 11617 11615 11619 9699 7883 7976 11620 11249
1932,5540 11623 2160 9518 2527 9478 5141 9474 3879 10618
1933,2869 6556 11624 9627 11625 4626 7079 6555 5129 13572
1934,2565 5312 3262 11627 9061 10479 8622 1504 2503 490
1935,11628 11629 11366 3055 10715 8999 611 4426 53 2820
1936,4451 11630 11631 9660 14228 14434 11366 11310 3055 14110
1937,6520 8112 5353 8575 6685 12572 6886 6530 10810 8136
1938,11633 11636 11635 11634 11366 9847 8387 13948 12537 10467
1939,11637 7378 8364 1979 5864 1894 1895 9293 1750 8515
1940,11638 11640 1155 11639 10716 1151 7218 1721 1152 12912
1941,6493 4700 6505 6487 6480 6492 5379 6495 6494 1840
1942,1728 6638 12047 779 7379 900 11700 1713 11366 5428
1943,9003 4929 1498 9286 4939 7310 880 11038 8577 10974
1944,10020 3456 9907 5574 7154 181 9916 2553 9709 2531
1945,8142 11647 7402 6468 12405 767 10292 11366 6969 7385
1946,618 742 9923 1420 1099 612 10178 9909 7372 2120
1947,8650 11649 11650 221 1227 11648 6185 1111 7934 6172
1948,11651 4289 940 3006 8599 11653 5411 1102 11652 8494
1949,8232 11655 3158 4531 4595 254 4559 10895 4864 3307
1950,7165 7166 5711 7161 11594 8967 11366 12930 9589 11708
1951,1779 6362 6134 1320 4060 6363 9192 1143 6360 1321
1952,11591 7523 11657 7871 2431 11656 9611 9883 7522 5677
1953,148 11659 2734 4987 5828 150 11658 4887 5820 124
1954,3055 7884 7885 11660 11661 6158 604 614 6512 11336
1955,8176 8707 11664 11663 5464 11662 8706 13092 13093 13089
1956,11666 11667 11668 12433 758 12514 3366 3856 9709 12515
1957,8940 4770 2493 10273 2519 9221 4865 1392 4497 2707
1958,11669 11670 9741 8433 3990 10711 7621 9181 8047 6980
1959,278 11671 3821 8660 4255 4521 2942 11262 4075 5247
1960,8956 11677 11678 11674 11682 11679 11681 2561 11676 11673
1961,11685 651 1471 2132 1809 1964 9922 10371 3640 10660
1962,11686 11305 7880 11687 6538 11688 8291 9395 2800 9660
1963,8340 751 11690 3832 11689 9336 5791 5270 8843 3439
1964,11691 6364 9195 7080 13984 1013 11366 11624 10818 4138
1965,11692 11693 8887 12694 10892 11366 8913 8886 8912 8911
1966,11697 11694 11698 11695 11696 11195 2248 11366 12772 12773
1967,11699 9882 7038 4206 452 1653 423 5509 749 163
1968,3781 11700 7962 11701 11702 1926 11232 3780 3776 3783
1969,11703 8254 8255 8476 10191 11002 6550 12297 11366 9173
1970,11705 3127 6377 11704 6934 1607 203 9149 4472 5323
1971,8524 5720 7303 6645 4216 1393 4251 3185 6851 142
1972,2732 11708 9589 4750 11709 10152 11075 7105 6435 11710
1973,11711 10167 7405 7174 9976 304 5898 10508 11366 3486
1974,3390 11713 5458 4143 7617 9408 10636 9417 6472 9415
1975,4854 7846 5984 712 4973 8473 8952 8642 169 1751
1976,11714 11715 11716 11366 13721 1635 1996 9079 3055 3332
1977,86 2514 10016 5307 9917 9168 8208 69 5959 2313
1978,5022 11584 5621 1660 11720 5024 11582 5055 13100 11581
1979,9903 9915 7758 6889 281 6899 9121 2578 8602 3645
1980,9277 7143 10166 2346 7527 9278 1193 202 1516 5140
1981,11348 4416 11721 7058 10099 10075 11722 2876 11531 4602
1982,10056 7249 14805 13671 8341 11366 8731 15010 15095 14799
1983,11725 15145 2853 14545 11366 3055 10715 8999 611 4426
1984,2973 2966 2967 2968 2965 2972 2964 2974 2970 2976
1985,3699 6029 11727 3705 6026 1450 5083 6023 6644 598
1986,11728 11730 7478 11729 7529 1809 11366 7475 13733 4932
1987,2318 1051 222 1014 1067 6336 5343 1076 1053 1032
1988,11731 2054 11732 11238 6780 3369 11733 5206 8604 8678
1989,3827 1785 10972 3359 11734 1433 3318 5386 4876 3931
1990,8699 11735 6021 689 695 11736 736 2239 10671 10440
1991,11723 5448 5449 2869 2890 2399 2884 2883 7404 9646
1992,611 18 3462 4261 11175 11663 11664 9164 6680 19
1993,11744 11743 4562 11742 4563 561 3089 1522 1679 11961
1994,3399 2454 10378 1447 1202 10663 1568 1803 2307 743
1995,6997 11746 4225 4198 3856 5756 2770 8853 4858 559
1996,2221 11747 3262 11366 7403 5596 7280 12062 5760 847
1997,3262 11627 5195 11366 1751 11747 4852 2565 13052 5312
1998,3527 9985 26 3734 5046 1737 196 8984 9317 4263
1999,9191 1321 6363 9192 1320 1779 1778 4060 6362 1319
2000,2614 1166 2820 2742 3465 11366 2741 3464 1323 1532
2001,11750 6873 3167 3048 877 622 2239 9149 8365 3479
2002,9184 4987 4916 5820 2558 7316 186 690 2484 144
2003,11752 3465 11753 2614 11754 2820 8907 12271 9936 2742
2004,11756 7677 7019 3659 6547 10107 11327 10907 990 9092
2005,4080 2838 4079 13161 4078 777 8573 6749 4094 11366
2006,3314 11758 126 9318 4949 9299 216 8201 4085 11759
2007,6008 11761 6680 6007 10704 6010 6009 6006 2711 1808
2008,8816 11763 11764 5303 15229 10601 14418 9700 6031 11366
2009,11766 13397 13045 13396 11984 11967 11366 3055 10715 8999
2010,11767 11371 3604 7177 9028 11369 11366 5937 4662 13269
2011,4143 1015 1077 4144 4142 11366 1356 11713 1829 5458
2012,10858 7096 3803 11768 11057 1445 5689 6703 5422 7065
2013,7389 1905 11918 8071 4487 9686 10676 3882 8064 8062
2014,11769 7209 1179 6772 12479 561 12081 11366 3055 10715
2015,323 9593 5769 8470 7482 8931 707 4510 5172 828
2016,11772 11770 1121 2843 8870 11771 5244 9895 1119 8021
2017,5147 8622 10170 5140 7718 4178 7830 1191 5160 5154
2018,9327 11774 7721 3489 7985 11773 9326 9325 12861 13688
2019,1003 2875 3688 10843 3846 1866 7065 3668 10857 11889
2020,3001 11777 1778 1320 7062 1321 4139 4060 1319 6847
2021,7770 9531 13228 7772 4977 350 7777 13227 11396 12652
2022,9535 9536 3667 7075 11778 9537 10193 1007 9538 9534
2023,7659 11781 11779 8839 5126 11780 11782 11783 8992 5676
2024,209 1761 10631 3690 11366 4481 9471 2698 2076 13827
2025,11786 9885 8921 5700 11409 3285 6619 2699 5716 6477
2026,3888 11788 333 11438 8604 8760 4136 3880 12226 1001
2027,7037 1062 7041 7036 4229 2693 7845 12770 1413 11366
2028,11791 11334 8178 11326 996 11341 5583 11337 11331 11173
2029,11793 11792 4304 9674 11795 986 8527 10002 9846 320
2030,900 7948 13394 13393 11796 906 3878 11366 8677 9807
2031,11801 11797 5662 9748 9747 1158 8540 11802 9745 11800
2032,5027 139 9046 11803 848 5489 251 5490 768 462
2033,1141 4625 7056 11805 1135 11806 1863 1859 11807 9547
2034,11809 11810 3752 583 2457 2677 890 1805 13618 1270
2035,6791 120 9719 5822 11811 2480 8180 4635 122 5504
2036,3213 1618 235 1617 4812 234 1622 1619 1621 11814
2037,10203 5396 5946 11815 9974 8258 7210 4166 5733 8942
2038,11816 9968 2375 2372 12732 7081 2995 11347 12733 2379
2039,11817 6648 11818 4934 4027 11360 4029 11087 164 462
2040,11819 3807 12771 304 13784 6066 10639 8655 2694 11366
2041,11820 10419 912 9278 11726 4419 1688 1414 873 3930
2042,8398 6713 11821 3150 3580 12724 13754 1023 2953 7354
2043,11828 11823 11826 11825 11829 11831 9489 3207 2716 11827
2044,6017 2762 1100 4188 1963 6024 4858 10704 7043 7995
2045,10347 6005 7814 3630 4256 4474 10898 619 5561 3811
2046,6843 6840 6845 6844 6841 5296 6842 6846 11366 3055
2047,2558 4127 2484 2524 9474 7316 2494 8350 11836 2481
2048,11838 3466 9679 2109 3621 5461 9688 4492 8671 11837
2049,1007 4414 1158 3000 89 4416 9537 1005 9536 1009
2050,11841 11840 11842 11839 6510 6513 12041 6174 2731 13880
2051,5742 11843 9648 6987 11844 9249 12095 7131 10540 8776
2052,11846 11845 11847 11983 13045 7712 7019 6936 12038 1176
2053,6706 10096 10098 10099 10097 7059 7098 7099 11366 6364
2054,9434 9432 9431 7086 9433 11366 3055 10715 8999 611
2055,10277 10948 9517 7583 2402 3891 14817 14815 14816 14818
2056,10113 11848 8122 9808 4450 11849 7219 8114 1700 1845
2057,8513 14083 6806 8514 11366 5163 3055 12917 8847 2872
2058,10374 4747 10737 11241 6692 11574 7936 1222 10375 9375
2059,11852 4449 11807 10753 8551 1084 6622 4448 10590 14611
2060,4374 11853 10005 10317 1388 2717 1195 417 2075 13181
2061,5418 10663 10300 7928 7969 8520 4007 8856 1412 6175
2062,7531 10648 1110 121 2477 8350 11323 4427 8273 3348
2063,4056 2663 13812 13817 8214 1635 4058 4057 11854 11366
2064,2000 419 414 464 2453 5429 10271 5432 4256 7506
2065,6828 2099 1733 9082 14176 13610 11366 3741 5473 13107
2066,11855 8442 2570 2165 1090 2526 11366 3288 549 6443
2067,1394 2305 493 741 1418 9833 1401 1458 9839 9248
2068,11856 4535 7260 12973 14095 2279 986 5123 9890 11366
2069,11858 5933 4332 9559 7738 6797 12625 9354 13021 12624
2070,11861 11860 11859 9782 5991 475 7776 9785 9787 14609
2071,3748 1103 4972 3216 1413 3351 10762 2826 11830 1038
2072,11866 11863 7995 11862 11867 11865 11864 2679 8823 960
2073,3671 11869 7934 9826 11639 2060 6251 9103 6253 14047
2074,4505 10241 11870 10308 8431 7357 6689 2218 8433 7901
2075,8912 8911 8910 8908 8909 8913 11693 8886 5942 8887
2076,11871 10943 7941 6074 1673 11872 4965 876 994 6942
2077,11740 6421 9565 4203 9389 7277 6801 8640 10339 471
2078,3842 4609 4036 5450 10843 10752 2372 11350 11351 14218
2079,5299 11745 6466 2910 7925 8747 6325 14054 5283 7235
2080,4422 3248 5400 7834 3632 11193 4326 1811 2781 4423
2081,1050 1034 9317 3758 3757 4263 1068 3351 4131 1038
2082,11874 5503 11875 9317 4263 10890 11366 7812 130 3633
2083,7517 7521 10152 9617 11876 9154 901 10150 2493 11408
2084,11878 11879 2815 2820 11110 1535 13731 11366 11052 2814
2085,11882 5236 11606 2806 10176 8972 5044 5235 12687 12686
2086,11883 11884 7678 15163 11366 11911 12025 2391 53 14566
2087,11548 3882 11546 7098 11918 11547 6630 5891 6631 3995
2088,7757 10605 11366 13801 13802 13800 3055 13803 11680 1634
2089,11885 11886 9942 11887 2907 2649 11888 8746 12218 14437
2090,11447 4787 2921 11366 8527 14313 10746 2924 8266 296
2091,9628 9399 10068 11800 10067 9645 9633 9634 11797 13712
2092,11893 9537 1009 9536 11894 11895 7075 7078 8405 1005
2093,8810 11898 11897 6990 11899 13234 6993 8807 6994 5998
2094,2781 7901 3202 3191 11836 7519 8448 4253 3192 8856
2095,8601 773 5720 7039 3917 9619 2213 11465 518 741
2096,10516 6591 2353 1831 1086 2357 438 920 10709 3358
2097,9876 9570 5043 2701 10417 9993 1647 6166 8223 2709
2098,11900 4154 11901 11366 3055 10715 8999 611 4426 53
2099,11902 4308 2585 6143 2571 1476 2960 10564 6342 4845
2100,9484 256 5509 249 6204 8891 11903 376 2472 7762
2101,11789 11827 11906 4980 6858 2809 7621 4453 1283 1623
2102,11907 11908 9387 9973 11366 14533 13841 3055 13842 9768
2103,3749 8445 3984 5096 3044 10459 3043 11297 3454 11366
2104,11910 717 11909 11911 11912 11796 12445 12441 12444 12442
2105,4380 2057 3697 6438 11913 5069 3690 1579 3015 1588
2106,7802 7803 2728 6146 7801 2898 12081 2732 5899 3090
2107,11915 2958 5562 5748 11916 7153 11917 363 2141 7294
2108,10473 2933 2781 4926 2368 1732 4299 9500 10624 11366
2109,11922 6805 10628 11923 11921 11000 8982 10991 10556 11925
2110,5325 6909 6540 3920 6617 6894 8234 6892 11366 14773
2111,11927 11929 11928 300 11926 11282 236 10677 327 321
2112,5906 10583 1757 1004 11931 5150 8740 2582 2175 11930
2113,9875 10477 5725 9295 824 805 4178 7717 813 3346
2114,11933 522 5100 190 989 9037 3340 3532 5790 485
2115,4868 9569 9098 8317 1218 4 2772 1239 3574 1973
2116,3147 2629 7339 997 3166 8547 3949 8366 3133 3137
2117,2765 800 8403 8660 8705 5422 1206 11934 1209 4196
2118,11906 180 1817 6368 11935 6956 3704 5236 1811 6980
2119,11940 10703 11637 11421 11875 9018 7253 7401 10704 5892
2120,9002 4382 7003 5972 10169 3135 12202 9019 996 3511
2121,1294 2786 1293 1633 3523 11941 9775 11943 11944 11093
2122,3498 1118 3659 7644 11229 11366 11756 1425 8820 11053
2123,1533 2744 11366 13349 13329 1165 4514 12302 13734 1531
2124,11946 1462 11366 3055 10715 8999 1464 1465 611 1461
2125,1001 2996 9194 6363 1321 1320 7062 11348 12644 1779
2126,11947 3838 7755 11948 10609 10610 7753 7756 11205 5336
2127,7427 2883 4134 397 4687 11949 1719 10199 4132 2884
2128,3224 10882 2530 8569 11250 1768 8225 3934 10437 831
2129,8896 1282 13522 5372 8893 8895 3929 8888 13169 13526
2130,3055 7116 8369 11184 8370 7125 108 7132 13953 15061
2131,11754 13331 13006 1325 13335 11752 12504 13334 8894 11366
2132,7746 8471 11956 1800 14392 6299 14783 8416 13900 5522
2133,3055 7116 8369 11184 108 7125 8370 7132 13953 3056
2134,9405 11958 10155 6892 9939 6903 1813 6900 6908 5611
2135,2371 2375 1780 1320 9192 4060 1779 4688 4606 1321
2136,414 433 5728 8457 8745 10908 3556 1200 9884 459
2137,10347 287 1649 6005 2319 3811 7814 3630 11366 619
2138,7482 4441 10415 237 11741 11960 4031 6047 1396 686
2139,1400 6500 656 7100 4243 4502 818 13580 13581 1105
2140,11961 11962 1679 11964 11743 11963 6226 1680 2722 9475
2141,11967 11968 4701 8323 7349 11969 13397 12564 11766 7328
2142,11970 120 13274 1338 4640 11136 4878 3359 7331 8957
2143,11971 10402 10401 11388 11389 9150 3656 6652 5410 11972
2144,102 385 386 8499 9020 3579 11977 383 6332 377
2145,10459 6563 9274 8445 6869 3935 11190 2220 8988 482
2146,11979 4530 11978 6952 8033 1179 9225 2289 1878 9226
2147,2610 3274 119 5822 352 8629 2611 10083 15110 8216
2148,2784 3555 4223 4219 3100 8704 3712 2103 4200 10536
2149,11982 6930 11981 4586 6726 2444 5953 4728 4593 6107
2150,7215 11987 10989 4707 2886 11988 10994 10996 10993 5845
2151,11991 11992 11990 11366 3055 10715 8999 611 4426 53
2152,6948 9544 11993 1552 5321 942 11727 3767 4405 3745
2153,11998 7823 11995 11999 12000 1494 5925 5932 6308 12001
2154,7716 10540 4902 8776 5742 7131 5814 10136 8247 11919
2155,873 2306 2750 7697 5290 163 9250 3250 463 760
2156,4457 1260 1261 8291 3857 5858 11527 11530 3752 10582
2157,1529 12006 12007 11366 2364 4514 13578 2614 8109 13234
2158,1318 3085 4617 5447 10854 4621 4623 4620 11536 10856
2159,12009 8423 4968 12010 12011 14064 14202 11604 10468 11605
2160,12015 12014 6201 10835 12013 5085 12012 12016 1506 6155
2161,9187 12018 6863 7315 9188 9360 9802 10480 5135 11814
2162,3570 3569 10014 13925 9676 9673 9671 9677 9670 8802
2163,841 10301 8658 1233 2773 10298 10303 12023 11174 3773
2164,626 8928 5382 7605 1746 12024 12025 5498 2979 5709
2165,4478 8898 9848 4067 2721 3509 9322 7823 12000 11998
2166,6586 11648 14104 11274 8430 6588 13281 11366 6590 6587
2167,6414 12028 12027 12581 12583 5754 11366 7045 6416 7227
2168,8761 12842 15038 7908 7333 9123 5571 9073 11366 8489
2169,576 12029 5204 12048 5358 11366 563 5356 11605 11604
2170,6045 4764 1065 468 4207 435 455 12031 6471 787
2171,5299 473 8747 5065 14054 6325 5033 14052 5176 13851
2172,3155 6640 3143 3166 2314 3144 9600 3158 14321 5106
2173,12018 4901 4905 4510 9188 8273 5135 11366 10738 2467
2174,12033 7987 5885 6621 7939 10862 2868 10861 5171 8991
2175,8492 9181 12034 8246 2472 6561 3359 1074 13274 13273
2176,11288 12035 12036 6589 914 11287 11282 11286 11283 934
2177,7302 12037 13285 11366 10123 127 4966 3055 10715 8999
2178,12041 11839 8236 12040 7641 2845 1716 12039 9836 7895
2179,803 797 10420 870 2456 6411 7958 5972 787 1213
2180,5596 9044 4278 3683 4473 7403 12042 2679 974 7400
2181,9093 4765 5032 136 4206 687 7833 9567 4857 6367
2182,5426 8978 1793 11075 5793 3242 8676 14501 12988 1593
2183,12045 9703 11073 6054 7139 1411 5210 3602 170 4505
2184,11296 10231 12046 3940 7388 6677 2348 3299 4322 9693
2185,12047 7571 7379 5621 11700 1728 1713 12048 9966 12049
2186,4183 2068 1239 4242 8790 8858 4248 4201 7338 3042
2187,3131 8874 2755 12051 12050 3471 2572 2326 843 9009
2188,12056 11366 3055 10715 8999 611 4426 53 2820 13885
2189,12058 10859 9479 12057 3808 7546 7089 1887 10554 10388
2190,12062 12064 10362 12060 12063 10563 2330 5092 9040 1215
2191,8624 8627 3238 3010 4883 3009 4899 12066 7558 4882
2192,11111 4791 12070 11822 6990 14803 13321 11109 6941 15048
2193,12080 12072 12074 12077 12071 12076 7074 12073 12079 12075
2194,2309 5957 169 745 5958 1252 2262 10600 5095 10348
2195,6541 12081 3861 2982 11375 12082 1629 7104 7625 6536
2196,7658 7002 9190 14257 12083 9189 11366 7657 8077 1631
2197,4635 9525 3872 11443 4993 6890 10379 4987 4815 5835
2198,4462 9567 4092 1051 5980 3544 9800 4398 3546 3811
2199,1778 1319 1320 6362 2375 2371 6363 4060 1321 1322
2200,6417 3465 8709 15257 10523 11366 11122 11121 6351 2742
2201,12084 10169 12847 12085 5971 11366 866 5641 12087 5961
2202,12086 632 5917 5904 1951 11149 8521 3596 4385 5712
2203,7805 373 4261 4847 2188 4846 8855 12087 1333 6902
2204,12090 12089 12088 6844 7782 6327 13218 5694 6840 6845
2205,7549 742 2523 7465 56 10140 7548 7550 5281 10013
2206,4565 8096 13 7756 12092 8216 8214 12091 1996 8392
2207,1184 12093 8617 5974 8544 11113 239 10542 1185 1183
2208,12095 12023 10742 4002 10586 8654 10301 10472 11843 6026
2209,11956 7173 3594 1609 2412 7746 7345 10438 10333 8584
2210,10959 5832 317 4344 4981 964 3350 9496 10906 3641
2211,11029 5898 12047 10592 10044 12319 13032 2446 7379 5902
2212,2741 2742 2614 1165 12098 3465 12097 2820 12425 2743
2213,8882 2206 2657 4852 11366 10135 4795 10894 12470 7154
2214,12099 5944 12100 5943 2110 3493 11750 3925 4305 2807
2215,12101 8993 5036 10977 11366 14156 10981 12134 9332 11981
2216,1476 1495 4076 8603 7198 3147 12002 10759 11902 5861
2217,8315 2444 12104 12103 4332 681 5377 7059 191 9202
2218,10551 11969 9481 9927 2233 5574 12107 9926 8503 12109
2219,12116 12118 12119 12117 12121 12125 12123 12124 12122 12120
2220,522 2250 6873 8723 9478 12127 7551 2245 6438 2237
2221,6496 10265 627 3857 6497 6247 8419 8493 11072 3823
2222,5151 866 11672 12132 12133 3805 5304 5141 104 46
2223,4410 1877 8859 12135 4390 4394 5883 4400 4392 5878
2224,12136 8118 12137 8119 8228 11590 10148 10151 8842 8121
2225,2457 385 3971 38 5237 7466 11366 6016 418 9897
2226,3887 9458 11642 12156 3880 10701 11421 3877 2265 14235
2227,11167 9527 10100 7991 11158 1571 7616 7287 4776 1397
2228,12140 12139 12141 11719 116 3814 575 6946 3533 4903
2229,687 3186 6367 7412 3037 7507 3204 3202 4857 758
2230,1268 7106 3487 4941 1592 14588 6174 10870 11366 13880
2231,12143 1705 12145 12144 12146 12147 11085 1749 3251 12148
2232,1011 5687 11366 10899 7427 4134 5447 7057 10199 10575
2233,10408 9502 7292 10409 3998 7938 11366 7942 9500 7473
2234,6040 9936 3143 3155 331 11752 8717 2940 10527 247
2235,9548 1779 12151 5535 9549 9666 12912 9192 4060 12915
2236,4318 12153 6815 2407 5611 2698 3692 12152 9498 1371
2237,5015 4181 12021 10822 11950 10298 5018 6569 5045 11760
2238,12157 12154 4466 4456 11021 12155 12156 12158 6109 1119
2239,8234 3118 3999 1680 12161 6629 10269 11475 7485 12160
2240,8189 5544 2500 9259 2675 771 2111 873 11366 1697
2241,8971 3244 12163 11366 12022 6041 12144 6338 1256 8937
2242,10163 12164 11235 5725 9620 171 774 12254 14642 10165
2243,9253 12165 9552 286 13555 9488 13553 13554 2078 10573
2244,4573 3325 4917 4918 8949 5822 7816 2194 3348 3316
2245,2874 3668 7817 9751 2875 12731 12728 2872 1143 4403
2246,12166 3175 9196 1961 1798 4994 3252 11168 819 12243
2247,4474 4469 8190 7954 1433 11366 3966 2126 4481 4503
2248,10474 7501 3026 7508 3477 4217 4031 1345 1967 12167
2249,1447 10649 6032 6967 1382 770 10587 9878 10650 1867
2250,2457 5466 10239 11113 12168 1302 4478 11116 3866 7864
2251,12169 12170 9359 11480 3 7716 4634 14630 14627 14629
2252,11811 3105 7088 10402 9153 792 4765 6651 9150 7482
2253,10057 6412 8274 12171 9289 14377 8295 8279 6100 10058
2254,12174 1586 6647 12175 5551 12177 5553 4247 10309 10296
2255,1053 3547 1038 6388 1076 1080 1014 3539 1016 5790
2256,3829 1936 5357 2280 3830 13987 3828 657 14102 10051
2257,6028 7497 7697 8441 2829 6013 7696 4757 2448 182
2258,9350 12179 12180 5349 9032 12181 8825 8102 12182 3896
2259,3380 4564 4566 12184 10738 8349 9678 8350 9118 11366
2260,8086 7760 7306 9610 1130 14402 3795 7322 7307 7312
2261,1871 10762 12185 10761 5400 2826 10275 2825 4779 12186
2262,639 12187 6620 1896 915 13145 638 642 643 11366
2263,9365 7544 8475 8396 11330 1630 6526 8397 3602 9260
2264,12192 9081 10129 10617 12193 503 5680 1865 2680 11587
2265,2421 3661 2422 567 2414 12196 9438 7953 2859 3647
2266,6152 6154 1693 6150 6153 2637 6856 5635 4830 12197
2267,8824 12199 8162 5256 12001 11228 3414 9854 5976 5119
2268,12202 8718 4996 8854 11150 7275 9002 8199 9356 9158
2269,1300 12205 46 8439 7293 1299 14005 11366 6403 13031
2270,12207 4971 11358 9394 9239 1124 6761 11359 5244 9392
2271,398 12210 401 12211 7077 6847 12209 393 402 397
2272,2762 7504 775 889 3224 6194 895 331 10478 2778
2273,7809 10034 6770 7808 12212 6837 6501 4309 7518 9823
2274,11073 3278 9702 7828 11366 13454 3311 11565 14215 4911
2275,7896 12213 8021 11742 1431 4796 1124 6621 8017 8011
2276,12214 12217 12208 1794 1941 12216 12215 1945 1792 9543
2277,12218 8746 12221 4546 3512 9651 6937 371 8437 1920
2278,12224 12225 8127 15188 8122 11366 8123 14153 8117 8130
2279,1243 3700 3698 661 1230 3709 3487 14431 9163 2066
2280,11915 4302 5096 7295 2270 5748 12510 11917 12918 2958
2281,12227 12226 8378 8231 638 3888 10431 14750 12935 9289
2282,10510 10512 10511 323 4130 2043 10424 2810 11366 10841
2283,870 11250 8953 5612 207 3191 2246 10882 1768 2530
2284,10350 10352 10349 12228 6169 12229 4070 6164 11438 6159
2285,12230 11366 3055 10715 8999 611 4426 53 2820 13885
2286,5922 8861 2275 8680 5930 1458 5936 5924 5952 5949
2287,957 12231 9742 12232 9581 9183 5737 1509 3947 390
2288,8688 12235 7954 12236 263 12005 5677 13689 13688 13687
2289,12241 12240 12239 12238 12237 12242 11436 11225 11891 7785
2290,2642 2646 2643 2647 2640 2639 6126 2648 2644 2641
2291,8053 3834 12018 1285 1760 8273 3280 112 8049 8052
2292,5360 197 11706 2116 1480 11366 12774 12773 12775 12781
2293,11345 921 5768 5769 9981 11049 10832 7679 3767 9049
2294,7835 4221 4212 1234 7972 8949 4004 4184 4209 7043
2295,1895 1891 8279 1894 1893 13732 8285 6405 8267 8282
2296,2159 852 10241 8365 2367 172 5117 6027 12245 8531
2297,12247 10584 5640 12252 9448 12248 12249 10335 8197 12250
2298,9174 9172 3170 9173 11366 3055 10715 8999 611 3166
2299,8851 10134 9297 2252 5036 5688 6574 5000 9482 9485
2300,12257 12255 12260 12256 12258 11641 11437 11436 1152 9638
2301,9447 9388 2459 3258 1433 7799 1568 3556 9569 3322
2302,11802 12262 11798 8980 8981 9746 7102 4401 7101 11801
2303,4674 10810 6244 6886 8575 6539 6520 1116 12082 7651
2304,2275 633 3775 11324 12265 2005 4705 9769 6819 4696
2305,508 3968 354 2879 518 387 12267 1888 9975 1076
2306,1997 2668 12268 1996 11095 12092 12949 11366 15110 10149
2307,11033 12269 11913 10064 5745 9945 1336 4593 2830 5365
2308,8185 2357 9523 11256 5022 10459 2215 3749 8187 11584
2309,2741 11112 11365 2742 7395 12425 8827 1165 2744 2814
2310,12272 12273 9781 11366 13372 10889 10806 178 9035 10283
2311,12274 12182 8757 12275 14772 13996 14773 14665 2805 14795
2312,1721 8152 3075 8161 4597 9751 4403 7221 8160 8151
2313,630 12547 6409 8310 4541 14448 13808 6259 5056 9522
2314,12176 6711 12278 2059 9601 9441 285 12174 12175 1586
2315,12279 10634 3502 9937 2658 13797 10635 6777 13360 13607
2316,1192 4180 2767 461 12280 6575 7417 1202 1214 10478
2317,2405 12281 4121 4313 12441 5878 12444 12443 12445 2619
2318,12283 12284 3914 4160 11366 3055 10715 8999 611 4426
2319,7780 1555 5308 3695 12285 6679 3879 4174 3466 12097
2320,1097 3112 3739 11366 3055 7814 3114 3115 10715 2692
2321,12288 12289 12290 12964 13381 10916 12293 12292 12675 14600
2322,12294 6175 7813 7812 12295 10704 3050 1876 6048 7145
2323,125 7329 6300 294 5825 3282 3319 3356 3302 8523
2324,7504 12297 2259 11366 12012 3042 4180 5085 10835 7513
2325,12299 10971 12300 12887 11366 3055 10715 8999 5399 611
2326,4017 45 6697 6693 6696 6694 2719 11366 6373 3684
2327,12301 12302 13671 13349 14325 13328 14799 15010 15095 6353
2328,1130 9610 1132 8086 7306 11366 10223 12003 8814 1131
2329,12303 10632 8373 10633 9275 11701 2650 3242 4744 3973
2330,10988 5667 8982 9647 9758 12726 10987 10999 10993 10998
2331,4122 244 8179 4195 7733 2802 5096 459 11366 248
2332,12306 7212 3360 5916 12307 1096 12305 10219 9138 8962
2333,6833 3975 10295 7198 422 6088 442 6678 4695 698
2334,4915 4916 5816 5806 186 8315 4918 5820 2567 5807
2335,8508 7753 1343 12313 10723 12315 12314 12312 10235 9760
2336,10258 12107 4554 8044 12317 9891 3443 5688 12318 744
2337,601 7357 10308 8433 10885 8658 3291 5488 11930 7821
2338,12047 12319 10044 7379 8185 11029 2446 5902 1985 1713
2339,10857 12322 10747 10753 10854 10856 10855 14611 11807 10750
2340,6693 6697 11115 6694 6696 4017 1848 6692 6373 1856
2341,769 686 2703 3811 11366 11314 5178 11162 2783 1434
2342,12323 1070 14194 14195 3067 14196 2819 13659 7237 2947
2343,7928 9947 6386 4195 511 5067 5034 5420 5512 7958
2344,1169 8203 4360 7103 7105 11366 6163 5978 7104 7106
2345,11708 12326 9398 7711 7946 9824 6058 9589 2732 4750
2346,10498 7088 10492 4320 9986 10495 4011 10496 8309 9579
2347,1103 5523 3991 5396 3766 12327 11904 10571 9478 10572
2348,8712 12328 12329 14368 10081 3563 12067 3571 2088 14373
2349,10199 7427 5447 4134 4414 1826 10899 1003 2864 11986
2350,4666 12330 4667 11366 3055 10715 8999 611 4426 53
2351,12331 4899 13781 6719 11012 9148 12629 14018 8759 9251
2352,12332 8541 7057 1011 9235 7222 11598 12333 1721 12377
2353,12335 11366 3055 10715 8999 611 4426 53 2820 13885
2354,9660 2800 10678 3717 12336 9499 4905 11688 11687 11586
2355,9781 10371 10370 12337 178 6901 6998 5307 2573 2580
2356,6467 2273 12338 2263 6303 12339 6464 1910 5654 12602
2357,12346 12344 11597 2315 12345 5293 12341 5391 12342 7585
2358,6880 7363 2955 8192 7267 631 11484 605 2923 1195
2359,10661 9181 9531 4841 12347 4011 14518 3375 2336 1043
2360,12350 12348 11910 11989 1010 10068 8848 12349 7554 2875
2361,9226 5896 11032 10785 4964 9806 12352 5897 10122 12351
2362,4235 4349 2774 4238 4004 3708 2779 6044 5595 3712
2363,12356 11523 12355 12357 11342 13109 11366 13110 13108 11925
2364,12358 4083 12359 7860 5434 1329 1854 10984 12360 3634
2365,4454 12361 11090 2866 13632 4459 4460 1927 623 11366
2366,1953 10721 10456 12265 9649 13529 1955 6285 11366 1951
2367,12362 9249 1544 3114 13132 9343 1808 3753 4757 11366
2368,12363 1269 11189 5180 7950 13137 12345 9789 12587 12354
2369,12365 1 12366 24 18 20 11 22 14 21
2370,12369 12368 12367 1144 11847 9437 11987 4611 11099 9547
2371,7829 1284 6700 9087 425 11960 8782 11140 8935 8342
2372,12372 11467 6076 2942 8986 12159 11105 11771 1945 5118
2373,10614 322 1402 4178 3971 1491 7823 11998 11995 11999
2374,12374 5848 396 9626 6736 11800 6323 9753 9628 5451
2375,11434 11339 12378 5686 11351 10751 9969 1344 9629 12377
2376,5954 11117 12379 4440 10138 7299 4860 4417 5152 5322
2377,9 5961 11235 11424 2148 10381 8571 11092 5095 10600
2378,11175 12382 2393 6817 2071 5424 12063 10419 4805 5425
2379,12009 12386 4968 12387 12010 5783 13387 12011 8423 11366
2380,12391 12389 12390 12392 11354 4843 10565 6852 10508 1003
2381,2044 3645 4031 10100 2133 878 1686 4085 2767 1206
2382,12398 12397 12394 12393 12396 12395 12399 7914 3967 11671
2383,5735 9686 5733 9980 9979 9983 3919 9335 9987 9986
2384,12401 12402 3889 12400 5706 5395 7806 5485 7810 3113
2385,12403 11789 6141 12304 11380 581 12404 12405 2335 8247
2386,12128 7194 175 3254 1400 3908 3941 752 8219 10236
2387,5197 4465 5196 11366 6498 6097 2699 3055 10715 8999
2388,12406 11953 6329 2556 8894 3407 8670 2033 8892 624
2389,1374 4068 7940 11366 8460 9582 8462 5364 9359 13379
2390,10088 3666 7094 10089 10087 13985 10198 10987 1136 11366
2391,12413 12415 12411 12416 12414 12412 12408 12409 12418 12410
2392,12419 11366 3055 10715 8999 611 4426 53 2820 13885
2393,1996 1997 12092 8216 12949 8214 15110 10083 11095 13812
2394,5097 5509 9349 5096 12420 837 11481 2157 7728 2251
2395,5796 11705 1038 1045 4245 10134 2030 9496 1039 12421
2396,7529 8887 11730 11728 10184 2732 7525 5899 11366 11074
2397,9710 2457 10357 5050 9700 12192 3926 503 7473 12193
2398,1181 2591 14527 11366 7376 1092 7375 4056 14528 12201
2399,12422 983 7614 622 2363 10699 6786 2680 7267 2238
2400,9468 778 6920 4246 4946 3472 8763 4937 1685 9390
2401,5357 3829 5356 5355 5358 3771 5352 5353 5354 11366
2402,7483 3479 666 7475 11705 9149 7486 4932 7476 7473
2403,1912 7781 7946 2727 9500 7933 9508 4786 2463 9506
2404,12425 2742 2614 11366 2741 13336 13561 13189 5998 8904
2405,6260 5852 11864 4229 3740 11150 3715 5168 9033 7290
2406,869 12428 9595 12427 3475 3958 1639 1489 6897 1488
2407,10560 2635 2634 7647 10561 11366 11454 11457 11455 11448
2408,6362 3077 3079 6703 3075 3078 1319 3076 6363 1320
2409,8783 12430 8923 10486 650 3302 9578 5827 5220 9109
2410,44 3903 80 54 94 4766 7132 13953 1255 13952
2411,6162 12432 6623 13394 13393 6783 6781 6251 6253 1663
2412,8946 4180 3100 3098 4470 3099 1661 11215 7504 11599
2413,48 12435 12433 12436 8846 12434 2556 4016 9905 2033
2414,12194 12437 2286 11729 7980 3004 1376 9589 14724 14737
2415,9744 9181 7399 9609 3577 12327 12438 390 11707 6980
2416,11712 10023 8135 11366 7978 4273 14281 13419 11468 10806
2417,10934 7467 1132 708 7738 11383 10798 11961 7680 10095
2418,8995 3458 10217 9152 11745 2133 11366 5016 12540 589
2419,9849 9954 12865 6176 7382 3862 11366 5902 8619 11215
2420,12444 12445 12442 12441 12443 11909 2619 2405 12809 12808
2421,11162 9689 3224 459 7503 814 6370 827 3934 6991
2422,12450 12458 12455 12454 12457 12452 12451 12453 7318 12456
2423,8844 11145 574 12459 11366 102 5793 3939 5888 8769
2424,7940 11968 29 6280 7349 7942 11366 12564 4068 5157
2425,12460 12461 1753 11007 6262 5657 1109 10363 13962 13392
2426,3967 4902 12462 1079 8553 12394 12396 12397 12393 12398
2427,11344 5511 1971 9826 6173 11218 12693 11771 10320 9127
2428,12463 12308 5736 713 1625 13004 11153 5879 11366 12479
2429,1267 9696 11077 12467 12468 35 12465 9603 867 3538
2430,4785 5508 11924 4784 796 10796 4786 4783 11366 4795
2431,6618 11432 6477 5897 9225 6750 4753 6612 11430 11431
2432,12471 12473 12472 12474 5570 4838 4409 11410 8892 575
2433,4263 9317 3633 410 3558 9046 3575 6440 6387 6316
2434,12476 12477 12478 7477 5802 7480 7475 7476 1117 7484
2435,10779 7489 10447 12479 5180 13534 5900 13536 8412 8235
2436,2916 9029 12482 9072 8584 2919 3973 10499 4367 10132
2437,12484 1594 5179 6658 854 12483 4535 7526 5711 10437
2438,12203 3691 2309 2283 11161 876 1305 10136 12202 5330
2439,2614 4836 11366 3465 2742 2820 9295 1323 1532 5998
2440,5438 6897 48 10662 12487 9281 661 5299 2498 3403
2441,12424 8125 12490 5603 5877 3942 8821 10894 10156 9504
2442,3491 9138 13776 3490 3489 13777 13778 8115 11366 3055
2443,3283 10471 3321 3324 3281 3349 3334 123 3360 10712
2444,12492 10194 4696 8687 8921 6597 1592 1936 11468 4705
2445,8559 10718 4205 6914 9282 1286 1090 64 998 7926
2446,2863 12493 6973 11366 3973 6979 6650 4121 6974 4258
2447,9693 12494 5853 6044 11159 6583 6046 14000 13552 3335
2448,10262 1293 12495 5297 5378 5510 12496 2786 1294 1633
2449,12497 3396 3725 8473 12017 1444 687 11366 9097 9099
2450,12498 5878 12499 10450 11366 5883 5881 2405 1674 5879
2451,10698 6361 3674 4599 6806 9237 1320 11348 1778 1779
2452,12505 11918 12508 12504 12506 9252 326 10160 11046 12503
2453,5123 986 2279 9890 7861 4021 7248 3505 2502 376
2454,1779 1780 1319 6362 9192 1320 6363 1321 4060 1778
2455,5099 3525 2693 13411 10761 11008 5098 9464 3608 4729
2456,10151 2439 8298 10148 10147 4561 8842 2432 7704 10149
2457,10336 10256 5923 10642 618 3982 5347 7115 1755 3580
2458,529 10731 10963 10657 11267 536 526 532 530 13289
2459,5475 4192 5941 4248 11823 11825 11828 5469 7041 11831
2460,375 7589 4476 2922 9171 9095 9274 10710 11338 8956
2461,3140 8068 3166 7289 3137 3158 3614 12562 3133 11366
2462,12433 2576 11667 3726 9905 12514 12515 10379 9930 758
2463,226 4255 6979 4258 11975 1675 4121 6974 6986 11366
2464,12521 12518 12523 12524 9556 12519 9623 12525 12520 12522
2465,12529 12530 1791 1790 1789 1794 1788 1792 1793 1787
2466,12532 12531 12382 12046 12533 4571 356 10209 10699 8493
2467,12534 5192 12500 10041 8805 4329 8811 13441 8806 12505
2468,5072 5073 5067 5033 5029 5034 5065 4366 2248 3313
2469,2650 12536 12303 6537 8373 13828 2651 2655 2296 11366
2470,11263 12537 10467 10030 11636 12400 7672 3980 11264 11034
2471,12539 646 12541 12538 12540 12543 4299 11545 11380 7353
2472,969 5807 12544 9000 10167 2252 1301 3586 4089 3135
2473,12545 431 4018 9589 14846 14845 14724 14737 3813 14738
2474,5887 5986 1585 6263 8471 2911 3837 8281 5836 6296
2475,3911 4979 10598 10143 11366 253 852 3927 3922 10835
2476,2877 12548 4603 11366 3055 12912 7081 12732 10715 9638
2477,2903 2902 2895 2904 2909 2898 2906 2730 5965 5963
2478,6912 468 12004 3039 6380 9318 9162 3791 2347 4220
2479,9438 8036 12550 1872 9440 12196 8509 3683 9437 6518
2480,12551 1003 4037 10073 11528 13712 9624 8477 14270 14761
2481,12555 5428 1249 12556 12553 2414 18 12552 12554 4512
2482,12558 5124 8868 5931 12562 11997 3616 12561 8020 6274
2483,12563 4417 12341 3156 5350 11704 3732 11072 6116 4442
2484,10715 9935 10266 4832 14702 2341 52 14100 5190 1351
2485,12564 11968 7349 4670 4065 7351 12565 12566 2439 6785
2486,391 6073 9581 12568 8689 2954 4579 819 5250 10043
2487,12569 12571 8741 5946 12570 7821 2115 5166 9426 14440
2488,12572 6520 11366 3055 10715 8999 8575 611 10810 6886
2489,5719 2739 4406 12233 12573 8083 7717 12051 3131 12050
2490,3214 685 2309 10291 14621 169 11366 10163 11485 9021
2491,12575 7127 9117 11970 11814 7322 11058 5394 6298 184
2492,2470 164 1501 3727 3280 4348 1161 6199 2476 7331
2493,49 11919 9773 5750 10540 11366 5748 68 12516 12666
2494,8268 5577 769 3033 9549 4977 13228 8279 6577 8276
2495,12030 4449 8258 9224 12577 9743 8864 4764 6045 14580
2496,4964 5896 4560 4073 9228 5895 11602 11366 4963 12523
2497,3662 10672 687 2737 1033 3933 6532 12103 11849 11366
2498,11980 11169 5832 12579 5720 4340 2677 7968 2097 1074
2499,1284 3556 3322 10161 797 5928 504 7421 4230 3100
2500,5754 11561 11562 11556 151 12581 12583 152 1909 946
2501,7951 7103 12586 6624 7742 2060 7743 12587 11228 3669
2502,12589 8406 4688 10099 7058 10990 12074 12072 6557 12080
2503,194 3820 222 3351 5060 10128 11048 10645 5170 1080
2504,10249 5109 5257 447 6768 7917 2210 9519 9014 7400
2505,12590 11356 11796 1366 7976 5352 1938 14048 10220 14047
2506,7555 4895 8314 7560 7557 4908 2667 7564 7563 4903
2507,10102 1049 3215 12563 5350 11366 9820 5122 10261 12341
2508,8608 10354 10577 8443 2616 3076 10740 2341 4324 10353
2509,12591 10594 484 8519 4022 4798 12873 10032 8398 891
2510,12592 4923 1981 3750 3740 9521 3708 3164 6975 4453
2511,7265 8427 10210 3257 4875 7268 1739 6650 2300 2180
2512,10966 9322 7183 2632 3220 4262 2676 815 1683 504
2513,1348 8687 2153 2513 10213 2521 3157 2511 12109 984
2514,447 6436 12431 5094 4203 142 3477 2004 3025 2767
2515,277 12432 10619 8471 12459 3848 2268 5023 11335 11331
2516,9391 11905 5014 2776 1817 6211 1969 11707 2783 8742
2517,11097 10133 9351 11201 8080 8079 12593 6762 10361 5629
2518,12596 12595 12598 12599 12597 12600 7715 6491 6589 11341
2519,7262 6761 7258 7136 7899 13460 13252 7257 7261 11366
2520,12601 8168 12602 11004 3558 14788 13383 13720 14035 14784
2521,12605 12604 11304 12603 1368 9119 2197 9466 5368 45
2522,980 4220 927 1363 10502 10501 958 1361 1359 965
2523,629 12606 394 1681 7787 7788 7789 7790 7797 9210
2524,739 14852 10806 833 9035 14553 15230 834 763 829
2525,4616 4612 12608 12607 12609 5533 2380 2379 2869 11347
2526,9528 12610 7768 9618 2747 5366 2262 8337 9092 169
2527,2839 12611 3506 11114 4470 267 11366 11610 12520 261
2528,3900 12612 11285 3993 10708 11378 2858 5982 10075 6981
2529,12613 12615 8902 6140 8099 5627 7444 12614 12616 12619
2530,10461 4626 12735 7081 12732 12725 6556 12934 12737 3083
2531,127 6033 6178 11216 12620 3577 7633 4003 12621 635
2532,4422 10435 10960 685 2754 331 742 8890 5809 2807
2533,9653 9397 9988 841 10602 10823 6699 12022 11366 11760
2534,8207 8208 8205 6628 8206 8204 4982 12622 12623 2846
2535,8586 12625 12624 8583 8579 7110 8584 8582 11366 3013
2536,11306 11315 13559 14638 12626 14859 11314 14861 10251 13558
2537,12630 12628 12629 12627 9639 5668 9644 6811 1726 3442
2538,611 12586 2502 1641 12633 3195 10820 188 3682 3678
2539,1378 11317 7505 8970 667 3703 7774 10505 9216 3620
2540,10225 4030 6932 1388 10391 2180 6650 11366 7265 10060
2541,12634 1659 7495 3501 3977 7301 4557 4467 10652 2915
2542,3108 1032 1281 4775 3971 2117 4992 2827 3111 3109
2543,12636 12635 11366 3055 10715 8999 611 4426 53 2820
2544,8477 1003 7077 4693 5536 11723 5871 8443 10854 10856
2545,5851 6218 368 11982 5924 6930 11981 5936 5930 5931
2546,12638 12639 2302 11795 6518 7378 8738 7269 7273 2258
2547,6781 6162 6783 2847 9803 7108 9103 6776 13386 11366
2548,12643 12644 9191 1779 9192 11892 6804 11851 7366 2884
2549,12310 12646 12068 12181 12645 12649 12647 12648 10975 5627
2550,2375 2371 1778 1320 4060 4606 9192 1321 1779 1322
2551,4631 12409 8507 12650 10979 12651 6766 7532 4628 4633
2552,12652 11396 8140 6801 12371 5063 3747 1613 5497 11704
2553,139 12654 11410 10881 4281 12473 14154 12471 14444 11366
2554,12655 12657 12656 670 11721 12211 9969 13621 11722 8161
2555,5417 5418 5416 10663 6056 6214 10291 5419 5420 10657
2556,12663 12661 12662 12664 12660 12658 12659 10067 1714 14761
2557,12665 11366 3055 10715 8999 611 4426 53 2820 13885
2558,12667 9781 3406 10078 6825 6005 7370 6114 951 3796
2559,11243 1199 7914 1615 3336 8352 12668 6564 8935 6381
2560,12669 3884 12670 12537 4434 3883 14466 3880 11366 7911
2561,12672 12671 5345 8889 12743 11366 2816 2814 3055 1475
2562,12291 12673 12674 12290 12675 12293 12292 6269 11366 12289
2563,11361 9071 637 688 5498 4260 11409 12752 15046 13124
2564,12676 12677 12678 14679 10844 10845 13001 13666 13703 5472
2565,39 5305 9605 3973 6904 2529 11366 5097 3546 37
2566,12679 12681 12680 12682 10219 12683 8781 265 266 14172
2567,12687 12686 11606 3603 11882 2942 4521 11262 4263 9317
2568,12688 3521 9463 10674 9252 3382 5951 4833 9008 3978
2569,12691 12690 11366 3055 10715 8999 611 4426 53 2820
2570,5588 12395 11933 9266 9603 5590 1073 374 582 3761
2571,12694 12693 6504 6525 11773 6674 11147 7172 11692 15131
2572,8763 3518 9983 8046 9977 8765 921 849 1458 2937
2573,2869 10090 10087 10089 670 671 672 10088 7094 5868
2574,12695 12696 9958 12183 964 3568 1958 8213 8487 2665
2575,12697 12312 11366 8508 10980 12065 10723 1343 12313 7753
2576,1581 4785 8005 8006 11985 10580 10581 6211 10582 2181
2577,3332 3380 9118 11715 14676 3359 3325 3349 9678 119
2578,12703 12700 12705 12699 12701 12702 12704 12707 12706 12698
2579,5413 7499 295 3378 9184 4823 11465 3234 11417 11416
2580,9849 6176 7303 2457 1833 6427 1835 8946 9954 11599
2581,12318 4924 12709 11576 1683 12343 5455 2676 4742 11862
2582,12710 2156 2085 5587 12711 2083 2084 4093 11370 4653
2583,2917 7284 6521 2919 2925 2922 2927 2921 2926 2918
2584,12182 12274 8757 13996 14772 14665 14773 12179 2805 11207
2585,12712 3508 6815 700 12713 9219 2407 6035 1762 3939
2586,1423 2075 5577 11843 12714 3467 2588 2077 1428 1415
2587,8948 323 2656 12715 2052 12716 10270 9619 8946 794
2588,12234 8840 12717 575 11366 10177 10172 3055 13110 8574
2589,2360 5458 1477 11830 1484 1068 1750 11827 5454 7417
2590,12718 8318 12923 12925 7878 12924 12859 12466 5699 1677
2591,353 12720 12719 575 6842 5174 7046 6085 8855 6778
2592,2067 4759 11366 383 2294 12724 13754 3580 6958 1418
2593,12723 12721 12464 12722 8088 10726 7673 684 6401 9129
2594,7081 12732 12739 12239 12737 12733 11381 12730 12731 12729
2595,323 445 201 11089 7276 3162 3559 3949 497 492
2596,611 9007 10421 759 10477 4976 3213 1476 6965 10594
2597,10656 6348 6064 3254 10718 9480 3715 4780 8347 7275
2598,9826 5782 7141 5781 12460 11366 10255 5657 11007 6262
2599,12740 8825 14402 13925 12495 3804 11945 14021 14020 13364
2600,12741 4893 3875 7391 3909 3148 12064 14956 15044 14280
2601,3127 8186 2080 545 5947 10234 10340 7989 14820 8187
2602,2742 2820 3465 12742 2815 12743 10260 1166 1165 12744
2603,8842 2427 10147 10148 10151 2426 10149 10145 10146 9974
2604,8496 11684 11147 12623 8498 2267 6117 8965 11782 6590
2605,12209 2876 9751 7065 13785 9194 10808 14677 5690 12210
2606,12749 12750 12751 11366 3055 10715 8999 611 4426 53
2607,1577 4953 7537 7535 7534 7017 1564 1576 1565 11366
2608,10334 11329 12752 7415 10763 5145 9702 11326 8991 7961
2609,12753 11366 3055 10715 8999 611 4426 53 2820 13885
2610,12754 12755 11183 11366 3055 10715 8999 11181 12192 11182
2611,4141 9962 10366 9663 2369 10365 1355 1829 7096 1354
2612,12758 12759 2952 9551 9091 7965 11867 5051 9397 9780
2613,12761 12760 12762 967 966 724 3664 12763 961 10930
2614,3796 12150 2957 5096 12764 11130 8817 6084 6029 797
2615,2880 6553 3038 14745 12914 11366 4037 5449 14751 4039
2616,10909 1963 11291 3620 6957 5001 11297 13582 13580 13581
2617,8525 2323 2469 15169 5725 13050 10866 15218 15170 15219
2618,9939 12765 1147 11534 5404 9938 9405 10155 6529 11366
2619,12085 12766 5904 7246 14147 10561 11366 12543 12084 13197
2620,12767 12768 12769 9672 7988 2335 9671 9670 9676 9673
2621,1796 9715 3698 3036 1443 4761 11366 4235 8703 3697
2622,10877 12781 12773 12152 12778 12775 12780 12772 12774 12771
2623,687 7310 3257 12784 469 7245 1702 2322 1417 2460
2624,6601 4104 12549 2446 5772 2065 6402 7970 5885 5059
2625,12002 8995 1395 205 7918 4032 11998 11999 11995 12000
2626,4995 11164 12580 3940 3024 3335 8751 11301 9693 4092
2627,6920 1978 830 4257 834 769 1218 778 11804 5081
2628,10201 12788 12787 636 8346 1868 10204 8364 9942 12638
2629,12790 12791 12789 696 5494 3937 323 11366 700 3809
2630,2059 3279 4433 4432 4435 3280 4429 4421 4431 4420
2631,12792 11792 7806 4534 12402 12401 13814 12400 5706 5395
2632,8284 6874 4880 185 8288 3275 8279 8293 6405 8276
2633,5090 1408 8878 838 5086 1425 5085 2066 2467 6370
2634,896 2561 5275 2234 2573 10505 9975 9286 4920 6470
2635,7955 3555 772 3702 4483 2164 4365 350 2601 2735
2636,1821 1822 1823 1825 1827 1824 1826 623 2866 4459
2637,12798 12796 12799 12794 12795 11530 12801 3268 6066 37
2638,8607 9396 9811 1289 2211 2625 5421 2575 974 2497
2639,9429 2218 932 7614 948 3140 6366 425 2211 4218
2640,7249 6351 3465 4514 2814 1166 9784 404 12805 1535
2641,3415 12806 11366 6734 9750 6733 9540 9549 7061 7060
2642,5401 10781 4951 10783 4673 3246 10782 11366 6391 295
2643,12441 12443 12445 12442 12444 11909 12808 12809 1156 11989
2644,10056 981 6141 13671 14805 11366 11747 14325 15095 11231
2645,829 983 10415 7306 10065 1190 8361 9933 10308 10307
2646,2748 3144 1840 3781 8424 9226 11654 11366 10348 10597
2647,4225 5664 2838 651 5942 2625 171 1436 149 169
2648,9929 9899 11176 10551 2027 9684 3867 6875 9909 9587
2649,2603 3680 1801 8270 12814 10345 3166 10346 3158 10344
2650,7231 9089 12309 7931 4189 811 5151 7232 7836 7997
2651,12815 6715 12818 10248 1342 12816 12817 7866 5785 11283
2652,12163 2133 12570 7570 5001 4882 323 14602 14601 4418
2653,10880 12821 12820 12667 12822 6942 11035 3403 5096 12818
2654,3513 6850 2195 8463 2521 9922 4185 795 3510 14684
2655,12824 12249 12524 12248 11023 6619 1663 9809 10870 10867
2656,406 12825 14811 14812 6326 3017 14743 15032 14054 6325
2657,1965 5734 3505 1960 1018 4897 3055 10016 3723 10544
2658,620 4455 12040 12039 621 606 627 5907 9714 7641
2659,12173 9243 12828 10655 8829 5218 10493 131 10564 4014
2660,12232 957 12231 3947 390 9742 9581 9183 9692 1509
2661,10333 2412 3510 8584 10530 3513 9504 9656 10438 5915
2662,12829 15092 363 6984 5322 11366 994 3055 11916 8307
2663,828 5315 2001 6919 2492 3200 1439 4862 778 5089
2664,6926 5484 6925 3469 5637 6928 4922 6927 4894 119
2665,12835 12834 12830 12833 12832 12831 5159 5467 3129 8252
2666,3200 11173 662 9707 5154 9700 8252 4248 3129 5160
2667,1052 10174 10380 2799 7442 6970 11713 9297 2205 2557
2668,12836 11366 3055 10715 8999 611 4426 53 2820 13885
2669,9470 9473 12838 1631 905 12837 431 9334 2093 9477
2670,6203 3329 11244 2540 357 11297 7933 6206 7278 2512
2671,7058 10099 11348 12589 10075 11721 11722 11889 14439 14438
2672,12840 1799 6523 1551 6522 499 994 10157 15161 15162
2673,3444 954 12842 7908 8761 940 946 958 927 211
2674,10974 12844 1873 12843 12581 12845 4929 7183 8837 11066
2675,8483 676 5525 765 3811 3929 12983 5372 2599 1553
2676,10219 12846 12679 12306 3360 12305 12307 7212 12681 1096
2677,12847 5971 12084 6216 1423 4757 1028 467 12087 12320
2678,11732 4723 3446 10044 12319 11731 12047 3961 11238 3369
2679,4420 12849 2832 12851 3280 980 4432 4433 4435 4429
2680,1796 12144 9715 12852 2324 1879 4761 11366 12145 12143
2681,4180 10972 12853 1797 11366 895 9953 7504 745 9875
2682,844 6053 5071 2897 1648 11426 11427 11174 4644 3129
2683,12854 611 9694 12856 9321 2135 12855 2240 7716 5998
2684,12857 13294 8382 32 8504 1383 11366 2130 3055 10715
2685,12220 12858 12860 9323 9324 12859 1558 12236 9830 11862
2686,10197 10194 12214 12217 1365 4735 10196 1794 12216 1941
2687,10506 11657 8385 7406 8821 10611 8322 7674 11143 2831
2688,4059 2666 10980 8637 8633 8632 13812 8630 8625 8626
2689,1564 1565 9273 6374 9527 9322 6344 5465 5178 11213
2690,12863 12864 4381 11366 3055 9291 13530 13898 10715 13887
2691,12030 6226 5767 7527 6045 4764 4665 11592 6479 9344
2692,9954 5902 12865 7382 9849 8619 1466 5908 9497 5901
2693,10913 12866 1141 8296 5535 9307 1135 1148 9547 11325
2694,2183 12869 12651 12482 12867 5337 12868 252 2638 5205
2695,12870 12871 13522 13526 13525 13169 13523 4588 14381 2207
2696,6413 11469 8611 10240 7959 4278 2133 11162 6370 9689
2697,12591 12873 891 4022 8519 4798 10032 8398 4026 8856
2698,1367 12874 12876 8863 9466 3684 11537 12875 9475 9994
2699,12878 5179 12879 7524 8884 6089 15279 15278 7526 12484
2700,7420 10919 7724 12042 2765 3546 611 143 8799 2761
2701,12882 8805 12883 4137 4134 8806 4138 1011 12534 8807
2702,246 6294 1901 6597 12546 891 6837 4281 2458 247
2703,6123 10589 12885 982 1391 12886 12431 12777 5770 7100
2704,12299 10971 12887 12300 11366 3055 10715 13250 13249 11775
2705,12888 11986 1590 6946 8233 7168 792 12026 13733 8978
2706,5886 12459 3814 12890 10783 7670 11366 10782 7201 13045
2707,6846 6845 6840 6844 6843 6841 6842 4379 3492 3609
2708,8842 11303 7523 10147 10148 10151 2427 10149 8841 10146
2709,12894 674 6741 2379 8158 12893 12897 1829 1356 12896
2710,12898 5353 2995 2654 6244 10716 5715 6485 2627 6484
2711,10729 9199 3982 5955 2661 4375 8472 10727 7672 9210
2712,3067 12900 12899 3065 13166 3066 14407 12323 14315 3064
2713,4141 1354 1355 4140 1829 10365 4142 1357 8542 4144
2714,1744 10766 12901 2706 3304 6622 11053 2127 1425 14275
2715,12902 7086 11366 3055 10715 9431 8999 9432 9434 9433
2716,12903 12906 12904 12905 11286 9517 5430 7986 13316 13955
2717,12907 4783 13592 4784 13591 10031 4786 4793 4798 4802
2718,6705 4134 5876 9194 1011 2890 1318 1777 4063 7057
2719,6474 5299 5989 6571 12501 11008 3865 9487 4147 9097
2720,5340 9832 7707 12708 7706 6803 1668 8958 12908 7705
2721,1002 11778 7056 999 11366 1005 1001 1000 1004 1012
2722,1329 3398 8756 11294 11366 4344 8945 11292 3881 11295
2723,5022 11584 11750 2710 2258 7131 13100 12563 11581 11582
2724,5819 12910 4593 14291 5806 7203 14294 5816 14293 7204
2725,221 5380 4948 11650 11649 1227 213 8650 223 212
2726,11231 14805 13671 13328 15010 14325 15095 10056 14799 11164
2727,8808 10041 5193 12501 10733 8806 14328 13635 11366 13441
2728,11261 12911 2614 12480 12410 10259 11366 14684 13210 14683
2729,6727 3975 11068 11067 11065 10378 3695 11071 10712 10139
2730,12912 12915 12913 12609 12378 10753 10590 9537 7075 9638
2731,1663 1522 6783 1939 9810 6162 9809 6253 2438 1665
2732,10178 12016 9019 10049 9524 3733 106 241 10174 3364
2733,4688 4132 4687 3083 9753 1317 9756 7096 7091 6323
2734,11915 12918 12510 9125 5753 5748 11916 2958 2314 9340
2735,10272 2295 10271 6839 1679 10269 4610 11366 11964 5264
2736,1665 9810 9809 1662 13206 11366 4069 1663 1939 6780
2737,12920 12919 1825 10366 6733 10365 9754 9236 11721 2378
2738,5217 5215 3319 3378 5825 3377 6300 12922 12921 4912
2739,3843 4416 2876 2374 1826 9850 11801 11797 5662 6811
2740,12923 12859 12924 12925 12718 12466 9395 1554 5111 8032
2741,1719 2373 4138 7067 9852 12929 7057 12282 13621 7404
2742,12930 2984 11594 10000 5714 12931 7165 1795 13255 1177
2743,4414 1826 7098 10995 4134 4416 10199 11366 4415 12643
2744,7077 12932 12933 12935 12934 6847 10461 12735 12725 7081
2745,2923 6863 9203 3921 10704 2127 6690 10697 7710 2917
2746,9642 9636 9641 9637 9634 9633 9632 9631 9630 9635
2747,1011 3443 11366 12936 1005 5688 12376 4692 14751 14269
2748,2375 2371 1779 4606 9191 4060 5845 9192 1320 12929
2749,14 11 15 12 22 13 9021 8506 1274 24
2750,3613 10725 7691 3796 12873 10049 2397 7049 363 7169
2751,8650 12937 6172 11649 10363 1851 12938 12352 10714 6171
2752,6717 6725 6718 6720 6712 3893 6709 6719 6722 8897
2753,7478 10736 6164 230 3425 1116 12939 11733 4948 231
2754,10953 7425 12731 7078 12728 6809 12199 8824 9854 7081
2755,12940 10318 10315 10319 10313 11366 10317 10312 10314 10320
2756,4806 4807 12941 13197 13198 13199 5473 368 1672 10896
2757,10858 3079 4402 12942 3076 10854 10856 6703 11103 11100
2758,967 12943 7655 977 3663 12944 12761 966 15052 958
2759,11531 1322 4401 5449 1778 8038 4606 1321 2375 2371
2760,12946 11833 4581 15052 2196 4589 966 9880 7655 12943
2761,8882 4352 4852 10135 11366 12470 10894 4795 10481 12429
2762,500 11014 2715 11010 497 11011 11013 505 11012 11009
2763,7858 6165 6887 12947 7880 2439 14648 14649 14650 14653
2764,1544 2795 8288 13822 14791 12949 9770 12062 11366 2801
2765,12735 10569 12725 7081 12732 7077 10461 5534 12731 12729
2766,12956 12952 12951 12953 12958 12954 12955 12960 12957 10448
2767,5831 746 5830 8996 10676 2145 10136 11918 2409 1384
2768,12961 10180 9667 12962 11790 5177 14410 13101 11366 11784
2769,12963 8592 13822 5324 13720 12612 14791 14164 11366 3561
2770,12965 1938 10188 11356 4358 13359 13378 7328 3847 5478
2771,10528 6000 2741 2742 1165 6001 11097 4516 13327 2820
2772,5043 5041 1296 5055 11817 5057 3208 5048 11366 9876
2773,12970 12968 12969 12971 1129 12967 8629 2663 11038 12129
2774,12972 12973 6516 9937 8766 6529 14095 8914 1763 8929
2775,4395 4404 1170 3153 8715 4390 4394 4286 4392 4400
2776,6228 3241 3242 4627 4569 6070 4204 3243 3240 10232
2777,10860 12974 12975 5833 12976 3716 12977 5760 9425 9985
2778,12979 11366 3055 10715 8999 611 4426 53 2820 13885
2779,6670 9972 12980 10466 10465 14314 10463 10467 14146 13961
2780,6317 2768 6044 12916 6223 9564 4820 4761 1452 1568
2781,12982 5889 7519 12983 12579 6931 8980 11862 6397 13161
2782,12191 11935 7053 1830 10571 3991 10386 11905 3577 11669
2783,7539 7532 7540 7537 7535 7534 7536 7542 7541 808
2784,12985 2284 4932 6784 1174 10644 13667 11661 11983 3854
2785,4599 4403 11350 11348 5450 10698 11801 12558 10854 11797
2786,10011 12986 7168 14833 14834 14667 11366 14143 11602 2391
2787,10264 11835 9690 6358 11366 1487 9028 9994 7050 8455
2788,12988 11142 6558 1593 10021 2413 2022 2440 4694 6400
2789,12989 8635 7909 12990 6332 11209 3795 12991 6719 8086
2790,2820 12426 5998 12994 9794 1166 2742 405 11881 13187
2791,4285 5604 7456 4294 10856 4394 4390 10854 11366 11784
2792,9185 9531 4484 2950 8241 6971 9182 9210 3822 9181
2793,5537 1709 10995 7098 4618 4622 4619 11386 4615 11385
2794,10155 4345 12996 9405 11958 1813 6892 6903 9939 5611
2795,5237 9694 10856 9596 7772 9597 9598 10854 9599 4284
2796,7056 1860 2379 11347 2375 1859 1916 7060 7061 11806
2797,9102 12184 12677 12998 10845 10844 12999 11688 8085 13001
2798,1625 12479 12463 11153 13004 5879 14152 14235 8126 12553
2799,1323 405 11880 2815 13005 13006 13007 1535 2820 12426
2800,4335 5183 3855 183 225 7369 280 1041 3994 11160
2801,13009 13010 13011 13008 9015 13316 13410 14021 6721 12903
2802,13015 13016 3488 13012 3719 13014 11316 13017 733 12325
2803,13018 6268 4352 12417 8408 14970 14526 7381 14854 11366
2804,4646 4648 4649 4650 4653 4652 4657 4645 13021 2804
2805,13023 11341 5358 12597 13024 576 12383 14411 11326 15141
2806,13025 8565 9588 12421 13026 2900 5890 3097 11705 5796
2807,13028 13027 9403 13029 4388 8471 1123 11785 15261 5939
2808,3667 10627 10461 11778 3416 5846 8982 10753 2870 3668
2809,5564 13816 3012 6797 13812 5566 6793 4641 6795 13021
2810,1058 2297 3937 4049 4981 7283 1055 1054 1076 1037
2811,8839 11779 11856 10289 7659 11781 11782 11783 11780 7933
2812,10592 11029 13032 4076 10472 13263 9295 6463 11366 3028
2813,12359 8418 2294 2290 2608 5271 6116 13033 12043 1417
2814,8357 5695 13034 13035 1910 8613 5296 4371 6525 14117
2815,4976 6261 12320 8249 4049 2733 1054 1052 6433 1750
2816,10056 13037 13038 14805 13671 11366 15095 13328 14325 11231
2817,7304 2118 7771 4841 8556 12634 3921 7308 7307 7312
2818,9015 13039 13040 13900 13008 14075 9280 14077 11366 14194
2819,13041 7676 8183 2320 4504 8203 7886 6904 9285 12481
2820,1098 9609 6376 11476 7458 5633 5502 2736 217 3538
2821,1835 3603 4263 9317 1833 8522 6440 9046 7045 6387
2822,2764 871 11366 879 8403 2761 494 6912 3476 9459
2823,234 1617 8229 2427 1619 1622 1501 1295 2471 3727
2824,255 9215 7285 13042 570 9921 894 11067 11068 11065
2825,11846 13045 11983 12038 7019 6936 7712 13046 7251 6058
2826,10702 9122 10484 11200 3868 11138 11302 3946 9680 3552
2827,13047 6714 8123 1574 337 4184 8672 10602 8651 9653
2828,10583 10931 1540 3496 10581 8006 10580 8005 2175 5906
2829,1001 7063 1354 7062 2371 12644 2886 1000 1355 1008
2830,5872 7076 12058 4608 10367 5870 5856 5855 5861 4331
2831,7694 11534 6333 2821 7695 9939 5346 4282 11366 3055
2832,10489 9249 2079 13181 3222 1362 9288 8354 13083 10488
2833,6092 6507 13049 10941 4705 5788 1406 6091 6093 5598
2834,13050 8525 15169 14901 14214 15086 14213 11366 8020 10866
2835,7387 10295 4486 11140 1819 8643 5663 3643 2810 11366
2836,12616 7562 2667 14515 14516 10873 10872 11366 6140 13531
2837,8892 2742 11627 13052 3262 8894 8893 11366 6996 13327
2838,11271 10585 10660 5474 9010 1387 6436 7514 204 7345
2839,8645 10071 10073 2869 11420 4035 10072 10074 10070 10075
2840,9853 4574 4598 6432 2014 1726 11366 2379 13270 1143
2841,11070 4406 6938 1693 11067 11065 10837 11068 11366 3695
2842,4236 4204 488 7413 4247 1236 3710 3258 1586 12004
2843,6106 2608 2653 6112 10536 15248 6116 12206 7994 5727
2844,4138 6553 1357 1354 7067 1719 11366 4132 1829 2371
2845,5935 8808 5936 5924 5930 13321 5932 5940 5933 5931
2846,5522 2637 11919 7188 8488 1985 5259 8130 5506 6533
2847,1859 12551 1860 11806 1858 13992 12375 11366 1863 7546
2848,12173 9032 7825 3568 9243 10493 8829 10655 12828 11366
2849,10591 13056 3841 11366 14519 13927 14913 6603 320 3177
2850,11583 12422 7675 12509 11627 15210 11581 11582 11580 12883
2851,13058 9563 7616 5460 2113 518 11366 6583 5569 9711
2852,12745 13059 10525 11366 12743 12744 12742 10260 13248 3055
2853,8542 2996 4604 13060 2980 6807 6808 1011 11922 4461
2854,3132 4396 443 970 3771 5364 7792 7790 7793 7797
2855,260 4537 10850 5391 13061 2003 10832 6189 4543 4540
2856,5059 6191 12168 12536 868 11333 1186 7094 4134 6364
2857,7837 4159 8672 5040 7140 4146 5956 1687 9261 5054
2858,4857 2961 2463 11366 11158 5719 2479 165 6376 3131
2859,1011 12729 12332 6320 11347 10365 4141 5671 12732 7081
2860,6279 3437 10979 3566 3567 4883 2787 13063 9572 13064
2861,13068 11689 12684 10427 12685 1554 13655 6923 9623 14446
2862,13069 2166 2627 6623 13070 11177 11592 6226 14012 15131
2863,2789 13071 11472 13073 13072 9348 7557 15113 8279 13946
2864,8711 10 10358 5176 10360 2207 204 7345 11271 509
2865,13075 12914 13076 7819 12915 7451 13702 13572 12839 6557
2866,5205 8426 11115 8414 1451 2183 2180 6650 12869 8417
2867,7340 48 13077 4760 42 618 6330 9875 5374 2290
2868,4413 8443 12644 12643 11348 11889 11892 5533 7819 12731
2869,10359 5299 7800 10360 5176 10358 10356 13735 6579 8747
2870,12459 13078 10983 13079 13080 12809 11366 8844 11603 13177
2871,13081 11899 13082 13313 9037 7566 525 3733 12516 13752
2872,13083 1052 7645 507 5505 13181 12447 10489 5336 10204
2873,5777 7266 6151 6150 2101 6532 11595 8306 5780 5775
2874,8939 1750 3115 8721 2751 7280 2682 5760 8366 5436
2875,11474 3526 10902 1096 11565 11366 5491 4911 8292 7828
2876,13091 13096 13089 13062 13095 13097 13093 13088 13098 13092
2877,13100 13099 987 13101 11584 5022 1256 2669 615 15106
2878,13104 13102 13103 12521 11783 267 265 14182 14837 12681
2879,3238 4899 4900 4883 1371 7414 9499 3237 7559 4906
2880,2250 1816 11088 1612 10422 4780 5063 9157 5726 7930
2881,12138 11656 10119 13385 1932 11085 13782 8118 7704 12148
2882,13105 9180 2032 10729 12717 1094 11117 13668 11054 15019
2883,13106 11337 13107 5297 4528 11326 14176 11341 11329 11334
2884,7056 10747 2379 11224 11347 11225 4145 11625 12731 10748
2885,7206 7203 9700 7204 7207 9855 9293 6691 3999 2355
2886,13109 11342 13110 13108 11925 8518 9505 12351 7647 12356
2887,1342 12816 12818 12815 9934 12817 6128 314 6715 10248
2888,6252 7294 8059 5934 5617 6883 7628 9650 9655 7625
2889,3083 7427 1771 10627 7215 10461 4687 7554 11347 4598
2890,11347 13111 13112 2379 11366 11816 12729 12731 12733 12739
2891,5554 10976 4718 10085 13114 8275 8486 3897 9761 4356
2892,10885 2117 14676 601 3291 1017 10077 5589 8754 10139
2893,2112 11135 5806 5816 5807 5803 14888 5805 11366 2114
2894,12936 10807 7217 1000 1773 5688 5531 9664 1774 5854
2895,8823 9651 11866 3559 12698 11863 11366 11865 3584 1589
2896,9967 1711 9968 9969 1151 12548 5129 1709 5667 12332
2897,13116 12520 14176 11312 14725 13719 13610 3858 13718 13107
2898,9901 9911 5574 9927 12517 9923 9907 9905 392 9926
2899,2142 7130 7129 79 2125 81 15230 7113 7123 7111
2900,2742 11533 11788 360 11110 2614 2815 2820 13327 1165
2901,13118 1958 7293 3536 14795 1294 11207 13031 14947 11366
2902,169 745 1252 4180 6648 5957 5958 1095 2262 165
2903,11758 878 10837 4249 126 10838 11366 99 9318 14140
2904,13120 13121 13119 2905 6398 13122 6315 9698 6389 12383
2905,8826 9784 5852 8834 8833 8831 4515 8732 8835 8829
2906,7408 5023 9199 8058 5405 13113 14739 11287 11282 5898
2907,9409 7178 9410 5827 9182 9419 9411 9416 9408 9417
2908,2989 372 13125 4310 2695 377 14280 15044 11366 3116
2909,13126 13127 8440 706 3245 3391 4079 14253 12150 10284
2910,5424 2071 17 7133 5425 12382 11175 3528 8280 1687
2911,8766 11399 12972 6221 3020 8745 11366 12973 2103 1415
2912,5243 13129 737 10678 7320 10486 10017 2311 618 1798
2913,13130 2909 1507 9441 1497 2552 11366 10022 5685 10809
2914,9895 6236 7855 9893 9892 13131 11770 13716 11772 9894
2915,13132 3114 12362 9343 1808 578 4757 3753 13262 242
2916,5398 8819 4243 14121 170 1834 2102 1811 5623 2757
2917,11070 11586 10503 114 11068 10837 11065 11067 11366 10838
2918,7217 3443 4692 1704 15041 1774 12936 5854 11366 10258
2919,10806 9035 11058 10479 97 63 70 4866 99 2479
2920,7135 7132 12384 12810 1288 11658 11814 7134 3022 7125
2921,13137 7950 12345 12938 12354 6257 12587 6685 12363 6543
2922,11763 11764 13141 13547 11765 13142 13549 2590 11366 2946
2923,13143 10571 5397 11669 10572 11935 11905 3990 7053 11670
2924,2150 1657 2520 6871 5888 11300 2775 3182 3939 8769
2925,9613 12812 6429 2212 10636 6472 10487 2785 1652 1486
2926,13144 2017 14832 14831 7783 8713 13314 11366 8710 5572
2927,639 13145 915 643 642 12187 638 11366 636 4009
2928,13150 13146 13147 13156 13152 13157 13149 13148 13155 13151
2929,12172 8646 2833 13160 15165 12582 14684 13054 8244 1703
2930,13014 12808 8938 309 5632 4998 8039 8026 7485 1064
2931,13161 4079 1431 8573 4080 6918 4131 476 4862 824
2932,12801 4106 98 2294 12359 8418 2290 2293 2860 2067
2933,13165 13163 13164 11439 11435 5440 11437 11434 11438 11436
2934,13166 9360 14882 6355 14884 13693 9361 3067 13440 14368
2935,11957 10460 13168 11670 3992 9405 11623 10155 11366 8837
2936,1219 4269 795 8946 8252 5055 8938 7280 8948 4254
2937,4739 7829 13169 1581 4734 4733 4737 10837 9425 10588
2938,12927 12928 13170 12567 12082 8968 6685 5157 7899 13460
2939,10173 7613 5493 10634 42 10177 10172 8858 8574 10170
2940,13172 13174 13173 11963 8138 9214 3170 10715 15068 15249
2941,1677 6228 5904 5917 5483 6086 5476 11601 5470 11600
2942,2008 7001 5196 2705 14146 13961 5714 4941 11649 13893
2943,6622 2979 9809 10767 2985 1665 13704 10226 12566 13456
2944,13177 4629 11785 15261 4628 7409 14968 12100 13078 12809
2945,1001 9194 4687 4132 12644 4688 7062 1000 10748 11348
2946,6505 13178 13180 3641 13179 1338 6543 5788 6495 9661
2947,3083 4687 4132 4688 7427 13185 1317 1777 12643 7057
2948,2369 9853 2372 6361 4606 2371 5845 2375 10994 1357
2949,13186 13187 2820 13188 12426 4514 8830 13189 1529 1166
2950,529 8841 6287 536 526 13293 532 533 530 7236
2951,6772 1179 11769 12081 6771 10003 10002 934 10001 943
2952,6206 6207 13190 11479 6204 4877 6203 6205 771 3195
2953,7890 1928 1674 11871 8041 13192 8256 5286 12351 6544
2954,12231 13194 13193 957 12232 9742 3947 9581 390 9183
2955,13195 10187 8725 8467 5347 11366 10186 7200 3055 10715
2956,1771 4037 14349 14218 14350 1770 3842 11366 14351 4132
2957,13197 13198 13199 368 4806 7999 12766 10896 1672 5473
2958,3854 9874 9869 13110 8784 2440 4794 8529 563 8840
2959,2742 2820 2743 12007 405 13200 1167 1168 2822 1324
2960,11225 4600 9756 11224 12239 12242 7081 12732 1321 12241
2961,13204 12468 11395 9682 10118 6170 908 62 13393 13394
2962,13206 13205 6187 6183 4069 9477 1123 6173 1665 6171
2963,2914 9837 9835 7949 13208 1840 7980 13207 9226 2912
2964,9751 4135 5672 6804 10991 8982 7068 10627 10953 13209
2965,3412 13210 12990 2700 13211 9713 3526 14815 14817 9776
2966,13213 13215 13216 13217 13214 77 5601 5023 691 11366
2967,12088 13218 5694 12090 12089 6844 7782 6327 11366 3055
2968,8111 10064 8381 10130 13989 11366 3400 13308 14322 3055
2969,10157 1983 13220 12840 13221 5199 7473 11868 3737 3979
2970,6012 4872 5718 2322 6015 13649 11366 6034 9885 6357
2971,4962 1352 1753 7940 4753 7942 5157 11366 4967 6495
2972,13223 12334 8153 1011 6364 8157 8155 8149 8154 11366
2973,13224 12793 13039 13835 4284 14126 8382 11366 14194 3055
2974,13106 4528 11337 13107 4520 4526 4522 4525 5297 11366
2975,13226 6464 1025 13225 12490 8785 11321 3651 5652 4523
2976,1327 11076 6730 9838 5899 12550 8478 2732 3087 1267
2977,2869 1317 7366 11528 4037 12643 4687 4688 12644 7057
2978,4977 13228 3820 13227 20 10236 9602 175 7770 148
2979,7254 4309 10105 12554 2418 5601 11845 7543 6774 3593
2980,13229 8360 11366 8357 8359 3055 8358 10715 8999 611
2981,1681 1679 11964 9210 6492 6480 6508 629 3474 907
2982,1331 1328 10730 1330 787 1327 11366 10731 1329 3055
2983,11889 8443 7058 11892 11351 4692 3694 7553 13572 11348
2984,5447 9749 10199 5688 11366 7819 5687 15017 10198 6806
2985,10002 13230 4304 9674 10003 986 11792 11793 11795 12861
2986,13233 13234 12006 13232 1741 11899 3463 3618 2614 12007
2987,11533 10719 7651 14054 14863 10101 6325 11366 361 10665
2988,11266 13236 9180 13295 13298 13302 13293 13296 13289 13299
2989,1939 11896 4753 6182 6492 6480 9809 13393 13704 6180
2990,6936 11020 13117 13045 6938 11983 6933 11846 6937 3133
2991,5447 10199 5687 7819 10198 10899 15017 11366 7427 2875
2992,7099 12259 7098 10995 10989 10993 10996 10994 10099 10990
2993,13241 13240 13238 13239 13237 14170 4523 13605 560 6548
2994,13242 13243 11366 3055 10715 8999 611 4426 53 2820
2995,404 13244 12882 13245 12426 9791 1166 13128 1535 2820
2996,9755 1704 7102 6733 12375 9745 14760 14761 4140 14270
2997,13246 13247 12997 1884 11366 9025 13433 9948 13515 13997
2998,529 4836 526 10731 536 538 13298 537 13300 13299
2999,3810 7929 10264 7050 4083 4078 2329 11366 1854 7507
3000,13032 10592 10343 11943 11029 11366 3055 10715 8999 10345
3001,10525 12745 13248 10523 10524 11366 13701 13059 3055 12743
3002,3553 954 211 5368 11366 6357 4555 6672 5894 6677
3003,13250 11775 13249 9451 3490 12887 1524 9453 9455 9454
3004,13255 13252 13251 13253 9395 13254 4551 7262 15131 10000
3005,7825 10086 12068 5324 12173 11366 9032 13738 3568 5109
3006,6363 1704 7217 1321 1320 6362 1778 4060 1779 9192
3007,7859 9566 7854 12480 7851 7858 7857 7861 7853 11366
3008,13258 10413 13797 2658 1225 13607 6777 12891 10553 11366
3009,10496 85 9986 10495 4284 10498 9579 8309 1102 4011
3010,1166 11052 3464 3463 13259 2820 15035 1535 13260 13731
3011,10973 13261 10617 7905 8313 9771 10451 9082 3766 2200
3012,11643 2123 2565 2529 2511 7732 6890 2522 9584 5305
3013,4234 8604 13262 11169 5177 10660 6972 7304 3642 11072
3014,5706 8219 11086 6018 11844 6752 13264 1078 2838 12243
3015,13266 13265 12281 13267 7171 7314 198 4465 9998 7169
3016,10922 4857 2479 10702 3799 4441 165 5719 11659 4385
3017,11652 9082 3006 13595 12102 14963 14962 14017 5411 11366
3018,3410 8292 5549 4008 11474 14623 12296 13759 3412 12028
3019,4127 9849 7631 1092 4129 15245 4125 10165 11366 8573
3020,13270 11349 1354 9853 9753 4132 4688 8166 2869 1355
3021,13271 2741 13628 6001 11366 13574 13038 6000 12426 13324
3022,3349 13273 3301 3359 119 3302 10146 4993 3356 10738
3023,2427 10898 3630 10347 619 1414 683 7409 2426 10147
3024,10798 13276 13277 7467 1132 10934 11366 11961 7738 6786
3025,10253 13280 12527 13278 13279 12519 11248 4373 9823 12926
3026,9412 7014 7015 3486 13282 9406 9307 9411 9417 9408
3027,3845 9644 9745 9748 9747 9755 4140 14759 11797 14760
3028,529 7236 13297 13296 13295 13300 13298 13293 13302 13299
3029,13283 11366 3055 10715 8999 611 4426 53 2820 13885
3030,5880 13284 10773 11615 11618 11616 11617 15131 13689 13688
3031,92 80 94 76 57 50 60 77 15064 12437
3032,40 1357 2369 2371 7404 1354 1355 2869 9851 6551
3033,13286 11405 577 11366 12159 10821 4135 3055 11402 11403
3034,7745 3671 3421 10119 1932 7625 1934 12148 13763 9650
3035,13287 4870 8945 9046 2000 11086 6210 2411 864 10132
3036,2010 2011 642 11022 14681 13684 11366 6110 3005 13954
3037,7427 1724 10987 1775 1828 4596 1438 4280 4037 4943
3038,13296 13298 13297 13302 13295 13299 13292 13300 13289 13293
3039,13306 11405 8212 3565 10900 3011 12480 13361 15167 14798
3040,13307 13 12 14684 9759 8095 14026 11631 14683 12978
3041,8621 9340 11917 4263 9317 8618 11366 8974 4185 3225
3042,11722 13308 2891 9639 7553 1009 4605 8504 2957 7058
3043,5191 9899 9925 69 3159 2516 9909 9916 4038 10018
3044,5679 155 10373 10372 156 9210 10371 153 10370 4396
3045,8056 12573 3973 5203 7566 6650 11366 8584 2328 1518
3046,13311 13309 10879 25 13310 12062 12060 1132 12064 10362
3047,5754 11561 11556 151 8870 7685 152 10411 8528 8728
3048,6130 5365 3400 6725 8517 498 9894 5650 12984 11366
3049,13315 13314 12820 10880 14805 11555 8713 8362 5570 13144
3050,5229 5232 5227 5231 5230 2067 1740 5228 14127 11366
3051,13317 13318 11821 3405 6114 3403 3044 158 8577 618
3052,5786 5787 7000 7246 12667 3403 5186 11868 2652 1381
3053,12654 4839 10881 4281 11410 11366 139 4835 3055 538
3054,13321 13319 13320 5935 8869 4791 11111 14337 8803 13006
3055,2814 12743 12671 4514 2815 11366 1535 2819 3465 405
3056,6350 13325 14802 13339 11366 14124 8831 9761 4356 13357
3057,13005 13326 7396 2364 4330 2745 13346 12426 1532 2820
3058,13327 4515 3465 2742 2744 1166 2614 7686 2820 1165
3059,6993 13234 13328 11897 12006 8810 8402 1532 13200 6992
3060,2959 555 10732 5732 2042 3399 3392 3394 3391 11366
3061,2741 13331 13335 13334 13333 13332 13006 2744 1325 12504
3062,13233 2742 12786 2741 10207 13423 14879 13234 11366 12380
3063,13340 13338 6708 2304 13339 312 937 7686 5998 4515
3064,873 7686 11913 5998 2508 2744 11366 13338 13340 13339
3065,2959 7249 11366 2962 12667 555 7229 5806 3839 5816
3066,7824 10528 8300 1955 14043 11366 11256 6790 8213 11171
3067,12070 12426 14803 11111 13854 6941 12744 6990 11366 4791
3068,408 4515 14877 15096 11822 2824 10733 13635 11366 13334
3069,2614 1323 12114 12816 3465 13330 2820 405 2742 11366
3070,8761 12842 15038 7333 7908 13343 9073 5571 11366 8489
3071,13344 404 10680 10208 11122 11366 13329 9784 2820 6352
3072,13346 13347 13345 11051 13005 8760 1167 13200 12007 1165
3073,13348 12008 13005 13346 11524 1535 14712 13671 15010 14325
3074,10280 11972 11876 13350 1054 1286 8863 2722 6897 8500
3075,13352 9767 7807 2742 2614 13629 6353 3465 9764 9765
3076,9784 1532 1323 8904 2365 11112 2820 14806 11366 404
3077,404 9791 13354 9793 9784 9792 1166 13625 13959 12426
3078,11392 11393 10732 8336 1530 13200 1330 8314 12743 1576
3079,8726 13355 8729 8728 11366 8727 3055 3465 405 10715
3080,1165 6282 12027 7393 6292 6283 6291 6272 2742 11366
3081,11788 8528 1671 12380 13356 13357 11438 11110 11366 333
3082,2820 2614 2742 3465 405 12426 1166 1323 12747 2822
3083,5929 5935 5936 5924 5930 8736 8735 8534 15129 5931
3084,3952 13358 5713 9655 7939 6187 9682 14116 3951 6188
3085,11965 9465 11330 13318 3322 1500 2314 4591 1475 9461
3086,11714 9079 11715 1996 11716 11366 13721 1635 1536 3055
3087,2881 7095 7215 7099 10995 7098 14438 14439 7097 12731
3088,13362 993 13363 991 12384 9946 1289 1965 2136 9158
3089,2379 11347 12731 2375 6557 13702 2372 9853 11224 12728
3090,1665 13365 13366 6780 1852 6781 9809 9810 10810 13206
3091,12187 11039 12180 6376 13367 6568 12716 875 5427 2086
3092,10443 10444 13368 2850 5199 6094 10442 267 13898 12611
3093,7702 9552 13369 11614 11613 11612 11366 12581 12583 7701
3094,10936 4402 9664 9750 1154 10945 10946 10939 10957 10950
3095,13371 13373 13372 5371 5752 13370 10616 4385 5368 258
3096,13376 13375 13374 1718 8989 13131 3484 4569 1720 1703
3097,11967 13359 13378 5478 7328 12965 4796 3847 11603 709
3098,5367 4136 10953 7055 9751 10937 10938 10947 10935 10945
3099,5959 13379 11645 2152 3122 2555 10357 4256 1198 830
3100,10892 2137 11212 3593 13757 11692 12694 14118 11366 7355
3101,11145 6305 3388 5888 3939 11300 8769 1657 7840 12780
3102,3415 8468 11366 6734 7060 6733 7061 9549 9750 9540
3103,1011 4039 13380 11366 10856 10854 5672 5535 1135 4134
3104,12290 12293 12675 12289 12292 13381 12291 12673 15253 12674
3105,9996 12194 12437 9998 1265 11366 13842 13265 7725 2866
3106,9539 10717 9699 2048 1659 7568 10256 11274 1114 12561
3107,13386 13360 6621 10610 13387 1666 13385 11567 7350 7949
3108,5450 1826 11348 11350 3842 11351 14218 4609 1358 10994
3109,11914 13388 7579 11366 8521 4856 2926 12200 11129 480
3110,5634 1128 12617 664 5636 11366 4983 8416 8075 12104
3111,12769 7988 2335 12768 12767 9672 11366 12403 2343 2344
3112,13225 12490 8785 13094 13389 13226 11336 1025 6464 11321
3113,7863 9685 4198 11140 4766 4226 1964 4383 2186 5972
3114,2342 6371 2330 3154 11366 3941 12002 11999 11998 12000
3115,12170 13126 9822 2208 14630 14629 3787 14627 12169 14628
3116,13394 13393 7576 10518 13378 13359 4545 13391 13204 8141
3117,10 9145 551 5930 8961 5936 8711 5924 11366 9146
3118,13397 13045 11766 13396 11967 11984 11846 11983 7712 7019
3119,13398 10403 10647 10396 14294 14293 14292 14291 10405 6663
3120,1011 4387 6741 4140 12802 11366 12894 674 12895 9749
3121,4787 10050 4784 13903 11366 4973 8987 12196 9764 4786
3122,1721 4599 4138 1354 4402 12932 4403 5846 2874 8982
3123,13030 11366 3055 10715 8999 611 4426 53 2820 13885
3124,3897 3892 8486 8344 5554 3907 6942 13399 3896 10624
3125,13401 12267 1807 10555 725 2097 2102 5594 1083 6861
3126,7212 12812 29 6437 4167 6377 6312 3048 10691 960
3127,2913 2222 1042 11081 9888 3338 757 6983 1582 12862
3128,3427 13068 13404 13034 13403 13405 9623 12155 13396 7826
3129,13407 3639 13408 1872 10316 3625 3933 3628 9889 4633
3130,10680 13409 4447 13344 11366 10678 10208 13329 14195 10679
3131,13009 13011 13010 13316 13410 12903 13008 9015 12906 12584
3132,4803 3113 2013 10110 10103 6396 10107 2424 9940 10109
3133,13411 3608 9464 3475 387 5642 11008 2202 10915 7154
3134,11302 10321 11138 12061 8184 12542 4828 7616 13041 3560
3135,10858 2980 4403 6825 2371 10854 10856 348 6360 10859
3136,5181 3921 7455 5486 4495 6421 10972 5182 4212 5977
3137,9405 11958 2261 5147 3524 10155 1813 6892 5611 9939
3138,328 9801 12583 303 307 313 321 327 11366 10211
3139,11837 4341 10654 8176 10855 5271 5827 11838 5816 5806
3140,308 4773 9993 8944 3382 4192 8068 3153 2700 7299
3141,11153 12029 13360 10634 2295 8644 7513 7253 6836 11602
3142,13416 13420 7866 4550 12567 13418 13417 10870 617 8968
3143,3083 4687 4132 7427 4688 4598 5874 1317 3415 7784
3144,6941 11123 12070 9784 6866 11111 2820 3438 2817 13200
3145,11112 1532 7393 8312 13323 9784 10179 7395 11366 2614
3146,2631 1024 9932 11834 5187 4804 7865 11976 3726 12189
3147,5687 982 7336 11366 10899 5447 9534 2618 10575 10577
3148,10371 10372 10375 10053 8190 10373 798 10370 10564 8195
3149,7426 1719 2892 11366 11724 6707 7425 4138 1721 7057
3150,11405 3019 13424 11366 11402 11403 14136 12995 3018 3240
3151,6739 12561 8253 14269 6735 10091 11366 12915 6740 4616
3152,10731 13425 952 14154 11366 6721 8713 13008 13856 14021
3153,1166 404 3464 2820 1535 405 2818 1165 12426 2816
3154,1371 1369 1164 3239 3234 13313 3237 6301 1370 7559
3155,4035 4037 13426 10073 10071 14745 8645 10817 10913 8983
3156,13427 12992 4643 5565 4642 9559 11858 13531 13816 6797
3157,7333 177 7334 3892 8761 5571 4356 9761 11366 8904
3158,11190 10431 11208 10243 13114 12226 11366 6140 13066 10603
3159,9028 6907 9926 311 7371 7730 9457 9030 9899 13515
3160,13428 3778 6724 9238 7236 6710 5570 5640 10875 3783
3161,4997 13429 6654 7772 7777 11366 7773 7459 7771 7775
3162,11368 13430 13431 482 5514 9836 11370 9372 5175 5374
3163,4317 7925 449 1113 10055 3218 6086 7833 3962 1935
3164,2805 8075 14772 14665 14773 13432 11366 1742 12274 12182
3165,13379 11607 7564 3765 1077 11944 125 3298 3275 4736
3166,10837 10838 2929 13435 11942 99 11070 3648 12359 10273
3167,7185 4091 2227 13437 3284 2750 193 7090 2790 5815
3168,8467 8953 8795 8444 7622 10432 578 4769 4862 9211
3169,552 12188 4914 3750 8796 10025 62 6190 11924 6112
3170,13438 5580 13108 15105 2147 6034 6968 15159 15164 252
3171,13439 13440 13850 11366 3055 10715 13693 6355 14884 14882
3172,9049 3902 3507 7679 9690 2779 7926 11345 6444 197
3173,2674 10359 8064 8062 8061 7386 12773 12772 12775 9790
3174,13442 13443 13444 12370 6807 4139 7427 2996 12375 5847
3175,13449 6125 13446 13447 13448 13445 6091 5262 5263 13049
3176,13450 4624 1315 1358 4621 4620 4623 5530 5532 5536
3177,6146 1125 6512 5903 621 5921 4170 4699 6515 7895
3178,3151 3493 6959 4819 8549 1970 3441 4163 3166 988
3179,1634 13451 8629 13802 13801 13800 10079 10605 13803 11680
3180,13452 2742 2815 2614 2814 13453 2820 1166 12511 13187
3181,1008 1006 1000 1012 12915 10590 12378 1010 3684 3687
3182,13454 7776 7152 1086 506 1573 10544 8367 11233 9974
3183,12584 13455 6714 13410 3805 3400 7783 8817 5365 1106
3184,11547 13458 7760 13456 13457 4338 10570 2731 13170 3522
3185,4909 13462 13461 13463 13064 9572 12593 11095 13975 3330
3186,13467 13466 13465 13469 13468 13470 13471 13287 12758 10635
3187,611 6017 7929 5580 488 9781 3225 96 1646 6016
3188,13478 13472 13473 13474 13475 13476 13477 11366 3055 10715
3189,13479 13418 7946 21 626 12174 6647 12175 7942 1586
3190,8729 2741 8726 5430 8728 11366 8727 2742 3465 3055
3191,4759 611 868 4228 2271 4262 1418 11366 4762 3711
3192,6352 4516 2304 4515 6075 3464 3465 11109 11366 10208
3193,6086 13480 5471 13481 11366 5476 5469 5470 13903 10597
3194,8480 13482 11916 12130 12510 10612 11366 6430 14149 14514
3195,11739 2026 5281 12995 2554 10806 9035 11366 11975 1286
3196,13483 12585 8302 4061 982 13484 11120 7100 5673 7217
3197,13084 11380 13486 11366 3055 646 12403 12539 11545 10715
3198,13487 510 7411 838 5728 1449 8952 512 5186 658
3199,11032 11031 11033 5104 11034 4174 5872 7943 12352 11366
3200,1521 12470 399 6477 4795 6617 10894 12565 7741 5385
3201,13510 13491 13492 13493 13494 13495 13489 13497 13508 13502
3202,13512 11920 4634 7020 2189 13516 13515 6313 11285 10123
3203,1169 10064 707 7103 8203 7105 11366 6163 4360 5978
3204,11072 6114 8309 5742 646 11999 11995 12539 12000 12563
3205,11974 13518 11560 11676 11971 11366 11388 6652 8954 5410
3206,4939 7292 7938 7990 13179 2652 3665 7942 3422 11366
3207,8277 2683 5859 8580 5501 4138 724 1771 3842 9080
3208,13520 7226 13521 8421 7699 5784 11366 3801 8414 7228
3209,13522 13525 13169 13526 13524 13523 12870 8896 4588 2207
3210,10199 10899 7427 7818 5447 7554 10198 5687 11348 7819
3211,13527 6824 9079 13257 8215 945 8825 10918 5517 11366
3212,12727 9554 7081 12732 8158 12728 12739 12738 12737 5534
3213,2876 3843 4416 5662 11801 11797 1826 3844 6811 7554
3214,13529 12265 6285 9649 1953 13367 6818 6272 6283 6292
3215,11116 13530 7660 11689 10331 10929 7864 3866 11115 11113
3216,13531 13532 1885 13432 13001 1958 13427 11854 5329 12997
3217,12448 13533 12049 11162 4521 2942 11262 459 9689 6370
3218,11347 9853 5845 2379 4599 2375 7215 2372 11349 11348
3219,2457 3945 11366 476 418 7864 11070 2033 8954 2462
3220,7469 3489 13107 1549 11366 12547 9623 1862 1480 3055
3221,8235 13536 5900 4464 627 12040 8412 13534 7641 5905
3222,13176 5614 13537 2840 6231 1360 14352 11366 12486 9659
3223,11603 1228 13080 13074 10051 11600 11601 7328 7612 7998
3224,13538 11921 11610 6346 644 11922 15086 12653 14890 9214
3225,5012 217 2197 3333 5055 12995 14362 5042 5015 7335
3226,38 529 9667 11366 5816 9222 5806 13555 8260 9488
3227,2888 7065 10811 10812 10816 11366 2996 10817 7092 2882
3228,10977 7559 7560 4882 7558 4903 4895 9342 12101 7555
3229,13539 11749 8905 13332 13540 405 1535 13334 11366 1323
3230,3737 3736 11477 1066 3733 3741 3734 3725 3738 3724
3231,13044 13545 13541 13542 13543 13544 7085 10557 13459 7855
3232,3058 3059 3057 3056 3054 3053 15001 3052 3051 15062
3233,9889 7365 8253 5849 7079 7554 4603 12916 6809 2875
3234,3614 12562 13546 8559 3632 8755 2025 9822 6475 10045
3235,5843 9645 5847 1777 3684 1008 5840 5848 5841 12375
3236,13549 11764 13547 11763 10869 11021 6393 5737 5492 13550
3237,13552 9678 2079 1658 3871 4772 12494 14676 9676 9670
3238,9488 13553 13555 10573 9485 13554 12773 3488 1254 8922
3239,1317 13556 4037 11366 4687 3442 12643 4688 7366 12629
3240,13022 2804 11369 13021 4646 4653 4650 4649 4648 4652
3241,11306 13559 11315 13558 14638 14859 14861 11314 11366 14860
3242,9264 12321 6621 366 1819 3839 11366 1251 3249 3691
3243,13181 13083 10489 13560 5336 12447 10204 12034 4374 7847
3244,5872 2891 5870 5855 5856 5861 11033 5868 11031 12058
3245,12425 13561 2741 8904 5998 13201 13562 14324 10207 2742
3246,12507 12508 12506 12503 13047 11046 12505 11918 12510 12504
3247,9654 11366 3055 10715 8999 611 4426 53 2820 13885
3248,12424 10156 13119 9442 13564 2431 409 11303 131 8125
3249,4608 10367 4136 13565 10576 10574 1003 6737 10368 1824
3250,5710 13566 2169 6241 7258 7136 7257 13968 5979 5709
3251,3809 1424 1982 7479 301 972 10202 696 1421 9148
3252,6147 9469 6156 6702 7380 6149 11366 13645 4946 11017
3253,13567 8237 7642 8233 4673 13568 10326 5913 8234 8235
3254,2556 13569 9459 2960 1409 1639 3735 13579 13583 13581
3255,12426 13232 8334 405 2820 13346 1323 2822 1535 6001
3256,432 10232 13570 11736 430 4569 8403 7370 5452 516
3257,13058 5569 4438 11366 6583 7616 518 5460 9563 2113
3258,5191 9899 9925 69 3159 2516 4038 9916 3461 9909
3259,8839 11779 13571 2013 7718 2921 7659 11781 5126 11780
3260,3094 13572 10098 11366 2869 8269 10072 5778 4598 5686
3261,1151 13573 1155 1152 1142 1154 11104 11103 11638 11106
3262,12236 544 12858 14167 12220 11366 8606 7954 12859 12860
3263,10130 3400 8111 10129 8713 10128 10131 7685 5206 11366
3264,4634 12169 10458 2270 11975 10293 5753 10888 11916 23
3265,7226 7551 9241 7266 10249 7228 8414 8417 8425 8406
3266,2820 405 1535 1528 12426 8730 13271 10679 13574 13575
3267,7080 1987 11691 9195 3413 13984 1013 11366 10818 11624
3268,7016 10953 8478 4287 8476 11366 7015 7057 4605 859
3269,6552 5673 10754 10752 1007 6554 3694 1913 6556 1914
3270,8497 12552 11610 2393 5255 8498 8496 8495 3005 6590
3271,3984 578 8445 9570 1804 138 9051 7341 12797 2291
3272,2869 11119 8982 6542 9664 11118 3079 3693 8151 6738
3273,2741 2614 5998 2742 11366 2820 12425 3465 12426 1165
3274,13579 1105 13580 13581 13583 13582 11297 11037 9255 4418
3275,1882 13002 3481 5328 5327 9074 11366 3482 5326 11942
3276,12817 11219 9945 12748 13584 7986 2616 12818 5639 1342
3277,13586 11246 11247 3565 11366 3567 11210 11687 11245 3569
3278,3681 877 4252 5482 8300 7956 10570 775 4221 4248
3279,13587 14826 14827 15270 13940 14553 14713 14555 11366 14578
3280,3529 2063 1035 9317 4263 11366 4146 3534 3527 3525
3281,729 7473 9336 3979 10434 9710 10170 4186 29 9502
3282,5191 5830 742 4846 4845 2145 11443 1087 2026 2497
3283,891 12873 4026 8856 4022 8519 12591 4798 10032 8398
3284,1354 4402 4403 1355 1357 3083 2370 5672 10461 4141
3285,13591 13592 12907 10031 11270 9936 13593 10092 7334 11366
3286,1863 1011 2869 4625 11805 1141 1859 11366 11807 8847
3287,11270 9936 13591 13593 10092 7334 3910 6040 3143 11752
3288,9261 8223 10451 7837 1819 11010 2715 2780 5061 6894
3289,6364 2371 4413 10989 2375 9192 1779 9191 12644 1322
3290,91 7122 80 14612 94 12054 15184 14865 14555 14166
3291,13595 12102 10385 13594 10386 10668 590 7198 12872 12462
3292,3990 13143 11670 5397 11935 3989 3992 11905 11669 7621
3293,13596 13598 13599 7610 13061 13600 13597 7876 7631 7600
3294,4355 13554 12204 4354 6391 5773 1199 4856 3520 12431
3295,4025 12429 8577 1785 873 179 12484 13827 686 11366
3296,1588 13602 3718 4294 13827 13826 10460 4289 4287 4296
3297,7217 12936 5854 1704 1773 1774 10807 15041 11366 5688
3298,138 3328 3826 3288 123 10623 11366 3281 3324 125
3299,4 1503 7390 13603 9062 5360 9268 6012 11366 7958
3300,2815 1535 1166 2742 12747 2814 2818 2820 15010 11366
3301,6132 3142 11995 3933 11999 12000 11998 7823 9990 6133
3302,12136 11590 7846 8228 12137 8118 8119 10148 10151 8842
3303,10297 8431 8070 13604 6054 1614 5490 10302 10306 4780
3304,11335 11331 7097 11327 11338 7672 6243 5616 10619 10010
3305,7420 5173 2057 8654 7724 9388 4209 6374 3258 10301
3306,9591 7380 13607 13606 2291 1349 10654 9281 11366 3944
3307,6216 1423 10454 5893 467 1450 451 10452 11727 1452
3308,4315 2628 15240 11366 11001 10498 6311 9553 14534 11098
3309,7183 4339 5914 11967 5797 14499 14969 10974 11366 3137
3310,785 2942 11262 4521 6029 825 4500 6223 4334 2367
3311,1355 1354 1357 6360 2369 9851 4141 2014 2371 1356
3312,8085 3716 13608 13609 8698 12677 9102 13001 12998 7911
3313,8159 6736 10575 5848 395 9626 1005 4596 10574 9645
3314,4371 11773 399 13391 2400 6181 11912 9682 908 6171
3315,203 4790 7247 10984 3127 199 205 5733 11366 11705
3316,13611 13612 13613 8278 13614 12172 12311 14076 11366 6722
3317,13052 13708 1779 14053 11366 3500 11627 3262 9192 1320
3318,12921 2037 5771 3337 2038 9545 1869 4893 9561 2767
3319,8067 10 11486 9088 8836 3879 4965 10432 587 5789
3320,9042 2130 9038 10362 10835 5085 12012 12014 4431 3230
3321,13615 9212 13279 2830 13616 7214 13534 10924 14613 14614
3322,13618 1805 11809 1444 4756 2152 2305 11366 5930 6633
3323,13619 13589 10724 11366 6274 10722 12558 3055 5931 8868
3324,8489 2797 9079 5571 8486 11366 5554 6940 8488 7333
3325,9848 11471 2481 3782 955 13274 428 11218 12287 9092
3326,6754 13256 10918 13620 6286 8615 8611 8609 8610 13485
3327,2534 12296 7516 2524 1855 2530 2481 2552 13884 2492
3328,5688 2016 4134 4632 5686 3084 6847 3085 10258 15041
3329,13622 13623 13624 2820 1330 13007 13701 13235 2815 11366
3330,6635 3696 3685 6636 4283 7418 6645 6526 10645 3709
3331,2742 5999 11832 2820 6353 2739 13235 1532 1165 3465
3332,3277 1656 5155 3324 3281 6108 6112 3342 437 11366
3333,970 1684 921 965 1458 958 927 4784 7385 11366
3334,8816 5303 14418 15229 10601 9700 6031 7428 6691 4443
3335,8291 8788 4457 8279 11527 1177 4896 8294 11366 11305
3336,11948 8860 13627 7755 11947 3838 11366 14465 14168 7993
3337,1740 13323 13628 13629 13357 1532 2820 937 1741 6001
3338,1804 13630 1892 6749 11366 9098 2672 3908 8973 3466
3339,2995 11816 11347 7081 12732 12729 12731 12733 12739 12737
3340,8164 4605 10992 4133 5367 8162 11366 6740 10940 10949
3341,13631 9829 6068 11366 337 4124 11472 1040 9828 12158
3342,6511 4633 8124 13632 7879 9652 4171 5711 4628 5506
3343,2374 2375 2370 2371 10854 10856 1354 11366 12874 7062
3344,4369 6071 2723 11006 2900 11875 9086 2729 5255 6763
3345,1844 12223 8116 7571 7948 9809 6168 4069 13070 13889
3346,11851 12642 7784 6321 12643 12644 10556 2886 11892 7366
3347,12158 11472 1040 9495 9829 4388 13634 11779 12157 12154
3348,11372 8649 7754 7401 8210 3700 9529 4252 8652 4226
3349,12915 6739 4743 10630 13209 5846 1011 10993 5845 10996
3350,6571 8808 13635 12505 12501 5344 6570 10041 8809 12500
3351,13636 6236 13637 5884 2166 4788 268 1447 788 6229
3352,7539 6483 7540 11408 7534 7537 7535 808 7532 11366
3353,4531 6623 6185 9225 4068 7629 10729 4533 8232 3158
3354,1767 10970 13638 13639 5235 1786 7678 10269 6479 13138
3355,6499 6161 9856 13640 2983 7882 7894 13840 6947 6492
3356,956 990 11131 7630 13370 703 958 927 14653 965
3357,13641 5288 13642 14230 12526 14411 13709 13175 14228 261
3358,13251 13255 12930 1795 9395 1019 13464 2984 13644 4702
3359,7407 3661 10558 8078 7406 7405 4563 2594 5657 6246
3360,1357 10366 2378 10365 2376 9745 1355 1354 9235 2014
3361,7899 2848 7893 13460 7262 10320 13035 12927 3997 9973
3362,5531 12739 11347 5530 10856 5532 10854 12912 5534 1009
3363,10206 10207 2742 14806 4330 12032 14879 11366 13623 8314
3364,13646 10981 2630 14067 11366 3055 8740 7609 5395 10715
3365,11407 8605 11710 11408 2437 10764 6849 6483 10152 11409
3366,3774 2869 13605 12334 674 9549 12894 7092 7097 12893
3367,8827 8907 2741 12198 13203 2817 14138 12994 8109 14308
3368,11926 11298 10734 2215 1313 9053 6876 1392 3676 11927
3369,2369 1357 9851 3083 12733 3084 7784 4560 11347 1721
3370,1269 3859 13639 10867 12131 1366 11310 6618 230 9826
3371,2576 9929 9020 13649 9013 11972 12106 9908 11646 11645
3372,9337 5096 5137 3613 9024 5753 9339 12667 7142 9338
3373,12505 6571 10041 12500 13082 12508 11918 8809 12501 12504
3374,2820 2742 1166 1535 405 12426 3464 1165 12747 3465
3375,11105 13652 11100 11106 12372 11103 11104 13653 2942 11467
3376,13655 7648 13654 13068 1555 9623 14039 10253 10254 7650
3377,13076 12914 1001 13075 2870 1727 4317 11366 13426 5839
3378,13657 13656 7747 344 8379 8380 8384 11366 8385 8388
3379,13658 13597 716 11366 13598 13599 13596 3877 13542 7610
3380,1826 3843 2876 3844 4416 4414 11366 11797 5662 11801
3381,2820 2819 13648 2817 13659 1535 13203 1166 405 8730
3382,13662 6734 8822 9754 1888 9629 1887 1776 2378 1010
3383,13663 11366 3055 10715 8999 611 4426 53 2820 13885
3384,7090 13664 6814 8320 10650 9878 11366 12562 6403 3614
3385,10461 3074 10857 3688 3083 13665 2869 3667 8167 10193
3386,8055 13666 7085 8021 7615 1120 9291 4446 9290 10116
3387,5890 13025 13667 11366 14482 3055 13026 2900 6196 10715
3388,279 6600 5997 13668 3672 6602 14959 11237 278 6601
3389,4361 13654 13669 1336 4733 4734 4362 12217 4737 12214
3390,8158 4136 6737 4608 11777 8165 7055 8157 8154 8149
3391,12426 13670 3464 1323 1166 2820 1168 15230 405 13326
3392,926 9125 4048 13673 925 8332 8331 8490 927 8333
3393,7671 9315 9204 14322 7670 10332 6271 7201 10334 5146
3394,12096 10016 2426 10015 2157 2314 10013 9013 2514 2128
3395,13674 13675 12872 11366 13595 12102 3055 10385 13594 10715
3396,9805 6622 11227 6623 12566 11366 13893 11471 6349 6253
3397,13677 13676 7552 11366 3055 10715 8999 611 12730 4426
3398,11021 13678 13679 11152 3265 13547 11765 13549 12154 12157
3399,10070 10067 12660 12073 10074 10068 9437 10071 8540 8645
3400,13682 9407 13681 13680 13684 3483 11022 13683 9084 14595
3401,1320 2375 1319 6362 6363 1779 9192 6361 1778 4060
3402,13688 13686 13687 13689 6841 12827 13284 13691 13690 1783
3403,3961 13694 3763 10256 13695 5613 6235 6886 5818 213
3404,6058 13696 8021 11358 11366 7529 7711 12326 11983 7356
3405,2924 3655 5130 9338 7142 2917 9357 8897 11366 7626
3406,13377 13698 12891 12890 13600 10226 13704 3424 13599 13598
3407,11194 13699 2834 2248 4128 7877 11366 11196 10607 5073
3408,10734 12884 8809 11926 10733 13082 11366 1313 11298 13413
3409,10734 13082 13413 8809 12884 1880 11926 11366 1313 10733
3410,2891 1354 11366 7076 12558 10854 7060 10856 14884 7061
3411,6001 6000 13271 2742 13628 13038 13700 1323 405 13540
3412,13248 10525 15010 13701 14336 13671 12745 11366 13672 11394
3413,10981 5431 8740 13646 5395 7609 9977 5943 10983 5119
3414,1001 5846 4743 10993 12644 8542 10627 6804 7062 1000
3415,13620 13703 10429 10428 13256 9798 15133 9100 9797 11366
3416,6733 3415 8822 12920 12919 6734 6735 1825 7102 9754
3417,10556 2888 12734 11922 11851 11923 12642 12643 12644 11925
3418,12044 4998 1609 13571 3743 1518 5410 11366 11289 8515
3419,10226 13704 3424 12890 1664 9568 2260 6349 1662 7939
3420,2741 2742 12425 8827 1165 2744 2814 12426 12746 6416
3421,12861 13230 9510 9327 13706 14850 14740 11366 15034 14851
3422,10499 13199 7695 10132 8853 1481 2916 1489 13197 13198
3423,6552 3694 5531 12349 1001 6554 1913 4600 1000 12915
3424,10624 7255 3650 7540 6059 13141 808 7539 6060 2437
3425,13248 12425 2741 15010 12426 13672 10525 14336 13671 11366
3426,10705 261 4549 13035 13709 11610 11774 13641 1560 2839
3427,10744 3977 9483 6402 4559 356 4197 4322 2950 7046
3428,13711 12332 4037 13482 14359 11366 11111 8808 3055 11598
3429,3667 3074 3416 10754 11778 3666 7078 7065 3688 9535
3430,8318 12925 7481 7878 8647 12718 14134 14135 8532 12923
3431,13712 12348 13713 8850 1711 9645 9624 9628 8848 8849
3432,6289 11793 13714 6274 8003 11943 10001 10724 9445 6626
3433,1532 360 2742 2614 1165 2820 12746 3465 1166 2743
3434,12737 3084 3080 3081 12736 8041 2889 5120 3082 1948
3435,6883 7172 8032 13715 12923 15131 12693 13979 8207 11366
3436,274 13716 13231 15161 15162 568 4306 8206 8204 10257
3437,12621 286 12327 14121 10572 589 5623 5398 14258 12620
3438,140 6310 10078 9320 12805 9321 3676 144 151 123
3439,6001 2820 13624 12426 404 6000 2814 1166 2741 405
3440,13719 13718 12482 11312 13116 14830 13941 13934 1897 13742
3441,12906 12905 12903 11286 12904 9517 7986 5430 13315 5189
3442,10390 7006 10641 10391 7346 9215 837 11366 3958 9344
3443,11543 2087 13720 13721 4892 12619 11211 14798 6136 2091
3444,4203 4245 13722 4248 4238 11953 4258 4240 11740 4246
3445,11989 9193 4420 6462 10097 7656 2875 12264 1726 8020
3446,6296 5541 9954 3142 9468 5958 2262 11366 8490 10974
3447,7519 2124 4969 13161 12982 5889 13724 2489 8573 8841
3448,10320 12207 11771 11344 4971 9127 12693 1560 7259 13725
3449,12742 13623 14806 11366 2742 404 12032 12745 407 2815
3450,13729 731 13728 8058 5405 5569 10277 584 14284 11848
3451,11897 13730 11898 11822 13328 1533 11366 6993 13234 10733
3452,9840 10195 13732 4731 3814 5886 9833 9839 7575 9006
3453,11881 11109 8109 12994 13421 11267 12006 8827 1167 13200
3454,2820 1166 12426 2742 405 3465 12747 1535 13187 1165
3455,13685 3483 9409 9410 11186 2009 13736 13737 9415 9419
3456,1136 1145 1146 9537 10751 1144 9538 1725 1150 11366
3457,12646 9032 12844 13269 4639 12647 13738 3604 12310 12181
3458,6361 9237 2371 10698 1778 1320 4060 6363 1779 6362
3459,12959 10756 12952 12953 12954 12955 12951 12956 12958 10519
3460,6722 13612 13037 13740 7347 6940 6371 8964 8780 7442
3461,793 10841 8585 2218 833 476 2825 2307 8583 8579
3462,10481 15139 15140 2626 10287 8882 15137 15143 15135 15136
3463,1859 5845 2375 2379 1860 11806 5847 12375 13992 10999
3464,8917 13741 5892 10445 6145 8000 4338 8138 12937 604
3465,8259 4383 7627 8778 2437 8497 5256 11366 8251 8256
3466,13453 1166 12007 11366 13717 13421 13452 2820 2815 2814
3467,8046 10307 10302 7680 10297 10306 9370 9169 10304 8434
3468,3644 13261 12306 12305 7212 1096 3360 12307 3734 8962
3469,5848 9626 4139 395 5840 10575 396 5847 12374 6736
3470,10103 13742 13934 4803 10110 10108 10105 2424 861 9940
3471,6321 3082 2889 11536 12732 7081 4617 12737 1314 12731
3472,13748 13751 13747 13746 13745 13750 13743 13749 13744 11366
3473,7566 13313 4981 3356 12516 5834 10274 525 4989 3733
3474,13754 12724 3580 10613 13755 7354 10336 9364 4705 1023
3475,9574 5116 8252 2018 8215 9568 6137 6138 7557 9573
3476,13757 13758 13759 10107 2417 13669 2425 6387 13272 13756
3477,13761 1937 12148 8059 13762 13763 1934 10381 8782 4696
3478,7785 7057 11890 10198 12240 12241 8161 8279 11366 7427
3479,6514 2861 9230 4169 6401 9129 4337 12464 13551 14172
3480,10982 13766 13253 13600 12719 11366 9957 1178 7659 10027
3481,12850 13885 11366 1381 326 3055 5267 14538 553 2572
3482,10122 7744 11605 10468 11604 5713 11588 12010 13947 11853
3483,13294 12857 8382 8504 1383 32 2130 13293 13291 13292
3484,3693 11578 3072 1776 8152 13573 11118 8151 8160 9754
3485,10145 2434 2436 13768 13769 2432 8229 2435 13120 2426
3486,13406 11147 7722 231 4667 10867 13770 14230 12526 11366
3487,4687 2371 7427 1354 2374 4132 11777 12874 4688 2375
3488,13775 13774 13773 13772 2295 1872 11366 3055 10715 13407
3489,8798 6046 4085 9265 11759 6220 3736 3534 6577 10601
3490,3491 13776 13777 13778 8115 9138 3490 3489 11366 13779
3491,11096 13780 14780 10873 13531 13917 12094 14515 2593 14372
3492,6129 13782 9533 8462 8175 14154 8171 8173 8174 8169
3493,2906 12986 10869 1893 13709 6546 6498 14414 13732 2895
3494,11639 11569 2624 11891 13185 11102 5874 6810 7216 11808
3495,7125 7132 3022 7112 11719 108 7116 7117 9117 2125
3496,5122 10261 9820 13783 1304 4353 10102 10458 6831 7910
3497,2061 10256 8396 12051 2058 364 11562 11561 3872 11366
3498,13784 6066 11819 10639 12771 8655 2694 550 12641 6311
3499,12209 13785 10461 12735 11000 7077 10627 12734 6847 11381
3500,13786 13792 13791 13787 13790 13788 13789 12738 11806 5867
3501,13793 13794 2760 13795 13550 1175 9205 9583 3187 4672
3502,7744 7659 10445 3862 3864 10982 11604 10468 11605 5713
3503,13797 2658 13607 13258 6777 10553 275 12622 10634 8170
3504,239 3943 2329 4286 2279 12093 9890 986 247 1184
3505,13802 13801 13800 13803 10605 1634 10079 11680 7563 13451
3506,5409 11039 5556 11040 11042 11366 12187 12180 6376 11004
3507,13804 13807 13806 13805 3333 2951 816 726 9208 9306
3508,13812 13816 13810 13811 13815 13814 10079 5564 8393 13817
3509,13819 3896 11366 3055 3907 10715 3897 14200 14775 9761
3510,13820 13066 9576 13821 4252 5579 448 6755 11208 13067
3511,13185 12378 6810 11808 12731 11891 14439 12072 12074 14438
3512,10453 11584 12430 11551 7365 5022 493 11064 10167 2105
3513,8021 1119 1122 9393 3428 11690 4971 412 3857 7233
3514,11340 11325 11326 7101 5583 7484 8991 11331 11173 11334
3515,3877 13542 4434 13597 716 13823 6849 3880 3884 3873
3516,3267 13824 5079 6698 9877 12057 3268 11366 3266 11476
3517,13825 14878 2707 12669 7767 3123 11366 475 9216 9050
3518,1357 10991 7554 6446 6432 4598 9851 8982 1355 10628
3519,10421 611 9929 2027 1291 9909 10551 11176 12051 5149
3520,8668 4015 5555 1733 3701 2588 2349 11971 8667 12192
3521,11291 6560 2350 5838 667 9279 7760 8756 11294 3729
3522,10715 13827 7117 1588 13826 7122 52 14702 1509 14100
3523,2742 404 2820 405 13327 1165 1166 2743 1535 3465
3524,10636 6472 10306 7429 10297 1652 10302 1486 8432 599
3525,5215 187 3319 4991 2037 4636 5633 5217 5821 3378
3526,13829 13830 13828 11872 10943 7941 1673 4755 6074 11871
3527,12201 1181 11920 5348 8411 12202 11242 9021 13883 13512
3528,8876 7193 3503 1035 1045 13831 9245 1017 2137 2246
3529,12100 13080 1676 10132 13177 737 9771 9164 7727 2543
3530,5515 13487 10126 13832 5516 5183 8013 5513 15163 5514
3531,13833 13834 13835 12354 9950 6168 3669 1615 6296 11041
3532,13836 9519 4875 22 9583 2598 11366 14224 3055 10249
3533,2842 13837 13279 13278 1933 13778 12680 12926 7827 1557
3534,13563 5264 11366 8005 8006 10580 10581 6771 2181 5262
3535,13840 13839 11650 9941 1784 7674 6499 6097 14723 14724
3536,13842 9768 7725 13564 8030 11908 7656 13841 7230 7704
3537,5249 3428 13844 13843 8016 12947 1126 14847 12893 6531
3538,13116 3858 13845 14176 14725 13610 11312 13719 11366 13718
3539,12774 12775 10877 12778 12781 12780 12771 12772 12773 2820
3540,13847 8778 3174 11366 12137 8325 14529 14738 10559 2410
3541,10459 3749 5047 11718 1368 9523 2357 11256 8185 4587
3542,13337 13390 3587 12797 15268 7703 14713 15057 4822 13516
3543,13617 13278 13848 14593 2978 11366 13887 9555 14340 5695
3544,11366 6658 6657 2282 13885 14915 7526 12484 6653 6666
3545,2959 10730 13850 11366 2962 12667 555 5816 5806 10616
3546,10013 2188 6916 12087 12692 2536 2455 2466 11972 1289
3547,1772 12726 10988 5667 8166 1770 5129 4132 7081 12732
3548,2278 6087 11090 876 12019 6091 6092 5598 2272 8260
3549,2614 1323 3465 4516 2742 2820 1532 5998 13330 2822
3550,5998 2742 2614 11366 13339 10127 14007 405 3465 2820
3551,1357 1354 1355 2369 8163 2376 2886 4141 8150 1829
3552,678 3789 13705 8256 4404 5256 8259 5252 675 682
3553,10670 8401 12127 2323 7551 250 3255 4288 10531 331
3554,3275 12171 12615 8284 3274 9077 3347 4880 8902 3972
3555,13527 10918 5517 6063 14789 12104 12998 8416 13399 9770
3556,10217 12540 5673 13852 646 12539 13925 2070 5606 11366
3557,736 795 828 735 833 781 2933 11366 9065 3226
3558,1195 7970 1517 1397 783 2165 3290 82 2232 4320
3559,2869 2380 2379 2372 5533 12609 12607 4612 2375 11366
3560,2760 4424 13794 13795 13793 11366 9583 1175 2757 2778
3561,13854 8731 1324 12070 7249 14800 13671 15035 15010 14799
3562,602 603 13856 7162 10326 6624 7585 10188 7949 10941
3563,620 12040 8230 4455 9714 621 5907 13706 10162 12496
3564,13868 13863 13866 13867 13869 13870 13862 13861 11464 13871
3565,7561 7559 4594 4884 4641 4887 3237 4895 3234 7564
3566,9661 13204 9807 8239 7934 1178 13178 12858 10027 11366
3567,7057 3083 11890 8167 3043 4687 4688 3044 10992 12404
3568,10716 11640 11638 1721 12334 5367 6244 2654 4674 15049
3569,10650 7911 2241 3807 2080 2563 722 2507 6423 10887
3570,1104 11699 4726 6028 7087 846 7989 6834 5360 5541
3571,10789 5370 11211 13877 9566 8759 12171 12617 8598 8616
3572,4191 1836 5594 14896 4248 15181 13545 13044 13541 11366
3573,4696 6597 10809 1592 1936 11468 12492 2267 4013 8965
3574,10716 6181 6246 1513 11640 11638 6244 2432 2654 15049
3575,13878 5673 11120 14236 14678 12756 2887 7449 2380 7064
3576,9892 716 13879 9893 9894 9895 9220 4576 11366 10584
3577,611 10893 11483 11484 6016 12051 14621 11366 8303 3213
3578,13882 2862 13880 13881 10914 1510 2060 6170 6257 5353
3579,4406 3183 3201 3135 11366 13581 13580 13583 9030 13582
3580,9904 9282 1918 3865 9097 13436 9099 9487 10015 9918
3581,6506 4480 231 11568 6480 6492 8144 7401 907 6502
3582,9843 7409 7541 14174 6566 9844 9845 13986 8218 13760
3583,626 5709 4966 13479 5377 9365 11366 14452 358 615
3584,4407 1721 13573 5440 10246 8152 1011 5442 11435 5439
3585,7466 6909 1896 12484 15232 15231 11366 7455 9697 6297
3586,7516 4925 2534 13884 4769 795 5082 3033 9390 2524
3587,13885 12850 11366 5267 14131 14488 14506 14480 5266 14479
3588,13886 2072 4003 9060 11836 4408 1250 253 3444 2073
3589,8146 1205 319 649 3621 7683 13555 9488 13553 11366
3590,12720 4544 6778 11913 7292 1855 13196 1115 5788 353
3591,12945 9893 11140 9966 9880 661 961 9879 966 4589
3592,6945 10446 5788 8209 231 11622 8035 7259 9804 9659
3593,405 1168 1323 13200 2820 1535 12007 11366 1167 1166
3594,12151 12637 4036 11325 12548 12643 12731 13981 14438 14439
3595,3464 13576 13128 13650 13326 1166 13670 11880 13245 14124
3596,12736 5529 2881 3085 12377 5534 12737 2889 12731 7081
3597,10038 11314 6217 11311 11312 11309 2803 11308 11307 11313
3598,4025 578 8397 179 13827 12484 4350 11366 7905 13261
3599,11603 4333 755 7705 1176 3943 12459 11601 11600 5341
3600,9227 9443 14792 1513 13369 13808 13884 15076 11366 13913
3601,13888 1746 11366 6118 3055 8928 14275 5382 10334 1938
3602,2741 2742 5998 2820 1165 405 2614 2743 11366 13327
3603,13890 13891 2707 15215 15211 15276 11060 15214 15213 15212
3604,6622 13892 13893 11366 14885 1664 6189 2979 13456 12566
3605,13838 13894 5516 13895 14366 12340 5521 12778 14838 9551
3606,5544 9882 142 11751 1190 11366 829 983 11132 6879
3607,6670 13530 12864 10465 10466 10463 12980 13961 10467 14146
3608,11019 7688 13899 10121 13305 2058 5795 11366 9199 4395
3609,1354 1355 1357 4141 1356 1829 4140 6741 2369 2378
3610,9015 13900 13040 14075 9280 14077 14783 11366 13114 13009
3611,13536 13901 1127 8410 12948 7643 284 13715 8021 1119
3612,10088 7215 12332 7094 10198 10087 10987 14439 14438 11351
3613,9838 1327 4357 3261 8028 8786 4074 7967 1345 6548
3614,13902 9587 11366 3055 10715 8999 611 4426 53 2820
3615,13903 9764 5584 657 5625 5335 13429 5471 4023 104
3616,13905 1222 13998 4670 11366 9495 1302 3055 4358 7936
3617,13630 13906 1985 1892 1804 11366 5522 3055 6299 8130
3618,3470 1985 11366 9088 12051 9 11037 11036 3131 9778
3619,4698 13723 5365 4701 4702 1699 4704 4705 4703 4697
3620,4585 3260 5114 7533 426 5500 3984 4442 4586 4573
3621,12547 7469 12688 630 1862 13808 3521 4541 11366 11867
3622,6364 4687 4605 8164 7057 4132 1317 4688 9751 4133
3623,7771 7772 4126 5639 7777 6585 7773 7775 7459 11366
3624,13104 12521 13103 13102 11783 267 14182 265 12519 9556
3625,8843 10764 11303 11591 11690 7522 5265 8841 11366 3832
3626,9880 9879 966 4589 12946 2196 12945 15052 961 967
3627,6822 2067 1394 6821 3375 14518 13000 1418 6882 11366
3628,1639 2312 2306 4282 3519 557 481 1963 11741 2314
3629,5195 13735 10359 10356 13522 3905 13526 4161 13525 2808
3630,6942 12821 10880 12818 6750 12856 13908 1342 12817 3391
3631,2741 2742 12425 11366 8827 2814 1165 2744 12426 13561
3632,7330 7317 6300 12336 12185 1285 7326 3239 9493 4813
3633,9971 10154 10147 5879 10149 10146 10145 13465 13471 13470
3634,1355 1354 6360 1357 1356 2369 4141 1829 4140 6741
3635,3485 13909 8376 1865 6453 8667 5455 1499 9532 146
3636,575 13384 2288 8472 8855 3130 12141 566 12471 565
3637,3043 10267 3044 2560 2270 11366 297 13976 3468 5313
3638,12706 7725 8138 2220 11193 6686 11198 6905 12045 9509
3639,10578 1824 5451 4608 8165 6737 4136 10368 10574 10576
3640,10989 10628 10994 10991 10627 11382 7098 7099 11000 10990
3641,11035 13753 7798 2135 12516 11919 5752 10566 13373 10540
3642,1719 13621 12282 2373 12589 7057 4138 11321 9851 7784
3643,7124 13912 5826 2518 2490 8073 2956 3402 2202 10538
3644,5687 5447 10199 7427 10899 2870 10198 9534 7079 5451
3645,9715 3358 11366 6955 4235 10161 5081 12983 1768 5062
3646,10631 12710 13135 10430 3111 1055 13913 7122 10100 114
3647,3201 12714 7394 3307 8553 3204 750 4482 3207 3208
3648,13914 5228 9076 9077 13915 8105 8090 14234 5230 5227
3649,4273 12557 12479 11366 11712 4272 7978 1176 4274 5282
3650,8909 8910 8912 8908 8911 6284 8913 12904 11693 8886
3651,7903 13916 13528 3012 7905 7756 7907 13222 11366 8392
3652,1003 2891 1009 7078 1005 10856 10854 7065 11366 3667
3653,3509 6577 2774 10859 1442 4500 2721 9848 1768 11250
3654,6352 8526 11366 2741 11109 10208 14327 14599 10179 3465
3655,11134 6173 7174 5145 11132 11131 6879 10573 11133 7683
3656,5341 13918 13543 2423 505 950 10621 7174 4333 5250
3657,4936 13919 4717 5270 7927 6074 6075 11242 9816 5632
3658,11122 9784 13344 11121 11366 10680 1532 2820 3465 10208
3659,1660 4085 216 11366 14273 15229 14271 2952 14418 3945
3660,7112 13920 12428 13805 13913 7509 9209 1026 9260 6836
3661,13922 13921 11024 10033 4794 2284 10005 5881 1632 10896
3662,12885 6725 10863 10589 6123 11366 13593 7208 12777 11288
3663,11056 11339 10752 7101 10987 10097 1720 13911 1828 4603
3664,370 6411 377 446 371 13668 7338 1094 11117 11366
3665,5805 13924 13923 10694 12814 10677 1129 5806 5816 5803
3666,13926 14331 2824 13575 10410 15096 13353 8526 11366 408
3667,2614 9791 404 1166 3465 2820 5193 13625 1532 2742
3668,3177 13927 3178 6322 3280 3289 2558 4297 5465 679
3669,6118 13928 5379 4754 13929 9347 13930 6487 1746 10361
3670,7016 7015 859 8164 4605 7014 4287 4133 10953 7013
3671,2742 2815 1166 2820 3464 1165 1535 13327 3465 405
3672,8338 8329 8327 8328 8330 8342 8332 8331 8333 8343
3673,8814 8813 4589 2442 8815 8812 1661 966 12003 9879
3674,8606 10545 12634 758 5467 6367 10400 4467 11222 544
3675,13931 12746 11755 13932 2741 12511 13330 14150 14124 14123
3676,4474 10529 3658 2652 4963 13933 6495 9505 5561 7239
3677,10103 13934 2992 7662 1557 10254 13742 10104 10110 4803
3678,7144 1866 4310 12809 5123 13078 9890 10321 12231 986
3679,6700 6156 6153 6148 6147 6154 6149 6152 6151 7835
3680,1207 9286 11258 847 2139 7280 7508 11162 6753 1193
3681,8999 13891 14670 11184 15215 15211 15212 11060 15213 15214
3682,13935 7768 1831 5544 1984 9528 12610 1686 476 14672
3683,11364 4813 3176 8567 7373 10968 9024 10566 951 7317
3684,9977 7609 3925 8740 1614 5943 5395 7479 8864 3495
3685,12404 4293 715 2575 8792 2497 10290 153 12403 11789
3686,13133 13939 13938 12854 8985 11785 15261 14805 13290 4628
3687,8618 11551 2282 4259 6119 2342 3837 4185 895 2158
3688,13327 2742 1323 8727 1165 11366 3465 1166 2820 6000
3689,12165 10373 10372 13827 155 13826 8635 14161 12989 11366
3690,1803 4353 5956 5724 6695 8971 5014 7414 2159 11010
3691,10338 644 4808 10334 2143 2919 10333 2170 10336 4798
3692,12061 7747 11877 8030 7461 8048 8115 10473 9836 5294
3693,10061 7299 2333 7775 1419 2225 4423 2735 4924 207
3694,1345 4357 5589 3619 8028 10474 11821 2328 5503 7508
3695,13587 13940 14826 14713 14553 14827 15270 14555 9055 14554
3696,13078 12809 13177 12577 7144 10983 13080 13079 12459 12441
3697,11752 13188 12271 11524 1533 11112 11754 9936 6040 3143
3698,10109 13941 5201 13794 8299 6393 7569 2730 11888 5426
3699,9959 8238 6101 11716 8088 13257 13945 4058 7556 13944
3700,9906 2057 6888 8656 9907 9921 392 7372 7758 2532
3701,11410 10131 12473 12471 14444 14154 10128 11366 12472 10881
3702,10818 5248 1379 11889 10992 8443 10812 10811 10816 13394
3703,11604 10468 11605 11853 11588 907 12010 13947 13948 1616
3704,10819 11099 8536 12912 10811 10812 10816 10813 10817 12609
3705,7132 1367 7125 13952 13953 9117 3022 1813 7492 44
3706,9492 12592 5666 1098 4928 4119 3545 1070 3344 10235
3707,7249 10279 12666 381 2739 71 3043 7783 9366 10280
3708,11857 13955 8514 13956 12904 4048 6618 7630 3874 1023
3709,13957 2354 5112 15179 11635 6281 14046 5651 15022 11366
3710,9790 13958 12158 2674 8356 255 10112 4430 12716 378
3711,13959 7229 5405 5431 10208 14387 13354 362 11366 12446
3712,1165 2741 13327 2742 3465 404 11112 13352 2820 1166
3713,7107 8968 14725 10027 13239 9827 9682 11366 12860 13767
3714,10008 10009 5775 3611 11204 10548 4792 7646 434 7527
3715,8114 13961 6183 1700 5714 14146 11649 13893 14314 14002
3716,13841 10490 14533 11908 14006 5355 11453 12285 13770 4463
3717,13962 12460 10714 5657 9104 5716 11007 9103 6262 13392
3718,5605 1942 9695 3231 13846 3541 8966 3088 2865 13845
3719,1534 2741 4516 13561 12301 13910 11366 7686 1526 2614
3720,5773 12167 5092 5414 7930 834 1758 3181 1684 13554
3721,1357 4135 1355 4140 2369 1354 9851 2376 9646 4141
3722,3852 5639 3849 10729 953 6939 7201 11366 3851 5511
3723,3465 2614 2820 2742 11121 11366 1166 13352 13327 11122
3724,2820 2817 1166 12747 12426 4515 405 2742 360 10206
3725,12860 2430 11988 13239 12162 9827 7889 13767 7107 12129
3726,7015 7014 9625 7554 9853 1726 7013 6553 10067 9307
3727,12038 12925 7878 8318 12923 14134 14135 8532 13719 13045
3728,12286 8226 5363 11366 1351 10909 6942 3055 6750 13908
3729,13964 13965 13966 13967 13707 13963 6751 11366 11326 8991
3730,4450 8122 13968 8127 9808 11848 15188 4448 10113 7219
3731,13969 12417 8295 12613 13975 2089 10133 8087 12277 11366
3732,13970 13972 13971 13548 5964 11366 13549 13547 10869 11763
3733,8004 6835 12135 10581 8006 10580 8005 8000 6838 2181
3734,576 13695 13681 5358 5204 12048 11366 10468 11605 11604
3735,13973 10780 379 9496 9476 2783 11366 543 7501 6957
3736,4909 12601 13969 2636 13975 13974 13720 13383 14788 13462
3737,3676 9000 9476 9496 2496 10780 2546 5020 9021 2554
3738,13977 12770 10904 11192 1951 4888 14430 13953 14933 3037
3739,11038 10654 767 12405 8142 67 12971 13402 2242 11366
3740,4413 4138 7819 1003 2875 10198 7554 10199 11777 4139
3741,10069 9625 10068 12350 10074 12348 10070 11910 4403 9437
3742,13980 3265 13978 13942 13979 13123 6392 13679 14724 14738
3743,7218 5449 11640 11638 12630 11366 5536 1157 12628 7215
3744,7784 12642 4624 13621 3083 11851 11366 3084 12655 12733
3745,1354 1355 2888 1357 4141 11366 1356 4140 1829 10811
3746,13982 13981 4036 9643 11571 13621 3082 13573 12243 11528
3747,2871 12078 2872 2873 9645 2875 14269 10575 11366 12079
3748,8160 8151 8154 8149 8155 8157 8152 11118 8156 8162
3749,3416 4416 3843 1826 5447 2876 10199 11778 6811 11797
3750,12664 12663 12662 12661 12079 12078 10067 12658 12660 12659
3751,3415 1011 7060 7061 11366 6734 9750 5874 6733 9540
3752,670 8541 7057 12349 12929 1719 4138 11799 12657 11801
3753,4132 8269 4688 4687 9757 10098 3094 4597 9753 8279
3754,5844 13983 6554 13911 6556 13984 10814 5841 1146 5840
3755,7427 4060 9237 12076 6361 5846 10899 12075 4626 6363
3756,13985 3074 3688 2999 3666 13911 11892 12080 14439 12731
3757,1727 4317 13237 4328 12914 13426 5839 6447 13076 9746
3758,12548 9967 12332 2877 12732 12912 7081 12729 12731 10629
3759,9965 4697 12965 9963 5446 1094 13668 11117 9964 11366
3760,9134 9132 10536 15068 15249 12995 3958 2585 15066 2325
3761,13986 8207 10557 11896 1948 14174 9659 7522 13760 8218
3762,13987 12343 13988 2280 10051 14102 7706 1876 7695 3829
3763,8999 7121 11184 11366 1368 3055 14166 14670 13912 7325
3764,13308 13989 13990 14884 13693 6355 14882 8111 5451 11366
3765,3593 7254 13757 6398 7355 13758 10892 13991 7543 10105
3766,1859 13992 12866 1860 11806 12375 11366 1141 1863 11776
3767,13994 11366 3055 10715 8999 611 4426 53 2820 13885
3768,2371 1721 2375 11347 4606 1322 1779 1778 8982 11366
3769,8882 4455 10135 4852 11366 4795 10894 12470 12429 5385
3770,4688 4132 4687 5686 9753 4596 9757 11366 12071 4135
3771,13979 4170 6513 4697 6515 628 621 1522 7642 8237
3772,9025 13997 13515 9948 13995 13996 6100 13247 1883 6102
3773,13998 4670 13905 11366 14137 7742 14623 12564 5782 12296
3774,4561 1896 602 603 10147 4560 10151 2432 7704 10146
3775,14001 10982 9197 11734 4182 133 14182 7660 13537 6669
3776,11956 13221 13464 7173 12840 11366 7746 10530 10438 9656
3777,14003 11366 3055 10715 8999 611 4426 53 2820 13885
3778,4430 12850 14004 13606 13885 5648 5643 4435 5645 4433
3779,2820 405 2823 2742 1535 1166 12426 4515 12747 13187
3780,8526 13932 11755 11366 13734 2824 3040 10898 13324 13524
3781,2815 13007 13622 1330 13701 11524 13235 8906 3464 5998
3782,14005 98 6126 5213 4023 9241 5978 3559 1300 4106
3783,8811 12764 8805 10876 10878 8807 12534 9340 11366 2409
3784,4947 10769 11686 13416 7261 7892 1946 1046 33 1896
3785,11845 2274 2898 7254 10105 5255 6397 3540 2272 11846
3786,1859 4139 1860 11806 13992 12375 11366 1863 11625 5847
3787,12329 3578 12832 6837 12328 8712 11366 9364 7293 14665
3788,12962 6184 9179 10180 12961 11790 9667 11366 5177 6180
3789,13634 6167 4664 11604 11605 10468 13948 13947 11588 5901
3790,5189 14007 4038 12905 1461 5192 5188 11366 5193 5190
3791,5673 11120 8302 12585 12551 9220 13878 11366 11527 15041
3792,6476 9804 9841 6226 6253 907 13191 8575 14656 5382
3793,12162 11988 14008 14206 3999 13239 2866 14093 8234 11366
3794,1702 14009 7083 14619 4784 1717 4783 1703 1718 4786
3795,8787 369 10224 10783 10782 4073 10781 2276 4359 8183
3796,4138 4039 7067 673 11366 1719 4132 2373 4687 7065
3797,1011 5876 4134 6705 9192 2883 9194 4063 1779 2890
3798,3896 8093 8102 8087 3907 13819 8089 352 8094 5560
3799,13419 11712 7978 4273 1094 5447 4596 14281 8135 8575
3800,13459 13544 13044 13541 13545 7085 13543 13542 10557 14726
3801,1948 14011 2175 4522 4520 4526 4525 11366 13799 8993
3802,14012 11621 4567 3996 6538 6498 13690 9713 1783 13069
3803,12867 12869 10447 10446 1677 2263 2183 12868 252 5205
3804,6170 908 6623 6188 6249 13962 13880 2983 6250 13070
3805,12960 1677 12958 12956 12951 12955 12952 12953 12954 14013
3806,7255 3647 6319 10670 7251 3793 5975 563 10620 12622
3807,9645 9628 6323 7818 1011 2875 9626 8849 6736 11800
3808,1529 2742 11366 2614 13578 2820 4514 2364 12426 5998
3809,13651 404 13332 405 11524 8730 13650 1166 13576 2820
3810,6000 6001 13323 13628 13271 13038 11366 2820 13327 14084
3811,10260 13166 14327 3067 14336 13727 13672 11366 14326 13990
3812,2741 7249 14015 11366 2742 6415 8731 2814 12425 2820
3813,2614 1165 2742 2820 3465 11366 1532 1323 1166 13352
3814,3403 10595 3816 8376 12516 12667 13373 6998 11285 5752
3815,13513 8402 11832 13324 10657 5818 1527 1670 15277 14036
3816,13660 14016 13339 13648 13186 11366 2819 13659 13203 13661
3817,2741 2742 11366 12425 1532 8827 1165 2744 12426 2814
3818,13396 2654 4358 7106 1847 13397 11984 1120 13045 11766
3819,2741 12301 6353 11366 2742 13352 15035 2814 13333 4516
3820,5190 1532 4038 9935 1475 14877 11880 11366 5189 13635
3821,8808 12501 12535 11880 10733 10041 1475 11822 14328 8806
3822,14017 10671 10672 8610 9532 7442 11652 5462 11735 11903
3823,13643 12026 13733 2946 9997 4748 8978 13142 1590 12439
3824,2928 10469 2138 6636 6813 1443 748 10301 5551 9163
3825,222 4975 9956 3820 10236 11164 1050 4995 12580 8751
3826,13925 3569 11945 14021 6278 9256 14020 13364 13614 14025
3827,14028 11757 14027 8861 5659 9999 14002 13763 12623 1907
3828,11878 13731 11052 2820 1166 1535 11880 3464 12426 405
3829,12779 2321 2798 8575 6520 14424 11609 12776 10758 12778
3830,4272 9823 6396 10109 12194 10895 7536 609 9824 8996
3831,23 5621 11192 4634 11162 11366 10654 11975 459 12169
3832,9601 9441 9179 716 8261 11406 5126 9650 9597 9596
3833,14031 8389 6286 13532 9760 14809 13433 10918 12172 11366
3834,4410 11590 4390 4394 13184 8859 4391 4393 4392 4389
3835,13007 3465 9074 2816 11366 15010 15034 2820 15035 2815
3836,11133 4871 2457 5414 4045 6879 11131 11132 2149 9219
3837,8580 2878 1100 2145 1091 8404 1738 3552 8671 5528
3838,10450 13979 12499 9543 9229 11075 6883 13980 12498 14091
3839,6335 5180 9789 12363 14032 6329 3749 9280 7489 11132
3840,9958 13400 14034 11688 10407 6818 12695 12696 12183 10967
3841,11354 10907 12029 8210 5485 3852 956 10565 12391 11353
3842,8387 11634 8380 8384 8379 4829 8381 8385 8383 8378
3843,10576 9612 10704 10574 5451 13565 10697 10228 6690 2127
3844,9810 8016 12718 5699 2849 6162 1665 9809 1522 11366
3845,14029 2869 15091 15032 13320 14655 11366 14359 1532 14122
3846,10715 14702 52 14100 1351 15274 13436 15273 3865 13827
3847,34 2739 2490 11876 49 3404 10837 12510 8461 5341
3848,13557 11776 12866 14038 1317 9307 10911 13590 12147 11273
3849,10844 10845 12677 14679 13001 9102 11688 8085 12184 12999
3850,2891 1003 3667 7065 7078 1009 10750 9536 7075 10854
3851,2365 360 15093 9784 14374 14375 11366 1167 13200 1532
3852,13617 13654 13278 5695 14593 2978 9555 13887 14340 13655
3853,1754 7285 2806 2056 7827 9047 2100 5718 4797 3206
3854,12149 11366 3055 10715 8999 611 4426 53 2820 13885
3855,1409 4393 384 14619 11366 4390 4394 5062 10424 1425
3856,14033 11366 3055 10715 8999 611 4426 53 2820 13885
3857,11293 10108 9824 8756 11294 3996 11295 11292 1781 14265
3858,11849 10205 6510 9808 11848 10113 7219 10672 12103 11366
3859,3428 14040 3427 13641 11366 11771 3429 8021 8017 11979
3860,9435 4445 4444 11366 4443 3055 10715 8999 611 4426
3861,7333 8761 7334 3892 5571 8489 4356 9761 6940 12027
3862,8868 9932 9240 12540 4146 9086 4411 4147 11008 7140
3863,1958 7556 9158 10036 8592 11362 1885 14041 2610 12202
3864,2087 8582 13915 11040 6139 6136 8089 10080 3572 13720
3865,12896 12894 674 2372 12897 12893 6741 11002 6931 1916
3866,404 13672 12743 1535 1166 14044 2820 9791 12426 10260
3867,8628 8629 13914 8625 8632 8633 8630 8626 8638 8635
3868,5651 11635 13957 6281 14046 14045 640 5643 5647 5648
3869,10220 14047 14048 6059 10117 12880 12889 4460 11869 6060
3870,13796 3793 6398 7536 3591 7532 14727 14728 7471 13769
3871,12006 2741 13234 1532 13200 6993 8810 8402 12007 8827
3872,7524 6494 3591 8240 6061 13839 9841 10150 5179 7525
3873,7951 2060 7649 5978 7643 3669 3671 10112 13196 2927
3874,10021 11142 8677 5338 900 102 12988 4497 12372 2022
3875,7825 2899 13738 1894 9032 12173 11366 12068 2895 5109
3876,7935 13880 6782 6170 908 7947 13882 6240 14378 7942
3877,9308 7147 9302 6356 4311 9304 1587 9298 9301 11366
3878,13615 10924 7214 13534 7669 10928 10926 10927 10925 10923
3879,10412 4570 2065 8251 6710 5640 10875 13428 12901 9332
3880,7111 7114 14049 7118 12427 11444 7120 7112 111 5310
3881,13139 3457 11526 13887 1874 12864 14050 3511 11911 9973
3882,7629 9225 9842 9226 10122 9841 6253 11979 4531 6952
3883,14052 13851 14054 14053 6326 11258 8747 11706 12097 9792
3884,102 2288 7854 8870 8778 14055 10050 10784 4045 2272
3885,6034 6968 7862 7502 3041 252 7856 9259 7514 7622
3886,8320 12984 6403 11156 14058 3446 11658 7090 14057 1472
3887,11716 8544 13817 13944 4814 3836 12647 147 5824 3835
3888,14059 14060 14061 273 316 14062 5945 6852 337 269
3889,7197 1578 10704 7991 6880 3944 10228 103 5892 6690
3890,2614 11899 12186 11441 11366 2820 1532 3465 2742 14337
3891,873 9249 2324 4821 14063 7310 11366 14261 686 8457
3892,8761 9784 12842 2820 15038 7333 7908 11366 5571 9073
3893,5783 6247 1845 10255 14064 13387 3070 1510 12009 607
3894,1882 13002 8386 9074 8698 11942 5328 5326 3481 13054
3895,13280 13279 12519 13068 12926 14065 12263 10253 13278 11248
3896,10979 12967 14066 12409 6279 4631 2787 8507 11366 2667
3897,13646 2630 14067 10981 11366 2629 2628 3055 10715 14943
3898,14069 7964 1011 13225 11428 14202 11366 8423 3055 10715
3899,14071 12091 8543 13400 11980 8363 1134 11366 11717 11200
3900,4809 8518 9448 6944 9823 4274 7809 4275 11733 5793
3901,724 2080 8277 8279 584 3296 11366 8282 8289 8284
3902,14072 3072 7073 11366 8746 5690 12218 3069 3055 3071
3903,12153 14073 4318 12152 2698 6815 9498 5611 3692 2407
3904,14075 14077 14074 13813 14076 9015 12841 13812 13815 13810
3905,8945 1195 296 8266 5175 4045 9849 2955 11447 2924
3906,12629 12034 11012 1994 9251 9148 11836 12331 12630 323
3907,1317 1777 4687 11366 7218 11787 15126 12643 3083 4688
3908,8739 13361 8733 8736 8738 8734 8735 8737 5929 11366
3909,13554 3520 3071 12204 1199 5622 4856 8794 7829 5773
3910,13715 162 9472 11366 5892 6145 11453 13536 8917 10445
3911,4516 11524 1475 13188 13575 404 15095 13452 12426 11366
3912,9933 3420 8446 7914 9051 12766 10666 1074 5215 5940
3913,1387 5414 10054 3284 488 476 11366 1425 10660 1440
3914,6000 6001 2820 13628 2742 11366 13271 14084 13327 1166
3915,8587 9821 14081 9818 9819 14080 3063 8583 8579 7110
3916,2657 14082 2501 5264 8005 10094 10580 8006 10581 11366
3917,9808 7009 8736 5929 11848 7219 11849 10113 1700 8122
3918,8513 14083 8514 11366 5163 6806 3055 10715 8999 611
3919,2820 1166 13327 2742 8727 12426 13187 1165 3464 3465
3920,405 14084 1323 1535 2820 1166 11366 10679 13661 14332
3921,14086 12486 14085 1561 13901 14087 5297 13725 5151 14040
3922,3612 11762 13211 6309 3611 13783 11366 3055 14643 14642
3923,13381 12290 12289 12292 12293 12675 12291 12978 12183 11366
3924,13331 13308 13651 4516 1528 12509 4330 405 13989 13332
3925,10456 11200 14071 10455 10457 11366 3775 14771 10012 10721
3926,1616 10423 1615 1597 10468 1598 1605 11605 11604 1599
3927,9055 14088 11366 3611 13587 12651 2949 14306 14427 8413
3928,7751 7750 3677 7749 7752 11366 3055 10715 8999 611
3929,1351 15274 1350 15273 14089 14720 12286 14702 13947 13454
3930,14090 10450 14091 10244 12499 7518 1669 13004 3535 14093
3931,4962 1855 4753 11568 13535 560 13184 4964 4073 7649
3932,344 12640 318 15265 13656 351 13657 11366 346 1094
3933,11602 10011 11600 11601 2391 6650 7998 13360 2180 7612
3934,7530 13142 1669 6392 12879 10195 4361 14093 2946 6389
3935,2820 3465 404 13959 8830 13187 13354 9784 1166 12426
3936,14094 14522 577 11366 3055 10715 8999 611 4426 53
3937,14097 6668 14096 10394 109 14098 6659 10392 14301 14302
3938,13232 2820 12426 11418 11366 13518 1741 13234 13202 14405
3939,10715 14100 2203 4073 7649 3089 4962 4964 4753 4551
3940,1535 2820 2742 12994 1166 405 12426 1165 14015 12747
3941,6238 10714 12937 9697 3423 6172 5782 9810 13962 10363
3942,13987 7695 14102 2280 3829 7706 8884 10051 1876 5402
3943,3540 3541 10868 2274 3537 3521 12373 14414 13732 3523
3944,5276 11885 6062 7530 2162 13141 1940 1492 299 5280
3945,2726 11885 9708 5967 12155 2907 1115 2724 8746 12218
3946,2991 3654 3646 3653 3649 3650 3652 3656 14292 14293
3947,3465 2820 1166 3464 14084 2742 6000 11121 13452 13628
3948,1826 14105 2876 4414 3844 3843 3846 7427 10815 4416
3949,14106 13124 3273 183 9016 9019 11595 11702 6346 7728
3950,14108 12668 14210 11366 3055 10715 8999 611 4426 53
3951,8358 8359 14109 9455 9454 9449 9452 9450 9453 11773
3952,10604 6793 12104 14111 11186 14110 8211 12673 12675 12293
3953,10227 4943 10369 8671 11174 3016 9391 7375 7376 4944
3954,13885 12850 11366 5267 14131 14488 14480 5268 14506 5266
3955,4601 6165 14112 2394 5382 1094 14656 14310 5842 11366
3956,10494 1349 4997 7390 4888 3554 2450 714 10493 8309
3957,7490 14113 2159 10161 7501 750 1984 11366 3042 852
3958,11815 9222 8260 9223 14928 349 205 11460 15227 8249
3959,5823 8790 10270 14114 5806 5816 3676 5803 5805 7268
3960,1319 6363 6362 1320 1778 6361 1779 4060 4415 1321
3961,7157 1880 7729 12811 6875 9684 3867 9899 5574 3159
3962,5918 11141 7773 12358 1667 2182 3855 1693 8083 7250
3963,9584 12105 11876 10018 40 2026 8499 11223 7734 5191
3964,12520 12685 13641 13175 11366 2839 12300 12282 14039 5399
3965,14116 6249 6188 13358 14115 7950 2983 6250 1111 12939
3966,7180 14118 10252 8737 14117 266 5695 11782 11684 902
3967,3992 4247 11935 11670 9186 3577 11905 12438 7053 7400
3968,12511 3465 2820 1166 12426 14123 405 2742 14124 2614
3969,7215 10088 4606 11346 11351 11348 14439 14438 2373 5845
3970,4052 7152 11366 7907 13454 3055 1086 12543 506 7776
3971,14125 2563 3459 11366 3055 2120 10342 3461 6917 8801
3972,1503 4223 11158 6088 733 753 4212 11366 9268 3916
3973,689 8172 6433 11529 2221 160 2597 8173 8175 8169
3974,1995 8 14126 11162 15138 15136 15135 15137 11366 12516
3975,14127 7684 5615 10124 5229 71 5452 9482 9484 9485
3976,3074 11890 4403 3083 10069 1318 6579 10627 7096 15161
3977,4057 2612 4058 11631 13451 13818 4056 4059 13461 5222
3978,3799 5672 11995 7823 12000 11999 11998 1354 5671 11997
3979,5251 13726 13564 8119 2924 2903 10148 13273 10501 10502
3980,10464 2210 10465 10466 9290 10467 5899 10463 13458 7410
3981,11405 11403 14512 726 11402 11366 14136 693 11400 11398
3982,14129 11932 2770 14382 11084 11366 4711 10060 5405 3055
3983,12850 13885 11366 5266 5267 14538 553 14938 5268 14429
3984,12850 11366 13885 10328 5267 5266 14486 14131 14130 14538
3985,10413 11230 14132 11737 8892 8454 1475 7698 12688 13395
3986,12489 6389 13951 6392 12081 5967 4699 9998 6508 9657
3987,8310 6409 9041 3899 3901 5056 8452 12782 3374 6205
3988,64 8258 9684 11873 11366 3461 2546 80 94 7370
3989,9920 4024 2553 10480 1918 9914 4931 9926 10213 12109
3990,755 1172 833 800 763 829 828 824 819 813
3991,14134 8532 14135 12925 13765 12177 12947 617 7887 7878
3992,4608 5863 4136 10367 1828 4137 6737 4142 8164 10368
3993,1668 5797 5470 5340 9832 5476 5469 5796 2158 5799
3994,1529 12426 4514 1475 8526 13324 1533 2814 2820 13188
3995,7186 1447 10650 9319 8044 6348 9420 11366 3055 7911
3996,14136 14137 11366 15230 11405 11402 692 6803 12497 3815
3997,2820 12426 12994 1166 404 2742 13187 405 1535 3464
3998,6532 8306 2079 7864 5138 5739 10608 5175 7863 3904
3999,2074 14140 14141 1701 12545 13919 10564 685 10669 10289
4000,3280 1161 5207 119 1501 2474 5209 137 3834 3279
4001,6489 11189 3959 14144 13753 8785 4962 12581 6480 6492
4002,4976 2268 12522 5145 8305 6004 2979 1864 6476 6622
4003,14147 14148 10561 11120 13214 6090 12085 3004 11366 14829
4004,1303 12067 8694 2614 1299 11366 6568 1298 2011 7
4005,11753 14150 404 8907 13348 14151 14138 1166 15035 2820
4006,155 10373 10372 156 10371 153 10370 4396 5004 11071
4007,6186 7574 6180 7433 7432 6184 6182 7431 6096 3295
4008,12957 11978 8126 13023 12456 7532 11895 13046 12553 12955
4009,14153 12748 14006 13968 13566 11218 8127 14181 8122 13207
4010,1894 13738 2899 1891 7825 1895 8515 11366 11637 8516
4011,14155 3481 3482 4356 9761 6273 13614 14789 9001 8486
4012,12162 11988 572 13239 7889 11366 9827 12860 13767 2430
4013,14156 11002 6810 12077 6811 6557 13702 13985 12839 13075
4014,4515 405 2820 2742 5998 1535 1166 1323 3465 12747
4015,405 1529 1323 1535 2820 11366 12426 1166 2742 7249
4016,1166 2742 3464 2820 1535 1165 2614 405 404 2815
4017,13783 6950 14093 1669 7657 8887 6947 6951 6948 5122
4018,13725 13537 9557 14085 1560 14086 13848 12486 11366 11344
4019,11384 14159 1131 14157 14160 7581 14158 11746 5513 14304
4020,12148 1937 9650 13763 8059 7745 9682 11232 13761 11085
4021,3906 9056 8588 3907 3900 3898 2043 11366 5785 13588
4022,110 14930 15215 15211 15214 15244 11060 15213 15212 11061
4023,2082 7252 4164 518 14114 12019 6063 1885 5538 971
4024,9571 2567 11187 6788 14164 4713 12480 8252 14796 2018
4025,11221 6173 6775 1522 14462 11366 14461 13424 5521 14460
4026,8816 5303 14418 15229 10601 9700 6031 7257 6691 9704
4027,14166 8999 91 14081 15184 11366 14930 14555 110 14427
4028,9557 13537 14715 13725 2409 5161 13690 11366 3055 14001
4029,12486 1561 6669 14085 14086 13725 14087 9659 11366 14446
4030,14002 12682 5714 14146 14027 13961 11649 13893 9999 2008
4031,1357 9851 2014 6360 2369 2376 1355 10365 10366 1354
4032,5580 8961 4764 6045 7929 11366 5706 1065 12047 12428
4033,12748 13490 606 12496 6497 13505 13506 13507 13508 13502
4034,12439 13642 13643 13726 5358 14754 14967 8398 7682 11888
4035,4171 13389 14167 8786 6511 4168 4173 13536 8124 8235
4036,1323 1324 2742 405 13187 13333 2820 13330 2614 12426
4037,2742 1166 3465 3464 2815 1165 2820 2814 1535 13651
4038,14168 14465 2230 14466 1893 11737 3883 12837 13627 11366
4039,3993 12588 5707 14169 5021 12223 10425 13889 13191 4962
4040,9668 14170 10705 11877 14171 4373 14065 14172 10253 1783
4041,11978 14173 2419 6435 14174 11979 7522 8218 13986 13760
4042,14104 13281 2728 3091 9542 2905 14175 6586 14830 2729
4043,14176 13610 13107 628 5473 13367 12496 13535 621 13778
4044,12839 11723 12725 12731 11348 11922 12074 12080 12072 7451
4045,13628 13650 13271 1323 1166 13576 8730 13323 404 2820
4046,2741 8907 11366 1526 2742 6994 8827 12425 12426 2820
4047,13069 8033 13901 15131 14012 13162 11366 3996 12467 4567
4048,13055 8362 14180 9186 7397 6642 10452 5039 1574 10451
4049,12555 12456 2429 11295 10153 8620 14175 6869 1265 13408
4050,10757 12684 7650 14181 9137 2840 11611 12685 6298 5334
4051,7758 9910 9121 9899 3461 12110 10158 7730 9921 3159
4052,12319 11770 10044 12047 11029 2446 7379 5902 11732 8185
4053,5998 2742 2614 2820 3465 11366 13327 405 2815 2741
4054,12426 2820 6989 14183 1166 404 6001 13271 3464 9791
4055,3665 5923 14178 13254 12518 8264 11219 6479 12926 11218
4056,11114 15261 11785 4628 14968 13938 3246 11116 13290 12611
4057,5367 12242 11226 12239 10942 10940 10957 10935 10938 10937
4058,14190 14184 14133 14191 14188 14189 14186 14192 14187 9231
4059,6846 3492 3407 2839 4379 1460 668 3609 6840 6845
4060,14044 12882 11755 8835 11879 11112 7686 9794 12994 14122
4061,14177 13845 13846 12683 14176 13710 13403 14119 5354 4527
4062,14194 14195 13409 12323 2819 13659 14196 13039 10127 7237
4063,14197 14198 9201 14525 11366 14395 9210 4466 3474 6533
4064,13532 1885 12997 13432 13531 14031 13001 14809 9760 11854
4065,5405 14129 11084 5406 13729 8058 13728 5404 11366 5431
4066,3896 352 14200 13819 3907 11366 14398 8093 3897 12180
4067,11405 12868 2600 11366 11402 11403 14136 14512 726 13286
4068,2807 10962 12099 4766 5944 12100 11366 10960 3610 5943
4069,5725 14601 3678 7040 14602 9875 12251 7832 12051 6894
4070,7581 14202 14203 14204 14159 14205 14157 14160 3840 11366
4071,13216 8460 12110 13213 5233 3160 13217 5601 77 13215
4072,12524 9556 12824 12249 13858 12263 10322 11023 12248 12525
4073,1560 14207 6669 13725 13709 11344 261 11366 11774 10320
4074,14046 10168 6281 11635 5651 9131 14045 14208 13957 640
4075,4135 9751 3679 7068 7553 11892 5672 13702 6557 4140
4076,5689 4413 11366 1861 12349 8155 12075 11799 8154 8149
4077,14208 14209 6608 13736 11366 11402 13182 14889 14046 14452
4078,13702 6557 1913 2379 2375 11226 12731 4137 10543 14439
4079,9920 12692 11644 9913 2553 2532 4931 9926 9914 9927
4080,10426 4962 10425 13191 6504 10427 8900 1714 7895 11366
4081,11206 8084 13463 11207 11197 11201 8812 8758 11208 11200
4082,13883 2464 8775 14120 3955 13512 9021 14514 14149 6917
4083,415 14211 14212 9889 497 459 474 5722 498 446
4084,8020 14213 14214 2651 14677 8017 8011 10808 12558 8015
4085,13771 13141 4629 12248 12142 14215 13767 12524 10624 7255
4086,2820 12426 1166 405 2742 1323 12747 3465 1535 13187
4087,14024 12265 14025 9959 13925 14664 12266 6819 3569 14020
4088,14216 3978 10562 6827 12777 471 5494 8734 9270 14217
4089,9973 9387 11907 9380 7899 13035 13460 11366 12860 7893
4090,2372 2375 2379 11347 2380 11366 12728 6551 2371 11816
4091,6172 1111 8650 12082 12987 12937 10714 11649 8648 9697
4092,10405 5260 2156 4267 5159 4933 2290 10396 10397 10402
4093,14220 12264 3890 14219 6848 12566 14221 6785 10921 5652
4094,5788 6497 8235 6495 4170 6505 13180 6493 11366 603
4095,3063 8587 75 13388 8583 8579 7110 8582 8584 8586
4096,2981 6183 1700 9516 9514 9515 9513 11366 3789 5334
4097,14222 14223 14224 14415 11366 5518 13895 9424 7876 3055
4098,2869 12551 11120 5673 14225 14226 8477 12756 11366 4607
4099,14171 14065 10705 4373 10253 14837 14170 9668 14172 11877
4100,12881 10337 13460 14227 9213 2731 7649 6477 6057 1376
4101,10121 12188 6331 14209 10119 10120 10116 10117 10118 7688
4102,3464 1166 405 2820 14712 1326 11052 2815 13651 1535
4103,2742 2741 2815 2814 8727 1165 2820 13452 8829 1166
4104,11691 13984 11624 9195 4138 7080 1013 10818 1779 3674
4105,14230 12526 14228 13171 13175 9324 13798 9323 14050 1558
4106,10953 7078 9536 4600 3667 3694 7065 11351 11892 4692
4107,14232 12594 9813 13073 13192 14231 12003 8099 14233 9960
4108,9851 10246 7057 4605 4413 7426 12376 1721 14439 14438
4109,14152 14235 8126 6062 1625 12553 12957 4263 9317 4327
4110,4062 14236 4063 7014 12657 14753 1138 7067 11366 8708
4111,1166 1165 2742 13327 1326 405 3464 6000 2820 6001
4112,6174 14237 6241 6240 11796 10251 9104 8967 6256 6239
4113,2820 13187 1535 2742 1166 12426 2823 405 12747 1165
4114,1845 6247 8687 1510 13644 5783 8921 13387 10255 14064
4115,13616 7253 14170 9668 13615 11366 9212 14172 11877 5788
4116,3728 8485 1438 12780 12771 12772 3737 11664 12778 12781
4117,14238 14260 14575 14638 14492 14572 11315 12339 6581 14574
4118,8 8591 9030 11366 10382 154 10383 3403 1120 7300
4119,14239 14245 14244 14246 14247 14248 14242 14249 14250 14243
4120,4301 65 13645 5607 4886 378 5829 890 4298 80
4121,12641 13784 5786 7000 5787 3177 12666 6434 3178 10564
4122,14136 692 11405 11366 11402 15230 693 6803 14208 12497
4123,12698 9072 2148 1589 705 4848 4568 10232 2122 3242
4124,6546 6498 6097 13942 8515 12985 1557 6694 6499 12986
4125,14245 14244 14246 14247 14248 14242 14249 14250 14251 14243
4126,8788 10868 6613 628 621 4388 7643 7649 7804 1699
4127,3483 11252 4507 13684 13682 13685 3484 11186 13736 1720
4128,525 538 5749 4844 5751 531 536 537 530 532
4129,13385 12138 10119 10188 11656 6887 1932 8118 8143 11085
4130,3092 9604 676 7327 4468 12163 11803 4364 6859 2326
4131,3564 3562 3569 3563 3568 3561 2791 3567 3566 2665
4132,9188 10738 6561 14252 12018 1296 2156 9669 184 5135
4133,14253 14254 14357 8440 14318 11579 13525 14358 5738 10058
4134,7809 3387 10125 8884 6905 3396 7518 7808 6838 1876
4135,7795 10370 14126 10728 7630 3981 10371 7786 7790 7788
4136,11993 5794 5142 9544 6948 6212 11727 942 11366 2938
4137,10236 7021 3820 13228 175 4977 5502 222 4975 11366
4138,14217 4569 10562 14216 8735 8458 14471 14407 11366 12777
4139,241 6787 46 6825 11366 10704 1208 11314 7737 5091
4140,870 5041 5437 869 11366 139 3956 878 5055 466
4141,6824 9101 14255 11366 11365 6821 13257 5053 13527 697
4142,4320 10295 9669 3282 9118 3119 3356 3359 9673 9671
4143,11119 11118 6542 8151 3693 8160 9754 6738 7222 11366
4144,8850 13713 8848 13712 9645 4607 12348 14269 8847 9624
4145,14257 8077 7658 7739 11163 4651 11963 4665 8076 9190
4146,5952 3903 5922 10622 5924 11326 5936 8257 10601 1458
4147,14258 3038 11706 4489 11139 13193 4257 14121 11456 13865
4148,10181 282 10003 1971 10001 11468 527 283 8914 11366
4149,1351 13454 8367 9164 10544 549 2656 11233 9974 15274
4150,7331 8957 4904 7329 5996 6199 13021 4653 9118 5820
4151,7391 3150 3143 3168 421 8600 305 8593 2810 2034
4152,14238 14260 14575 14638 14492 14572 11315 12339 6581 14574
4153,12146 1011 7572 1727 12261 1721 12145 12143 15049 1749
4154,14063 14261 2448 8287 6031 7412 463 10174 1980 2024
4155,5408 5746 11157 8285 8098 5406 2210 5404 5407 7691
4156,1798 1961 12166 2548 2026 11168 9196 11366 1197 4732
4157,7236 6940 14262 529 1532 13293 13288 13291 13297 13303
4158,8999 9701 9706 5527 5488 2309 6691 9700 9703 9704
4159,10980 9123 2666 8392 9812 1543 4059 12996 12312 2238
4160,3077 6703 11057 6704 3076 3078 3079 2616 2890 3075
4161,6888 9902 7758 3459 9898 10550 10546 10886 5568 6315
4162,1934 7651 11101 10064 1676 1932 10118 10120 10117 10116
4163,13130 10432 134 385 2241 1507 11486 2552 1497 11366
4164,9545 12193 3497 12813 4920 1074 14832 14831 9546 4893
4165,4181 4247 690 3258 5155 12095 4216 3555 9388 8654
4166,14266 11592 4529 4530 4524 8016 12869 4665 2183 4521
4167,625 156 10370 4396 12770 2693 155 153 7845 3960
4168,14267 9951 4036 11366 9949 9952 9948 9950 3055 8382
4169,9991 2672 4498 4312 7977 10470 666 2182 5960 7243
4170,9613 4351 2256 6472 10636 239 1652 6429 1486 11366
4171,4920 6792 4919 9222 896 8260 4916 11366 4912 4918
4172,257 5920 6094 10502 10501 9931 3273 10500 256 14417
4173,5226 14268 11366 3116 11253 14396 4576 8454 11630 3055
4174,6613 2984 1177 8788 7804 13971 10868 11366 12930 6611
4175,8474 9427 52 15274 15273 12054 8475 8470 76 8466
4176,9645 9752 14269 8847 13713 8850 1011 2871 4139 2872
4177,5793 6227 2926 11914 480 9445 11129 8521 2411 12200
4178,11371 4656 11767 4657 5563 11369 4655 4662 11366 7177
4179,3602 3834 11366 3584 3348 9700 11468 9703 13436 10856
4180,11713 8129 11751 3740 6046 8135 3951 8132 8130 5506
4181,14271 14273 14272 10822 6041 8453 10586 2952 2525 487
4182,8714 5723 4032 9489 3744 12069 9494 1027 9492 5833
4183,14208 11402 14136 6608 13182 11366 11405 692 14452 14046
4184,12281 9704 693 14390 4937 6725 13266 4121 13265 2405
4185,4096 9167 1967 4233 4220 7291 1959 4217 9090 8744
4186,11379 11378 7005 8793 11373 3900 12016 11441 3174 3160
4187,4346 14274 12714 7395 11366 7394 6151 7397 8241 7396
4188,6615 711 6624 7743 13560 7742 8252 6612 6609 6607
4189,4663 11368 4660 11370 4653 4650 2804 4662 11369 4657
4190,2525 10137 1831 14271 14273 10288 6318 6043 2524 3468
4191,6822 195 14518 6821 3375 6882 1394 11366 3382 685
4192,11360 14206 5247 764 9563 12162 1215 323 2108 1491
4193,14138 8402 13343 8827 1532 11366 15257 14328 14151 12271
4194,10487 3172 244 10043 12549 7831 10636 6472 3140 7187
4195,4458 14533 13725 1927 2866 14006 623 6144 4459 4460
4196,5528 1688 757 6641 1443 4468 1684 6198 4862 171
4197,12015 6201 14279 14278 13588 12013 11053 1425 14275 8820
4198,11950 12042 8653 2756 1586 12174 12175 6647 1568 5068
4199,11151 4064 8439 7187 4556 9679 6306 1571 1043 268
4200,1269 10867 8227 14281 9826 3859 8113 13639 1366 10870
4201,8390 162 5581 167 11320 839 2194 7799 9567 170
4202,7113 10406 5003 159 2498 7120 3839 7116 7134 15230
4203,9173 11347 14283 12731 11922 6805 11348 12839 12080 12072
4204,6116 11409 11848 14284 3138 2166 731 9912 9911 1475
4205,11243 12168 2657 180 11844 873 162 323 6033 3139
4206,14286 14285 15173 12440 14209 11366 5190 13896 14596 14595
4207,1252 838 2930 1408 6645 11170 748 745 1393 1410
4208,9518 9439 3839 2764 2826 11623 9523 9520 11366 3921
4209,14287 1423 467 11366 6216 10454 12847 3055 1428 1410
4210,14294 14293 14292 14291 6662 6665 6656 6666 6653 10396
4211,10485 11292 7195 10153 10406 14175 233 6667 232 11295
4212,8999 6670 14085 13725 1560 7121 11184 1368 14166 14670
4213,10270 2287 7848 10078 9051 2291 4090 9619 10271 5453
4214,12513 14295 14930 15244 14427 15250 14088 14868 14931 14929
4215,7633 6063 971 5417 6005 794 2082 618 3577 5085
4216,6148 8653 10602 7115 2326 13587 6156 15055 4426 1586
4217,14154 9945 11410 13856 12587 6129 10731 14303 12471 12473
4218,1619 234 13722 14055 12670 3193 9613 2564 14298 881
4219,14299 3956 3276 8106 870 15009 571 14926 11366 10904
4220,10400 10401 6652 10402 10399 10393 10395 10396 11971 10405
4221,14301 12556 14097 14302 10392 14096 6654 10394 14098 109
4222,3160 7632 11230 7109 3174 9585 3166 6530 14553 7310
4223,8999 9054 14163 14166 7121 5415 1368 11184 13912 14670
4224,14303 2623 9827 10675 6574 9945 13652 14304 5516 11384
4225,7719 9143 15260 6766 14674 11366 4392 14321 13524 14886
4226,14305 12176 9762 10432 12352 8488 10278 3449 1586 12175
4227,82 8500 63 2493 4965 2106 2155 4760 4669 3500
4228,9054 13587 14555 7124 78 14551 14166 14824 14296 15079
4229,9054 14306 14555 739 7124 78 14166 14551 14824 8999
4230,7124 13912 78 9054 15228 8377 14555 14166 5335 15244
4231,740 14979 1351 15274 14348 14980 15273 833 14089 14907
4232,7235 2235 5283 9570 7841 3755 10482 8926 12014 11745
4233,11955 10076 14562 14308 2948 11366 13356 12746 13518 14079
4234,14310 2602 9902 14311 7967 13741 4601 1026 9906 32
4235,14312 11366 3055 10715 8999 611 4426 53 2820 13885
4236,11482 2739 13015 5415 11876 11646 10806 9035 13012 2554
4237,8527 4359 6562 11447 14313 10746 5619 240 9085 2856
4238,10015 13971 14100 13669 5309 7773 2536 4494 3501 9266
4239,13481 13480 5471 6086 11366 3055 10715 8999 611 4426
4240,7891 11152 11475 13029 6513 3522 13951 2731 9213 13666
4241,13029 12250 12980 14314 1196 13027 13449 13445 13448 6125
4242,13628 13576 13650 13271 13245 11366 13323 6000 13700 13357
4243,3465 6352 1323 13187 12426 2820 405 2614 1166 2742
4244,14290 6655 10397 14288 14291 14294 14293 14292 6664 13849
4245,5998 1532 11366 2742 2614 13329 2820 11112 3465 405
4246,14315 4118 13431 1632 5563 13310 6792 14316 13904 3067
4247,11069 12420 2123 7731 12995 5543 7727 12106 2128 41
4248,9340 14317 11429 5753 7022 11558 11557 11559 1624 11366
4249,14058 8320 14318 11585 8509 6403 12984 14057 11156 1472
4250,12342 6327 13571 1304 1761 12344 12346 2315 11597 14946
4251,14208 693 11403 692 11402 14320 6608 14136 11405 11366
4252,5106 9600 14321 9508 8976 7952 9246 12195 3155 8273
4253,14322 11790 10191 11035 7671 11066 10064 8484 8523 3403
4254,11917 12855 10291 11915 6023 11223 4302 9773 2499 10540
4255,733 9024 12918 12666 11480 374 2957 12516 10566 13373
4256,7781 8760 14319 12067 7791 4152 10081 14368 6723 7693
4257,13898 14311 6232 9291 10427 5909 12864 13368 8781 10252
4258,11554 11555 14323 11557 1624 11559 7022 11558 13924 10596
4259,2741 14308 7686 13189 12425 8827 14324 14138 14802 13730
4260,14326 1330 1531 11394 1525 13672 14336 1530 14335 13990
4261,3465 1532 8830 2614 2820 2742 11121 4515 11366 404
4262,13349 9786 13734 12302 13189 1533 3465 4514 2814 9787
4263,12271 14138 13343 14328 6353 5194 8808 11752 8827 13188
4264,2741 13329 2742 13344 2820 6352 1532 11112 12425 10208
4265,12905 12906 11286 14329 12903 13409 13315 14196 5189 9517
4266,14014 14325 2741 13323 11366 3055 10715 2820 6001 2742
4267,11560 14199 12516 5752 3507 1624 11559 13373 11557 11558
4268,2614 1529 3465 13578 2742 2820 5998 1323 1532 6352
4269,2614 3465 5998 1529 13578 2742 2820 6352 1323 1532
4270,11955 13332 14562 2948 11366 12746 13356 405 1525 14079
4271,12070 11111 14803 8892 6941 13854 6990 4791 11366 11822
4272,3463 13672 14327 13248 15010 13356 3045 11366 11052 14326
4273,14331 13926 10410 13575 13353 2824 13260 15096 11880 1525
4274,13201 2822 13202 8907 13347 12007 12426 1324 1167 2820
4275,13245 13244 13128 14802 14124 8831 12882 13357 13730 13576
4276,2742 2743 13327 1165 1166 2820 2815 2614 11366 3465
4277,4515 9784 11366 8826 14806 1532 10206 12747 2820 6992
4278,14332 13452 13203 14084 10411 13661 11880 8058 1535 12500
4279,14323 13924 5998 10127 11555 11554 2614 14007 7022 11559
4280,5998 10508 13319 11112 11366 2742 2614 12391 12638 12639
4281,6996 13327 8730 8892 1535 2742 2743 11112 2741 1166
4282,10127 14007 5998 1624 11558 11557 11559 14194 7022 11555
4283,14336 9784 13990 13248 14335 14326 11394 8906 407 13672
4284,2742 1535 405 2820 1165 1166 13327 2815 2743 11366
4285,13625 2614 13330 9791 13931 2959 10963 3464 1323 8906
4286,6353 2742 3465 13352 2743 13629 2741 1165 2614 2820
4287,13329 11524 8730 14331 1525 13575 10410 13926 13260 1535
4288,5998 405 2820 2741 2742 2614 12426 11366 1323 1535
4289,11394 14326 13700 2743 2742 14336 14122 12511 13672 1323
4290,2614 11112 1532 3465 2742 11366 2820 5998 1323 13352
4291,1326 1166 13187 3464 13731 2820 2818 11524 13651 15035
4292,4514 3463 2814 2741 13423 2113 1529 15010 14327 15035
4293,4516 2820 8907 11394 1530 3464 15095 13671 3465 1166
4294,2742 1165 2741 13562 13672 13574 2316 2820 2614 12380
4295,1367 2208 2029 5547 3204 2235 13952 7132 3208 1976
4296,12627 14339 14338 12628 12630 5668 9639 9421 12629 11366
4297,11661 10986 6784 12025 14340 9807 12985 11660 7884 7885
4298,4755 7401 11872 15099 8593 3562 10838 14582 11366 14587
4299,2373 4138 1719 7067 12929 12282 13621 9852 11724 12350
4300,13644 6616 1786 6097 8372 12025 6685 2984 1795 12930
4301,2369 7784 3084 1721 4687 12734 4688 13785 3083 12733
4302,8029 8026 8008 8010 8017 8011 8015 8039 9128 8024
4303,1354 1355 11777 1357 4141 2378 2369 1829 1356 4140
4304,10987 10198 7427 12370 10749 10088 7785 7554 10748 7095
4305,14342 10351 14181 9233 8555 11366 6782 13459 10353 10349
4306,12211 1315 12210 12655 398 3083 13621 9969 11721 11722
4307,1317 4403 13519 12917 12643 6557 13702 4687 11724 11366
4308,8423 12048 10255 14064 7625 11265 5782 576 12010 11605
4309,12891 13258 13377 13698 7436 13600 12890 11366 13797 2658
4310,2930 9688 14344 11366 357 5615 5620 5612 9885 1408
4311,12735 12725 10461 10992 7077 12732 7081 12731 12728 10630
4312,10911 13557 7702 14762 13556 10912 14763 11366 14546 13212
4313,1011 11537 11366 9851 14269 14751 12332 1862 4134 8541
4314,7096 1318 7064 2869 4403 10992 11120 7215 3085 4599
4315,4402 7498 6734 9750 11366 4403 10939 10936 10957 10940
4316,10706 5421 11949 10704 4437 3980 2127 10703 10228 7710
4317,10195 6849 13742 13732 9840 10196 11366 10197 10194 12879
4318,9749 1011 14345 8152 1317 11347 9194 4687 1778 2372
4319,4350 3428 3429 11366 3427 8011 8033 8008 8015 8017
4320,14111 2953 756 11186 14110 12104 8211 12673 6793 10604
4321,6738 2869 10072 10088 4134 11347 7215 12199 8824 11118
4322,13215 13214 13213 13217 13216 691 77 5601 11366 14721
4323,1709 4145 10990 10994 4461 8542 10987 10996 10993 10998
4324,3083 4132 4687 7093 4688 397 9850 7784 11347 1317
4325,2422 12036 10224 9807 2421 12035 2414 3661 567 2429
4326,8479 14348 11818 740 4847 11366 15154 11863 2808 14669
4327,14350 14349 14351 1771 5875 7215 11347 11366 14843 3842
4328,13776 13034 10969 14117 1524 13687 13686 13688 13689 12827
4329,11248 12527 4373 7714 11249 13280 10253 14229 13279 12519
4330,7095 11099 10749 7097 11326 11366 11329 5583 7484 11331
4331,14206 4170 616 13417 6098 4550 5788 6163 2108 1592
4332,6605 1852 13138 6098 9942 11963 7377 10388 5782 612
4333,13176 2840 14352 12486 6231 1360 9659 1947 2841 12684
4334,14353 7242 11366 7376 7375 4447 7571 7240 916 11219
4335,11840 11842 10658 7168 11841 11839 6510 6513 3944 6880
4336,14354 10216 11366 3055 10715 8999 611 3813 9589 14724
4337,6847 1145 5686 10751 5857 1136 3003 12378 1146 7077
4338,14355 4582 4589 14356 2729 5288 2274 966 13632 2442
4339,8167 8166 13712 3083 10461 12876 12874 12348 10193 11703
4340,3465 13327 2742 2820 1165 8907 8727 14084 1166 13660
4341,7217 1704 12936 1774 12257 12256 12255 5854 1773 8302
4342,4567 6226 13604 7506 14012 13069 6538 11621 6498 6479
4343,4196 3555 4248 4247 9309 4258 4240 3705 4219 4243
4344,11892 3074 3666 11626 3667 13985 12643 12644 11351 4692
4345,12831 13823 12835 12834 12830 5625 12833 12832 5159 11366
4346,1719 7057 12929 7067 2373 4138 11366 9852 9851 4607
4347,14357 14318 13525 14358 11579 14253 14254 10058 5738 13524
4348,10097 13723 12589 10990 6804 13209 4413 10096 10627 10099
4349,14359 3465 13711 8906 11366 12744 14029 13320 13482 9784
4350,13122 6939 7682 12142 13121 13120 13794 13941 7201 13024
4351,1314 12736 3085 4461 13785 2881 8542 2880 6847 7077
4352,1719 4138 7067 2373 7404 11724 4687 4132 12929 4600
4353,14284 14362 5012 11848 10491 13312 11366 11409 3138 14507
4354,12728 2617 2369 2372 1357 1712 11625 9554 1355 9851
4355,11019 13305 2058 5795 13899 7688 13299 13303 13298 13300
4356,9999 14027 1907 14002 13763 12623 4350 6685 7745 10870
4357,2846 11453 5355 3537 4463 12285 13841 4386 11358 6729
4358,5921 11665 6098 6490 12987 6541 14219 13832 1123 12264
4359,7270 7186 7280 4484 847 11623 8939 5760 5436 7268
4360,9199 8210 11019 9210 3474 6533 9196 4466 9208 2904
4361,11777 1354 11366 12874 2371 1357 1011 8158 2378 10199
4362,13413 9359 2958 9206 1374 5348 56 8998 8673 13411
4363,10463 8505 4872 13767 285 1895 2023 10256 1392 6173
4364,7220 14364 2585 11632 73 2571 4294 11902 12995 9132
4365,10069 5849 4139 9626 11805 9625 11808 5848 2378 10068
4366,13710 9857 4527 14365 8231 3492 14109 14177 7172 4172
4367,8762 2928 6143 11162 8961 8252 8791 1048 6221 11366
4368,5151 2582 3129 5154 14086 5160 5150 5162 5130 5136
4369,344 12916 15265 351 13657 13656 11366 1447 11117 346
4370,7529 13696 10052 8144 11115 11728 11730 7525 2732 5899
4371,1010 11347 2379 2372 9853 2375 12731 3072 12348 1000
4372,1174 11983 3854 10644 12985 1171 11846 13045 9874 13110
4373,9100 14010 7009 10429 10428 9798 15133 13620 9797 9101
4374,9796 13307 9759 8095 13 10757 10311 5334 9798 5656
4375,692 11366 8250 14136 693 659 14208 13838 6608 14366
4376,14367 11366 3055 10715 8999 611 4426 53 2820 13885
4377,2428 1506 10985 11366 12531 12532 15144 2419 2423 2429
4378,14369 3563 9108 10081 2088 12067 14368 3571 14372 14370
4379,14374 14375 15093 14376 2365 11366 9784 3055 10715 8999
4380,7752 5998 4984 10674 7565 2041 3368 7749 7750 7751
4381,9650 14378 10125 5904 14219 7935 8059 12148 13763 1937
4382,8383 9565 6208 5731 11794 5738 5927 14313 4310 9611
4383,5294 5555 10958 5943 10862 5936 10861 5924 2868 5930
4384,2742 5110 1165 405 12008 11121 1323 12007 1168 2820
4385,2820 13453 13717 13421 12426 1166 2742 3465 11366 2614
4386,2185 3276 13372 9016 4196 9914 9019 9020 11301 2543
4387,11411 11414 11412 11413 11417 11415 11416 7640 10024 6069
4388,11899 1535 8732 4591 4515 2820 405 11366 14337 1532
4389,692 14379 14380 5519 11366 693 8250 14136 11384 14424
4390,14382 10060 14129 10391 11366 4772 9344 2040 4911 11084
4391,692 12081 14384 14383 6228 11366 8250 693 14136 14890
4392,14385 11366 3055 10715 8999 611 4426 53 2820 13885
4393,1721 2375 11850 1344 10899 4599 7427 2371 4606 12378
4394,1339 10260 1535 1165 2742 4516 8174 8171 8175 8173
4395,14386 2951 2687 11366 9041 8310 6409 3901 14406 3899
4396,5016 8995 5055 13411 3839 14680 11366 589 5314 2454
4397,14326 13672 11394 14336 15010 10260 13248 13356 3045 14335
4398,2029 999 14387 14389 14388 11405 11366 2022 10504 492
4399,404 13651 10260 13574 2820 1166 2614 13672 2816 14327
4400,12019 1187 463 4230 5544 9093 3792 7631 2082 5724
4401,3263 3260 1270 11809 8140 3813 3943 3259 1311 3261
4402,6755 13067 10431 11208 13066 13064 10082 2793 12346 12344
4403,13930 4298 3895 3134 14393 6118 15059 13929 13928 5379
4404,4524 2944 8965 8035 13221 5743 1947 4529 4525 4526
4405,3014 10920 10602 5538 11317 10369 4482 2448 1966 5552
4406,14395 8300 14254 1633 14525 11035 14198 9201 14253 14357
4407,2582 14185 5906 11599 8855 5908 7805 1466 2175 14133
4408,10673 12516 2519 13373 9168 12918 11560 6390 8504 12573
4409,5538 8651 4181 580 141 5547 8705 14396 2448 1572
4410,2742 3465 12742 13327 2820 1532 1165 2815 2614 1166
4411,12674 12291 12290 15253 12673 12675 12289 12293 12292 11366
4412,10272 1679 11964 6850 5264 10271 10269 11743 6839 11962
4413,10784 2855 2457 548 10783 12403 11985 2845 2854 2844
4414,1323 8904 1532 405 14122 13330 2820 3465 2614 12426
4415,7970 3805 7860 12326 6601 4104 11366 5772 2446 7969
4416,14398 13945 9566 8093 352 9660 7 3953 8102 14399
4417,2308 14400 46 12918 9929 2315 13649 11366 5748 2310
4418,14402 14401 2837 10836 8086 12740 3013 2604 9346 8825
4419,612 7915 618 12440 11366 3295 2120 11825 3973 11823
4420,7049 11406 6400 12752 15046 13124 14541 645 11361 10725
4421,3819 4975 11010 2715 4974 1611 11009 11013 11011 11012
4422,2742 3465 13352 1532 14405 2614 404 13574 14326 14079
4423,9276 12308 6064 7275 702 10061 856 12306 3360 12305
4424,2677 46 11980 2678 3752 2713 10370 2698 11810 2693
4425,14406 7121 9041 4427 7135 2951 4425 7325 3901 3899
4426,14407 10562 14217 8735 13166 3067 15270 14216 8734 15013
4427,14409 14410 4034 12760 137 11366 3055 10715 8999 12961
4428,13217 13718 10052 13213 12879 12351 2269 5273 13216 8144
4429,10148 8119 8787 10151 8842 8118 10147 12137 12136 8228
4430,13524 3470 7719 6766 13525 9158 3729 13522 14357 14358
4431,1198 757 3837 13580 13581 10462 1105 13579 8618 7837
4432,11209 4594 9111 12678 9110 13877 14412 2801 3073 10243
4433,1146 1136 1145 9537 12913 10843 1150 1725 9538 1138
4434,12987 1665 9810 9809 6506 14219 11665 6172 5921 6541
4435,13742 1897 13941 13719 13934 5492 12038 12482 12557 10868
4436,12014 5283 11745 7235 7841 8926 12015 3755 9007 10482
4437,2906 14414 12373 13732 12489 1893 3540 6547 3088 13971
4438,11230 14415 9244 3180 1397 1028 12688 13395 11366 10093
4439,12504 14416 10259 12508 13331 12505 11918 13335 1325 12506
4440,12426 11753 1166 405 2820 5998 404 1323 403 1535
4441,257 714 14417 2291 9131 10502 10501 2285 9931 10500
4442,10056 11747 3034 1576 13671 14805 14799 14325 15242 6141
4443,6178 3308 14419 6176 4000 14675 11082 4128 11366 4350
4444,2050 7166 10000 3086 2047 13779 7165 2053 2056 13678
4445,6328 10517 1661 13048 1198 1686 1732 4583 6331 8838
4446,14420 7356 13117 2425 13123 12437 6392 5255 11366 2417
4447,2741 2742 12425 11366 8827 1165 2744 2814 12426 11283
4448,2699 14423 14422 11366 2695 3524 2368 9500 9523 9520
4449,14424 5519 13570 12779 10163 5520 14379 14380 5518 11366
4450,3771 14426 11366 692 14684 5055 8017 8015 8008 8011
4451,13430 5929 14471 14707 14714 13431 11366 944 10906 14483
4452,12349 8983 2886 12487 1826 4605 1777 4035 12350 12348
4453,1368 8426 6750 8226 8786 9281 8938 5368 5745 13134
4454,11154 14428 12316 6102 9076 8097 2486 2086 1301 13307
4455,11405 1475 12669 11402 11403 14136 11366 14512 726 6113
4456,8581 12689 13807 9208 3333 13805 14120 9306 14430 8588
4457,14164 1886 13000 12612 12963 11197 15165 15166 9571 4713
4458,14431 4193 2066 10871 4202 12462 4217 4255 9066 4236
4459,3668 5686 7554 4596 6364 12731 12643 14439 14438 12644
4460,10821 14685 14959 14259 941 13928 13286 9267 12159 2108
4461,14221 13221 10150 3890 14738 12137 2410 8325 14734 12800
4462,5788 12155 6884 6497 8235 11366 11979 6495 4170 6505
4463,6978 10276 2278 6979 6974 4258 4121 6986 2994 6985
4464,8517 9995 6451 14434 6493 8890 4927 13583 1105 13579
4465,12152 1277 12778 10877 12771 12772 12773 12774 12775 12153
4466,7236 12971 11038 13289 13291 13300 13293 13303 13295 13296
4467,5909 13898 9291 12864 10427 13368 8781 10252 7999 10986
4468,10488 11869 7978 9288 1362 13793 8354 4672 10256 230
4469,14185 14190 14187 14186 14133 14188 14189 14192 14191 14184
4470,13103 12681 265 14182 266 267 14172 13104 14837 12521
4471,2259 2272 8004 5206 2273 2279 2280 2292 2276 2271
4472,8887 14050 11885 4593 14437 13550 11984 14230 12526 8885
4473,7451 11922 2872 12637 12074 13985 12072 6557 10543 12080
4474,13437 1604 8606 6814 11366 1043 931 11738 758 340
4475,13998 7742 5782 4670 13905 11366 14137 6624 7743 5677
4476,7527 14442 14443 15015 11366 10548 2590 12154 9978 12157
4477,3090 5276 2729 3372 1492 299 1436 4041 12910 5899
4478,7642 8237 5913 4665 9714 13706 9344 6513 12496 621
4479,14409 4034 137 12760 14410 14445 14038 9105 5806 5816
4480,740 9106 14979 1351 15274 14907 14980 14089 833 14348
4481,4484 2950 8957 11905 6980 1817 8241 6971 9531 9185
4482,14444 5371 1473 5368 5374 11410 6115 1471 5372 5366
4483,12803 7013 9308 7014 14445 7015 12632 12798 12795 12794
4484,14119 14446 13403 1561 14177 12685 5297 1554 4731 11249
4485,8001 10185 1678 10189 4518 7949 906 9103 8004 8006
4486,12550 8478 1327 9198 11076 9438 8036 1872 8476 11366
4487,12523 12522 1872 11525 10122 4964 8144 8770 11887 5136
4488,12910 4041 3090 4593 11366 5819 4043 4042 4047 1372
4489,10973 2170 7749 7905 10617 3563 14368 13261 12067 10081
4490,13015 14560 13012 3488 14851 3719 13014 11316 13017 5415
4491,7533 5114 14289 7537 7535 7534 6667 7526 7542 7541
4492,14447 312 1578 7842 7843 11367 11366 7844 3055 1598
4493,14448 14205 630 9522 12103 693 11124 13167 14460 14212
4494,7699 13943 8421 281 13520 7700 11366 3801 5784 2700
4495,2815 2742 2814 12747 15010 2818 1166 11366 2820 13356
4496,5222 12649 8103 13451 6140 11366 13818 12277 10603 14780
4497,7843 7842 7844 7849 6584 14447 7845 7848 7846 4727
4498,10726 12722 12721 12723 12464 10722 1715 8088 7673 10721
4499,9254 3579 11366 11977 8499 9020 3578 102 6332 3055
4500,2431 7704 6978 11656 2426 13564 11657 2429 2423 2410
4501,10700 8000 4389 10704 5892 12231 6690 7710 103 10697
4502,6668 6659 14098 14097 10394 109 6665 6662 6666 6656
4503,13031 5472 11680 12676 14019 14066 14018 8758 11203 6852
4504,726 7676 7670 11880 7201 6271 5582 5146 7677 11366
4505,7521 8144 13178 10707 13182 7517 13183 10152 7520 3851
4506,14452 4966 626 14208 13335 10124 5709 692 4955 6489
4507,9071 10704 688 1992 12992 103 5892 10697 7710 8845
4508,14453 1743 12970 12969 9001 14454 8215 12968 13936 12093
4509,14455 14456 14388 11366 3055 10715 8428 8999 13885 611
4510,12426 1323 14122 13330 405 2820 14457 13651 13271 1532
4511,14209 14596 14458 14595 14213 13680 15188 12188 15086 14214
4512,5191 155 156 11071 10373 12337 10372 10371 10370 4396
4513,14459 5673 11366 11120 3055 15041 8302 12585 13878 11527
4514,14462 11221 14460 14461 14205 13183 7126 11366 5521 13424
4515,4356 14463 1335 9681 5403 9775 12619 13974 5998 8615
4516,495 1440 6155 6427 1425 12013 6201 1506 2001 5055
4517,10715 14702 52 14100 1351 15274 13436 15273 3865 13827
4518,8541 14464 6550 6551 1826 2369 1357 1354 11799 8540
4519,10825 10830 10827 10826 10828 10829 7476 6243 11366 3055
4520,670 6432 671 10090 12657 672 10087 12655 4598 5662
4521,11850 13185 12378 1706 6806 1353 5857 5688 1344 5451
4522,7266 11193 2220 12280 4772 4774 4776 10391 6905 7725
4523,5980 8936 2481 8243 11471 9848 5974 955 5979 5977
4524,14466 14168 14465 11737 3883 3884 12837 13627 8860 5369
4525,9034 14468 14467 4566 1543 9812 1542 13222 12181 14369
4526,11232 14469 13219 2435 1937 11366 11701 11702 1926 2896
4527,6401 9129 12464 4337 13551 14172 14470 6514 4172 2900
4528,2003 10832 260 4537 7016 10850 13061 5391 7015 4543
4529,8467 4067 2215 8470 8466 8475 13195 11366 10432 8261
4530,14208 14136 11402 6608 692 11405 11366 5521 14889 14046
4531,149 14472 6605 5521 11366 169 9268 853 165 781
4532,13849 14473 6661 10579 6663 2281 7210 6763 6655 6665
4533,11405 11403 6877 14512 859 11402 11366 14136 726 693
4534,11366 12850 13885 5267 14486 5266 14131 692 14130 14479
4535,13885 12850 11366 5267 14131 14488 14480 5268 14506 5266
4536,14475 12390 14476 15006 14713 14162 15057 13516 7392 4822
4537,3665 2652 10701 11366 3887 3880 13179 12156 3658 7990
4538,13885 12850 11366 9357 5267 14131 14488 5268 14506 14480
4539,13885 11366 12850 5267 14131 14488 5266 14486 14479 3055
4540,12850 13885 11366 14456 5267 8428 5266 14131 14538 553
4541,11366 13885 14486 12850 5267 5266 692 14481 14913 14131
4542,12850 13885 11366 5267 14131 5268 14506 553 3055 5266
4543,14478 3898 11366 13885 13511 14513 10200 3907 12850 2043
4544,13885 12850 11366 14131 14488 5267 14480 5266 5268 14506
4545,13885 12850 11366 5267 14131 14506 5268 5266 14480 553
4546,13885 11366 12850 5267 14131 5266 14488 14486 3055 14479
4547,13885 12850 11366 5267 14131 14488 5266 14480 5268 14506
4548,13885 12850 11366 5267 14131 14506 5268 14480 5266 14488
4549,13885 12850 11366 14131 14488 5267 14480 5266 5268 14506
4550,13885 12850 11366 5267 14131 14488 14480 14506 5268 5266
4551,13885 12850 11366 5267 14479 14131 5268 14506 5266 14480
4552,12850 13885 11366 5267 14131 5268 14506 553 3055 5266
4553,13885 12850 11366 5267 14131 14506 5266 14488 5268 14480
4554,13885 12850 11366 14131 5267 14488 14480 5266 14506 5268
4555,13885 12850 11366 5267 14131 14488 14480 5268 14506 5266
4556,13885 12850 11366 14131 14488 5267 14480 5266 14494 14506
4557,11366 13885 12850 14486 5267 5266 692 14481 14913 14131
4558,13885 12850 11366 5267 14131 14488 14480 5268 14506 5266
4559,12850 13885 11366 5267 14131 5268 14506 553 3055 5266
4560,13885 12850 11366 14131 14488 5267 14480 5266 14494 14506
4561,13025 14482 5890 6196 13667 13026 11366 2900 8565 9588
4562,11366 13885 12850 692 14486 5267 5266 14131 14479 3055
4563,11366 13885 12850 5267 14486 5266 14131 692 14130 14479
4564,12715 13845 12859 8688 12526 14230 13175 14228 13171 13798
4565,12850 13885 11366 5267 14538 692 553 5268 14429 14537
4566,12850 13885 11366 5268 5267 3055 14538 553 14506 14537
4567,13885 12850 11366 14131 14488 5267 14480 5266 14494 14506
4568,11366 5267 13885 14131 12850 14486 5266 692 14479 14130
4569,12850 13885 11366 5267 14538 553 14537 5268 14429 14506
4570,11366 13885 14486 12850 5267 5266 692 14481 14913 14131
4571,13885 12850 11366 14131 14488 5267 14480 5266 5268 14506
4572,14429 12850 14483 4399 12787 366 8575 13885 11366 13693
4573,11366 12632 13885 11273 14486 12850 5267 15208 15209 5266
4574,14485 5266 11366 14486 15175 6834 3055 10715 13885 8999
4575,11366 13885 12850 5267 14486 5266 14131 692 14479 14130
4576,14487 5019 10200 11366 10177 5055 9210 10172 3055 9208
4577,13885 12850 11366 14488 14131 5267 14480 5266 5268 14506
4578,13885 12850 11366 14131 14488 5267 14480 5266 5268 14506
4579,5383 11366 14489 10704 8335 8845 10706 7710 10703 6690
4580,4412 11366 4390 4394 4389 4400 4392 4393 4391 4411
4581,13885 12850 11366 5267 14131 14506 5266 14488 5268 14480
4582,12850 13885 11366 5267 14538 692 553 5268 14429 14537
4583,12850 13885 11366 5267 14538 553 12849 14537 14506 14429
4584,13885 12850 11366 5267 14131 14506 5268 5266 14480 14488
4585,12850 13885 11366 5267 14538 553 5268 14506 14131 5266
4586,7719 4532 14492 14674 15260 9143 11366 6766 14321 4392
4587,12850 5267 11366 14130 13885 2062 9045 11266 14506 14479
4588,11366 202 13885 14130 608 12850 6532 6072 191 14897
4589,13885 11366 12850 14131 5267 14488 5266 14480 14494 14506
4590,12850 13885 11366 14131 8042 5267 681 5266 14506 5268
4591,12850 13885 11366 5267 14131 5268 14506 5266 553 14480
4592,13885 11366 12850 11608 14131 14488 5267 3949 14661 11607
4593,12850 11273 9307 13885 11366 13557 7014 15155 14763 15106
4594,11366 13885 12850 5267 5266 14486 14131 14479 14130 14506
4595,12850 13885 11366 5267 14131 553 14506 5268 5266 3055
4596,11366 3815 14137 13885 3813 3263 3818 12850 3816 3817
4597,14494 13885 14432 14495 14131 11366 12850 5267 14488 3055
4598,13885 11366 12850 5267 14496 14486 14131 5266 14130 14479
4599,12850 13885 11366 5267 14131 5268 14506 553 3055 5266
4600,14497 14498 11366 12298 14137 14574 5266 14897 3055 13885
4601,1910 12850 6525 13885 11366 8357 9995 12602 2310 3968
4602,13885 11366 12850 5267 14131 5266 14486 14488 14479 3055
4603,11366 13885 692 14486 12850 5267 5266 14481 14913 14131
4604,11366 14499 4339 14481 14486 13885 12850 5266 5797 5267
4605,11366 13885 14486 12850 5267 5266 692 14481 14913 14131
4606,13885 11366 12850 5267 14131 14488 5266 14486 14479 3055
4607,3990 11670 13513 10330 13143 3989 3992 11366 11935 5593
4608,14446 1561 14085 14119 266 6923 12486 5297 15098 11782
4609,12850 11366 13885 14500 5267 5266 14486 14538 14131 14130
4610,14501 8676 5426 12880 2725 7804 12988 13794 13941 11366
4611,12850 13885 11366 553 5757 5267 14506 5268 14131 14538
4612,5707 14502 12466 14503 6479 607 11605 10468 11604 907
4613,13885 11366 12850 14131 5267 14488 5266 14494 14486 3055
4614,12850 13885 11366 5267 14538 553 5268 14506 14938 14429
4615,13885 12850 11366 5267 14131 5266 5268 14506 14486 14488
4616,14504 2201 12850 13885 11366 10708 15072 13805 12668 2415
4617,11896 10941 14279 4753 10986 9830 7855 13986 11893 6486
4618,13885 14506 12850 11366 5267 14131 14488 3055 5266 14480
4619,1864 1510 11912 6485 13500 13504 6492 13498 6480 13499
4620,2742 5998 1535 1166 2820 13187 405 2815 2823 1165
4621,6352 2614 3465 11366 14327 2742 14599 11109 2820 10208
4622,12850 13885 11366 5267 14538 14506 553 12849 5268 14429
4623,5899 13458 12623 13457 10464 13832 13253 5196 12081 2732
4624,14507 431 6483 10764 6227 9835 5793 14174 10491 8218
4625,238 14235 2265 13889 4068 3887 14152 12372 7620 11239
4626,14508 15177 12338 14860 7937 11366 3055 10715 8999 611
4627,14509 13227 15191 4977 13228 9602 20 175 3820 17
4628,8999 11366 7121 11184 3055 1368 14166 14670 14163 13912
4629,14510 4953 14607 13414 14824 14578 53 8376 4955 1425
4630,9430 14381 6003 6128 15109 14970 8617 11366 13018 4738
4631,14511 1269 1337 11873 4933 6982 8589 8590 11212 11366
4632,5527 10870 7626 15207 15206 4505 11870 9701 4816 5526
4633,726 2657 14512 11366 11405 584 9106 12465 14199 13852
4634,14277 14513 14478 14610 13420 8547 8820 11053 14275 14279
4635,740 14296 14792 14979 13369 15076 786 15079 12013 3041
4636,4074 8182 4016 10282 4357 12838 11366 5731 4945 4372
4637,7844 14165 11367 7842 7843 14447 11366 7849 15069 6584
4638,11030 14432 2836 5026 3536 11367 4382 14494 11558 7022
4639,14166 14514 14081 11366 2210 14930 15244 15184 14553 8999
4640,13000 14413 10542 1886 13001 11366 9102 12998 14164 12612
4641,14516 14412 14515 10873 12616 7237 1298 2099 1301 10874
4642,9664 1721 3693 4407 8152 1776 11435 11118 5440 11119
4643,9759 8096 13 8095 4565 9763 13307 15 12049 9762
4644,7643 3895 14517 7649 11366 1127 602 603 4073 7951
4645,14486 11366 14481 12528 14499 13885 5266 14491 14913 3334
4646,612 3629 12713 3462 618 11366 2120 3295 9905 11831
4647,14422 11238 14423 11366 11236 2699 11731 6267 7547 11237
4648,14519 320 10591 15247 15011 12877 321 313 303 327
4649,1617 235 234 1618 1622 1619 1621 1620 1597 1598
4650,11784 4285 10180 9251 4076 539 8 9412 14946 4394
4651,3751 5107 13430 7109 4512 5101 5103 5108 5102 11366
4652,7057 13723 560 4137 5367 12589 4413 9851 11366 6804
4653,12101 10981 14156 8993 10977 11366 5036 12134 3055 13646
4654,13036 14520 14521 13533 7867 5973 13263 12437 224 12297
4655,12251 8892 7776 12247 10584 5640 12252 11366 9448 12249
4656,577 14522 14094 11366 712 13286 582 3600 583 581
4657,2820 3465 1166 2742 12426 2614 405 1165 13187 404
4658,9830 5485 8244 14839 14686 14841 10986 11366 653 14279
4659,13327 5998 8727 2742 2817 2820 3465 1165 1166 13628
4660,4515 13324 11366 13271 6992 8826 4330 12747 2820 13338
4661,8830 2818 1166 13187 11524 13356 12426 15010 2820 3045
4662,13007 8904 11112 405 11366 10207 2816 2815 3465 13006
4663,3464 1166 1165 2820 2816 13187 13452 2742 2815 1535
4664,5518 14222 14581 5520 5519 11366 11384 14204 3055 14223
4665,6057 14460 1376 12881 14523 14389 9147 12233 6764 12194
4666,14513 14478 4549 14277 14204 14848 14610 13420 8547 11366
4667,11217 13053 11605 11604 10468 13949 11366 907 13947 12010
4668,14205 7381 14460 13949 14462 11366 10233 14889 14203 14448
4669,13831 14524 14426 360 9245 14142 14586 11366 2246 7193
4670,14395 14525 14198 9201 1633 14197 14254 8300 11366 9210
4671,6606 14204 6605 14523 14846 6611 6609 6612 6607 13183
4672,13207 6476 13266 14193 2914 11366 14006 14153 9837 8564
4673,11384 14379 14380 6355 14882 13693 14956 14884 12065 14303
4674,14526 4757 12013 14854 7381 13018 7170 11366 8408 10920
4675,1181 14527 14528 2591 7663 14723 3861 14754 13121 7715
4676,14529 14530 692 3801 10559 10483 8969 1865 12512 276
4677,1907 14531 14027 5674 13405 14065 13368 7660 444 1904
4678,61 5216 80 94 173 743 8245 55 1328 10712
4679,11289 2591 7581 15265 11366 682 12044 11287 11282 14663
4680,13167 14212 14448 11366 14211 3055 415 10715 8999 611
4681,11366 13885 14486 12850 5267 5266 692 14481 14913 14131
4682,2303 1180 3580 12724 13754 7844 10613 2315 7354 13755
4683,13756 13272 13757 13759 13758 10107 2417 6387 13669 10810
4684,11144 2321 6077 4101 11141 2174 2644 2648 11142 11366
4685,3537 12373 3540 10868 3521 5355 11453 4463 1062 3535
4686,7384 12989 13335 8892 2810 4671 8635 2217 7391 7388
4687,9217 557 14532 9210 2904 9196 6533 4466 10182 3474
4688,5715 6485 12898 1864 6484 1846 6183 2627 7667 7666
4689,4133 4605 5673 8164 11120 1357 15238 12731 2887 14225
4690,2820 12426 1166 2742 405 3465 12747 1535 13187 2614
4691,5352 14495 13606 7935 12590 5356 14494 5353 11366 5355
4692,8686 14039 12716 12486 10253 10254 10593 7648 8679 7652
4693,9339 3993 7863 14534 3944 6880 591 9341 6115 8897
4694,12551 12756 11120 5673 14225 8164 2887 4133 10818 3080
4695,13741 14311 12577 14743 3017 14310 14739 11366 8917 5892
4696,13459 6685 12567 6257 10870 6524 13846 6349 12566 2979
4697,13114 13900 9015 11366 11208 10243 10085 14780 5554 12614
4698,10542 7565 1884 1184 12093 14683 11366 5974 8295 1162
4699,2815 2742 2814 13353 14331 13926 10076 1535 2820 1166
4700,9114 9105 5514 9112 9113 4662 9116 9108 3571 9107
4701,14356 5592 7050 4582 14355 5288 4589 11366 2729 2274
4702,9960 1886 6909 7455 9238 7466 14232 13073 14947 12594
4703,13978 7343 2929 10782 9239 2915 11358 11357 3974 4971
4704,6806 7427 2872 12917 8847 12378 12259 13185 9752 10808
4705,14535 7268 14240 11366 1739 2300 3987 7272 7276 6222
4706,12850 13885 14536 14537 11366 14943 14067 5267 3055 14538
4707,6329 5369 924 3771 12406 7141 11366 1523 5376 5180
4708,14131 8517 11366 14494 14495 14432 8042 681 13885 6934
4709,14540 14541 7231 11366 3055 10715 8999 611 15144 13124
4710,6488 8397 626 9365 8574 6118 14275 629 6496 6480
4711,14542 5337 11366 7946 7136 7258 4126 3055 12869 2183
4712,12850 13885 11366 12298 5267 14538 3055 553 14537 14938
4713,14498 14897 11366 14497 13885 5266 3055 10715 12850 8999
4714,14543 14566 9563 6729 11366 3841 11884 5595 15007 14585
4715,14545 9406 3486 11725 15145 2853 13282 9411 9419 9422
4716,12850 13885 11366 14538 5267 553 14938 12849 14537 14506
4717,1357 1721 2369 2376 9851 1354 1355 6553 6741 4140
4718,14538 14938 14973 14264 14415 11366 12850 13262 553 6071
4719,14538 14938 14973 11366 14264 14415 12850 13262 553 6071
4720,11009 13652 11010 2715 11011 11012 11013 505 5060 7066
4721,14512 11405 11403 726 11366 2657 3055 11402 10715 14136
4722,11405 14512 726 11403 11366 11402 14136 13286 14591 13395
4723,9406 14545 3486 9422 9413 9415 9411 9417 9419 9416
4724,12850 13885 11366 5267 14538 553 12849 14537 14506 14429
4725,12850 13885 11366 5267 14538 553 12849 14537 14506 14429
4726,12850 13885 11366 5267 14538 553 12849 14537 14506 14429
4727,5751 3500 12516 5752 5749 13373 2957 6390 12918 525
4728,101 15066 14264 14547 14898 15067 15013 15270 15068 14690
4729,149 14548 478 11366 169 466 781 9268 12202 13161
4730,1808 101 1814 6008 10704 103 11366 1818 10228 12362
4731,12134 12101 10977 14696 14697 14976 11366 13899 13764 14593
4732,58 9013 9020 9003 10016 14605 14980 80 13411 14604
4733,2887 12756 15126 11787 13568 14225 10818 4133 8477 12643
4734,14166 14553 14557 14551 14552 14556 14554 14081 9740 14558
4735,2743 1165 2742 1166 2820 13327 11366 2741 6996 2822
4736,12134 12850 13885 11366 14697 14976 14696 14593 13899 13764
4737,14490 14417 14142 14470 14674 12321 11217 11366 3055 13885
4738,8828 3465 13727 14799 8834 12426 11366 8831 8833 15096
4739,692 11366 14561 8250 14136 693 13838 14208 6608 15173
4740,1173 11055 12481 7293 11162 1172 11366 9689 1174 13031
4741,692 4465 11366 8250 6627 14136 693 6632 6631 6628
4742,2438 5384 1655 9682 6253 5385 12576 5382 5842 2394
4743,5786 5787 7000 14404 11868 3177 3178 11364 12641 9345
4744,14563 12465 13350 11366 13943 12467 12468 35 11077 867
4745,14564 14565 5019 4756 15180 11994 13511 10200 11366 7898
4746,10591 14213 11366 13838 14519 13056 13927 3841 3177 1765
4747,1001 11768 2893 12644 11366 11057 7062 1000 1002 1006
4748,3841 14566 9300 14543 11884 13056 13526 8256 11366 9301
4749,13894 13897 13896 12592 5666 1098 12195 13895 9492 3344
4750,692 14316 14241 11366 4497 14570 13431 14315 8250 9113
4751,6583 14567 6582 6584 11366 13058 11159 6581 12494 6044
4752,11630 14268 8454 11310 11366 14819 4451 14110 14580 14111
4753,12339 14569 8250 14575 2273 12338 2263 14492 14238 6467
4754,14316 14241 14570 13431 14315 11366 4118 1632 9113 14246
4755,330 6036 305 10709 3180 307 327 303 321 313
4756,8477 14464 5689 2887 14226 11787 15126 6737 4626 4133
4757,14572 8250 692 12340 14573 14964 11366 6581 14638 14238
4758,14575 14238 12339 14492 14009 8250 14574 6581 692 14569
4759,692 8250 11366 14572 13558 14575 12340 14136 12339 6581
4760,14209 14596 14595 14213 14458 13680 15188 11366 12188 15173
4761,14082 13172 11366 2501 13173 13174 2657 9214 8138 11963
4762,14577 14576 15277 10741 13513 11366 3055 10715 8999 611
4763,11883 2391 12025 15163 11884 11366 11911 7678 53 2383
4764,53 14578 15228 8377 10501 94 14987 10502 80 14826
4765,2230 13192 10653 7944 9341 6880 3944 14128 591 11366
4766,14503 7223 14579 101 12466 14502 15056 5707 7228 14713
4767,8591 10382 10383 2325 15028 9200 11366 12875 117 15029
4768,14582 4434 4755 10095 11366 4435 4432 4433 3055 4429
4769,7351 13999 9202 6618 7349 12564 4065 15133 9210 12565
4770,8128 10115 8113 6797 5382 5842 8125 8124 2394 8129
4771,11205 11426 11947 11197 11207 11366 11425 11201 8758 9102
4772,14584 14583 113 11458 14585 15001 3056 3054 12427 3059
4773,1889 5380 5620 10035 5381 8924 8916 8915 8920 8919
4774,6483 908 6181 11622 6480 11407 11408 11005 11756 6492
4775,6885 6884 12318 6883 11366 11979 3055 10519 10715 1179
4776,14319 11048 426 3190 6022 8760 11366 12099 8747 11952
4777,14587 5559 14451 4755 1134 9004 11717 14779 11366 13367
4778,10407 10456 11426 12648 14034 7556 6819 11366 11945 13400
4779,9793 2741 13574 14139 13354 9791 11366 13260 5998 9792
4780,8688 12892 7648 5677 6011 7606 9506 11835 13654 11366
4781,4133 4605 8164 9852 12731 12643 15238 12728 13683 11787
4782,7639 13457 7853 13365 13170 6886 10810 13419 4130 7855
4783,8410 12216 13726 8414 12214 12217 12215 8417 8406 8420
4784,11781 14365 13653 5923 11177 13710 7659 11490 9857 11245
4785,2636 12612 12092 8508 12316 11366 3569 10723 7753 1343
4786,11366 13885 14486 12850 5267 5266 5226 692 14481 14913
4787,9022 14110 9021 9023 9011 9000 14514 1274 14149 9006
4788,6487 2650 13828 5379 6492 6480 6493 959 907 6509
4789,12850 13885 11366 5267 14131 5268 14506 553 5266 14480
4790,13885 11366 12850 5267 14131 5266 14486 14488 14479 14130
4791,13679 7402 3265 12981 11152 14737 14846 3813 14845 14724
4792,14589 12772 11366 3055 10715 8999 12775 12773 12774 12778
4793,11759 1475 11366 9318 4085 3736 6220 4949 3315 3314
4794,8324 5 5814 5759 8323 11366 7961 1387 7249 3055
4795,6984 5525 3893 6979 15092 3720 4121 6986 15187 8897
4796,12850 13885 11366 5267 14131 14506 5268 553 5266 14538
4797,8580 1949 13079 8579 8583 12512 11366 7110 6966 14310
4798,726 8590 14512 584 11366 11405 9106 14199 14996 13804
4799,11405 14591 11402 11403 14136 11366 14512 726 13286 13395
4800,13017 4424 13513 2951 5929 3488 13014 11316 13012 3719
4801,14592 14821 1605 15252 14822 9106 11731 10833 10115 10834
4802,8832 8334 13336 3677 1475 12838 8833 2837 10934 8834
4803,12850 14538 366 13365 553 13737 13262 13681 11384 6622
4804,6004 4351 7941 5372 3929 8888 2599 6002 8895 8893
4805,11880 8832 12838 11877 4074 11366 12535 14332 1475 6430
4806,14593 2978 3582 9555 12928 13617 14976 13764 2970 2967
4807,14594 2847 5729 11366 2854 2844 2850 2853 2862 3055
4808,6105 4016 10820 6112 8893 2599 8888 8895 3929 5372
4809,3542 13435 2152 2410 3521 12137 8325 14738 11366 1089
4810,11405 726 9106 14512 11403 11366 11402 14136 13286 14591
4811,11405 726 9106 14512 11403 11366 6719 11402 14136 13286
4812,611 10893 11483 593 11484 6016 12051 14621 8303 2141
4813,14301 12556 14097 14302 10392 6654 14096 11366 3055 12555
4814,7689 6687 9655 3182 9656 1707 4187 3672 7956 7959
4815,14595 13680 14596 14209 13684 13682 11366 13683 13681 11022
4816,13680 14595 8999 14596 13684 13682 11366 13681 13683 11022
4817,1485 13013 11316 14597 1483 13012 10840 13014 3488 3719
4818,2742 2614 2822 2820 405 12426 3465 1165 1323 2743
4819,13327 2742 1165 8727 5998 3465 11366 2820 14079 1166
4820,4151 14598 13417 4550 4148 4149 4150 4152 4153 5136
4821,1534 6352 14599 8834 14324 14327 2614 3465 3463 3046
4822,5131 8574 6488 1586 6647 12174 5154 12175 5160 3129
4823,13815 14600 13812 12949 13810 13811 979 13222 8393 10079
4824,2291 7341 2412 8342 8327 8328 8329 8330 8331 2272
4825,11017 13645 1982 4946 6147 4298 6702 10202 4475 3809
4826,11440 47 11444 54 2031 1988 3237 80 94 13583
4827,14450 9825 11388 9150 3656 3654 13211 11366 5599 11389
4828,14602 14601 5182 7765 9822 13546 1045 4418 8815 308
4829,8020 14214 14211 13736 14009 15169 8017 8011 8015 8010
4830,1496 5415 8798 7158 14603 6915 9925 9917 9918 10890
4831,100 14604 14605 15215 15211 15213 15212 15214 11060 7324
4832,10252 14606 12235 10250 13898 14170 14118 9291 7180 9668
4833,7352 7350 10609 10610 7349 7351 8264 3838 11366 6622
4834,2574 13042 181 9921 9900 9909 6917 9913 130 2506
4835,9342 14607 7908 4192 5 5383 3365 9399 9350 11832
4836,705 3242 6563 4568 12941 989 11366 10232 250 691
4837,14355 9910 14608 13632 14356 4582 11366 5288 4454 4589
4838,12762 938 12761 2441 977 1538 966 961 14608 3663
4839,14610 10266 14223 13420 8547 14277 14513 11366 14676 9935
4840,11807 14611 10753 3000 10590 10857 10707 10855 10261 3413
4841,10151 1926 8059 9650 7434 10148 10147 8842 4561 1930
4842,13762 11621 1268 7106 10870 8967 10867 13763 5677 11615
4843,11738 6817 3196 931 8878 9066 4246 8819 329 7698
4844,5194 12786 12380 13233 6995 13671 11366 12271 15095 15010
4845,6917 10539 291 130 9479 2464 6882 8391 10550 12052
4846,14613 14614 7586 13205 6481 8037 2592 9212 9944 280
4847,3306 107 8074 5512 1216 821 12000 11999 11995 7823
4848,12028 3410 2726 4439 5261 13577 7647 6242 5911 6039
4849,6572 6355 14882 6570 13693 14884 14368 7120 14401 13440
4850,6339 13603 6337 5362 6344 6338 14363 488 11366 2144
4851,11094 10486 11717 1944 3350 12316 11419 12539 646 1134
4852,6575 215 145 2460 786 167 1047 470 6579 6030
4853,379 3228 14617 909 927 13973 958 10780 377 965
4854,466 686 169 7051 462 794 658 489 4857 476
4855,6146 12081 7802 7803 10745 10744 10120 5921 5903 6512
4856,14367 11366 3055 10715 8999 611 4426 53 2820 13885
4857,10814 10811 10816 10812 1710 7092 10817 10813 9757 6809
4858,8893 8892 3929 8895 8888 5372 2599 8896 8894 8889
4859,2432 10151 7704 4668 4561 10147 10145 11566 8229 2426
4860,14544 3972 12785 8902 14317 12266 8636 1537 3583 3275
4861,12044 1518 8515 3743 5410 11289 488 1609 4998 11366
4862,13264 651 12845 14275 5706 1425 8820 14279 11053 2838
4863,14550 14619 14618 12421 1702 15184 1409 2262 14092 15065
4864,3956 14621 6190 104 11484 11483 773 12580 9897 11213
4865,12602 11165 11198 8520 9995 3398 5557 2310 1910 2796
4866,10911 13556 14762 13557 10912 14763 11366 14764 13212 14546
4867,13826 13827 2716 8325 1276 11265 2287 7775 6830 179
4868,14623 12296 13759 5654 12135 4670 3410 4169 7939 1611
4869,14624 12594 9813 5252 14232 12967 13814 13818 11165 13817
4870,611 12051 12568 2061 364 13039 11561 11562 7236 3872
4871,1535 12426 2814 2822 2820 1166 405 11878 2815 2742
4872,4861 9255 690 12197 7875 11366 4418 4852 14893 14903
4873,13611 14076 12311 13613 13612 13614 12172 8278 11366 14077
4874,5338 5289 6108 8677 11366 12439 14967 5336 14754 11142
4875,14625 14626 1365 14640 11366 11419 6385 12399 13799 3055
4876,2956 12845 11674 11677 11679 13411 11678 11682 8956 10484
4877,8200 3916 4575 11366 8198 2330 8194 8962 7838 3631
4878,14630 3787 14627 14629 14628 12814 12170 7687 11366 2597
4879,5887 14632 5986 1585 2911 6263 3837 7233 8281 11366
4880,14297 9706 634 8074 11366 9701 6691 10704 9169 9700
4881,2451 7886 9292 6096 13417 1548 1264 1262 6559 7887
4882,5488 7580 5489 5490 6689 7357 4505 601 10308 11366
4883,10424 8453 5062 5031 3932 6223 9592 10532 214 6953
4884,1746 6118 7852 6330 14275 6488 2256 629 8397 3980
4885,7359 14635 5481 5469 7430 5476 5470 4956 8737 11366
4886,5740 14636 7232 6149 6157 11366 1505 3168 6872 4473
4887,5986 10507 11259 1040 882 14637 10834 10633 9495 586
4888,14238 14638 14260 14575 11315 14572 11306 14492 6581 14009
4889,8195 1905 4850 3500 1282 11918 12202 10136 8696 11366
4890,2537 332 2337 8063 7493 324 587 4319 2332 7388
4891,2748 14639 2704 1102 4416 73 14686 14841 14839 11366
4892,4507 11082 6438 6442 6440 11366 3483 6436 6443 11252
4893,14625 14640 14626 1365 11366 3055 10715 14726 9436 8999
4894,10242 2795 12696 13907 3573 13065 11366 7560 4738 5258
4895,9826 6528 6187 9655 9650 5657 11366 3671 6698 6530
4896,3009 10344 14641 3005 3010 10457 10455 8624 8498 11366
4897,4907 9912 1029 10737 9038 9040 3749 1031 1072 12562
4898,2943 7708 7836 2116 1047 9089 11323 2944 10520 10521
4899,611 11483 3214 14621 11484 6016 10893 12580 11213 3956
4900,6054 8434 7822 8431 10297 595 8432 83 8433 4505
4901,11569 9540 365 1862 1828 3415 10199 2875 7427 7554
4902,14611 12652 8898 224 4120 3000 11807 10707 10261 10590
4903,7495 3811 228 10126 10017 2739 4862 870 12050 476
4904,11366 692 13885 14486 12850 5267 5266 14481 14913 14131
4905,13162 8657 7851 6482 8271 7986 13691 8751 9128 13069
4906,3945 4419 1660 11366 6833 646 12539 12563 5755 146
4907,10573 7683 11134 11720 7763 11836 2679 7996 4801 3930
4908,8572 13017 1092 8570 8569 8564 7052 10509 8573 11366
4909,10193 7096 8167 10857 9535 2891 3074 3688 3667 1003
4910,4771 4002 9396 4768 10389 6436 9397 7622 12852 10742
4911,9902 2720 8724 6913 12433 7151 10883 10915 3173 10547
4912,8243 10045 6578 10665 8548 7397 11083 4127 3624 5027
4913,14071 8363 1134 13400 8543 11980 11366 3331 11200 11717
4914,7691 5408 2821 10725 10049 12873 339 11366 7049 2397
4915,11777 1354 2378 11366 12874 2371 1357 8158 1355 10199
4916,14642 13739 14643 14644 3259 13211 8507 8576 9698 13602
4917,5711 8341 6511 12484 4577 8124 4633 7879 13632 11366
4918,12376 3003 11434 10246 11351 10543 12378 7817 11339 1344
4919,232 162 7196 229 7697 7195 11292 10485 2829 11366
4920,6593 4824 5958 5015 6592 11196 12295 11760 6595 8450
4921,5570 8713 13314 12471 12473 8316 10731 13428 8389 3778
4922,8374 14638 11315 11306 8373 11366 5407 14238 8141 14572
4923,2133 1569 10832 12094 2748 1418 4230 169 1206 9009
4924,5780 14645 14646 5775 5781 5778 5631 5779 5776 5777
4925,11316 10840 11662 3149 8591 5030 2956 13013 1485 11035
4926,14651 14649 14648 14653 14650 14647 13523 6465 7082 4952
4927,4726 10501 10502 5004 3273 8049 12460 1104 112 10500
4928,8838 8570 8964 11994 1661 2187 440 10281 12132 9133
4929,389 12103 4408 11836 12034 10672 11849 12840 3662 377
4930,3393 3392 3391 9373 9374 3888 3394 3399 6942 555
4931,8836 10599 5866 6477 6823 645 1196 9622 10600 5095
4932,6849 578 10267 8606 9349 5795 11366 5313 10599 9343
4933,14654 14862 11366 3055 692 10715 8999 611 4426 53
4934,14655 14309 13186 14335 15091 14029 15032 11366 6353 3055
4935,5382 14645 5381 12576 14656 1094 5842 2394 1889 5384
4936,2820 404 3465 14139 2614 2816 2745 13540 13187 1166
4937,2822 13201 13202 13330 1323 12426 2614 405 2820 3262
4938,6866 8906 405 2822 13425 2814 9786 12426 1535 2820
4939,2741 4515 11366 2742 2744 13628 2820 1165 8827 12425
4940,2820 360 6866 2742 2822 1326 2614 12426 12747 1166
4941,5998 1529 11366 10730 2614 2742 2820 13578 405 3465
4942,5998 1529 12426 2820 2742 2614 405 2364 2741 3465
4943,12426 1535 11524 2820 1166 626 4516 1339 405 11753
4944,405 1323 2614 1529 13330 2820 12426 2742 1535 3465
4945,11393 3464 2614 1166 1529 11392 2820 14712 6005 11366
4946,1752 2699 11366 13585 3043 3044 3602 10516 10280 1751
4947,14315 12911 13431 4118 1632 13310 14316 13904 5563 5516
4948,14107 1497 10550 1487 8802 159 1489 1481 1493 5567
4949,12133 7495 9242 1979 1262 8693 12440 5498 4557 104
4950,11254 6716 14985 235 2959 13954 234 5253 6712 6709
4951,14043 5559 3894 14659 12480 13020 14658 13822 14587 14781
4952,3369 1160 665 12430 11551 11731 7365 11064 8852 3030
4953,9799 14660 15242 11366 259 924 3055 10715 8999 611
4954,14175 11079 6060 5766 14104 10153 2901 11295 13281 11292
4955,895 5094 10478 5573 6919 4480 8984 8662 1197 6024
4956,13312 14507 10491 14284 11366 14174 9519 13760 8218 13986
4957,1538 8695 977 14608 7039 12762 938 3663 1536 1541
4958,9090 1194 14661 4096 2158 895 6517 511 9095 3837
4959,14330 7236 6726 7249 14662 11098 14195 12821 14180 13409
4960,5653 2807 1028 3171 5277 12160 8313 5654 11010 5648
4961,2078 10700 2249 9039 8196 9253 5814 2352 2952 3297
4962,14663 1742 9352 11201 5808 8075 3222 12315 682 2801
4963,13260 9793 14139 2823 13575 10410 8730 11366 14331 1528
4964,14664 10407 14034 11425 13072 14024 6819 8698 12366 10967
4965,10789 8363 5370 8102 13877 11211 8759 8598 11366 10788
4966,14666 13077 394 14667 8133 7276 8210 558 7340 12606
4967,4850 8195 12421 5351 9590 8376 7052 4852 7051 1751
4968,10616 4280 10175 4211 11320 12420 14668 10390 1479 9215
4969,2296 11483 5452 2655 2651 2293 2650 11484 2654 14621
4970,14670 15215 15211 15213 11060 15212 15214 11061 4429 8049
4971,11746 3605 10235 8347 1085 10237 1484 14160 5756 14159
4972,5577 1806 8724 1814 11366 2572 9911 3557 9916 9926
4973,13722 347 10166 8651 4479 6825 502 1820 1732 3696
4974,3759 1539 3626 13721 4305 945 14534 3663 967 8898
4975,13651 13332 11524 13331 13259 12511 13330 13700 1326 405
4976,11461 11462 10039 2936 5085 10835 12012 1782 11459 4818
4977,12208 12285 5287 5486 12207 4971 13951 11357 6531 4172
4978,10787 1734 3893 8897 15187 7514 11366 7345 10789 5370
4979,3375 14518 6882 10739 3382 1733 496 8286 4325 4776
4980,3955 1347 7920 10909 6532 6923 11366 13883 7118 8306
4981,1453 3510 8722 1381 10547 4363 447 467 9905 9899
4982,6068 337 13631 14060 14059 14061 6069 11366 4536 316
4983,6679 134 211 14601 14602 2333 11366 3695 5182 7765
4984,14278 13588 3906 5785 6836 14279 8820 11053 14275 1425
4985,10072 11777 10075 8645 10071 3442 11366 10073 1916 9751
4986,6577 216 3222 4085 15113 1993 11366 651 126 6579
4987,13488 9172 14673 14671 13956 14672 11577 9174 11857 13955
4988,1774 1704 1773 1353 7217 15041 10936 1770 1724 14682
4989,8555 9976 8056 2710 304 9233 3949 986 2279 14342
4990,230 11366 10867 3859 3862 11023 12824 10870 1663 231
4991,3831 3339 5208 5214 3827 2540 5220 5829 3316 4341
4992,11419 14626 6385 8612 12399 13799 6599 10983 12490 12653
4993,14490 14417 14470 14674 14142 11217 14886 7719 11366 12321
4994,12574 5678 14606 14971 14887 5676 12134 1880 11366 3055
4995,10452 10451 13055 6642 9186 9068 7397 2769 1574 10567
4996,10305 10301 12185 1233 2773 8975 8875 10298 2766 3473
4997,1011 5846 1769 4062 4063 11120 9853 4743 8542 12915
4998,6244 13640 6239 6256 12082 6785 2983 4674 11366 10716
4999,14676 8754 10077 6199 3325 9678 14675 6927 3368 8815
5000,3272 3271 3270 174 1290 1961 11373 8793 9899 7919
5001,3549 11074 7416 7415 11589 6477 5790 5145 15041 3087
5002,2372 6432 11808 10626 1778 11805 12728 9851 4598 12731
5003,14677 10808 12913 13236 5444 12757 2621 5685 1705 8680
5004,13703 14679 10845 10844 12677 12676 13666 14818 14817 14816
5005,12375 12374 5848 12145 5847 9643 9626 396 395 13789
5006,14680 3909 5016 2313 4848 2750 611 11366 6698 5504
5007,2011 14681 2010 11251 11252 11368 11370 13684 6110 4663
5008,14064 3889 12472 5781 14265 3425 6540 12223 9826 9806
5009,10084 14145 11188 8276 10081 10083 3784 7227 15109 6111
5010,4624 13983 11386 5532 4623 4621 4620 13450 5530 1148
5011,290 5988 1451 4546 3863 8181 4539 8746 12218 4538
5012,5857 6067 14682 2875 1705 12259 5854 1706 5861 5856
5013,10929 10927 10928 10923 10925 10926 89 10924 10922 11116
5014,14684 14683 12978 13210 14106 10284 14413 12 10524 12582
5015,14121 5623 234 1619 5398 2994 14258 2102 12621 1834
5016,53 13991 10820 13513 14579 14578 94 14987 10502 8377
5017,941 14685 13928 9267 14259 10821 13559 1808 8921 4073
5018,7121 8999 11185 14406 3022 10651 12874 15069 12876 7111
5019,3069 10951 13692 8746 12218 3071 3072 1920 3512 12220
5020,10798 2227 6786 5210 13277 7467 10934 1132 11366 13276
5021,3553 1765 6603 7380 10591 198 4313 954 211 11366
5022,10839 8471 13637 11366 13027 13028 3055 8470 5887 1585
5023,5123 13231 986 9890 2279 9811 376 7248 6266 7861
5024,14687 9511 11366 15146 3055 8390 14092 10835 6202 14931
5025,12886 8190 6836 8944 14710 6123 12269 10589 982 11865
5026,14688 10384 14689 6581 14887 11366 3055 10715 8999 611
5027,101 10715 14690 15066 8999 15067 14898 15068 15249 15270
5028,14492 5708 14691 11397 6489 5788 14575 6502 5709 11772
5029,10596 11961 10516 11962 12337 11810 1697 12276 6434 1752
5030,14694 14693 9486 14539 7229 9244 7244 2678 11932 10668
5031,5612 5950 3969 357 11250 5615 5620 5617 11366 8953
5032,14695 7487 1604 10620 8348 5465 893 11159 7479 3117
5033,14696 14697 12134 11366 3055 10715 8999 611 4426 14976
5034,14698 11366 3055 10715 8999 611 4426 53 2820 13885
5035,14699 1186 6191 10690 664 11366 15021 11080 9278 14910
5036,14700 15289 11045 11366 3055 10715 8999 611 4426 53
5037,7554 6323 9753 9628 8982 6809 12643 11366 11800 6805
5038,2514 3818 2532 3607 4849 2338 4095 71 2834 5789
5039,10715 14702 14100 52 1351 15274 9487 9099 9097 13827
5040,643 642 639 638 12546 636 4111 641 640 644
5041,8334 8330 8331 8342 8333 8332 8327 8328 8329 8343
5042,611 11366 10893 11483 6016 11484 12051 14621 8303 2075
5043,1332 14707 944 14704 10906 14705 13847 9115 10369 7545
5044,8250 14572 12340 692 6581 14964 14573 13838 14575 12339
5045,14708 9845 12565 9251 7205 12470 12564 9844 9847 6566
5046,14304 13919 14646 14303 14960 2623 14848 11366 12020 14961
5047,11865 14709 14710 7945 8944 12269 8576 8640 12886 11189
5048,14316 9113 11384 6484 10441 14570 14241 14315 13431 9105
5049,101 8272 11148 1696 11563 2498 12876 15066 14898 15067
5050,692 11405 11366 14136 693 8250 11402 14208 11403 13838
5051,1627 14711 1628 11405 11366 8411 3055 11402 11403 10715
5052,8200 14538 12134 12850 8198 8194 3631 2330 7838 1270
5053,6202 11574 10835 10834 10833 10836 8221 2556 11366 9511
5054,14163 8999 14866 14865 14868 14867 14612 7118 1368 14823
5055,13348 14712 11111 11109 3464 13671 14799 14151 14325 15010
5056,6411 753 2318 3049 4020 2748 163 10601 11366 2456
5057,11089 11134 14511 2355 11366 7492 11088 7276 8779 3257
5058,5459 9979 3457 5454 9943 5453 1104 3770 5456 5457
5059,11895 11894 8031 9198 8042 3002 8730 11893 1005 7078
5060,14310 5721 14295 14298 8580 2320 6088 11671 502 12668
5061,58 14604 14605 80 94 13411 15068 14980 15249 11126
5062,113 14669 10664 9367 2360 7140 2358 2438 15215 15211
5063,3218 10100 5013 1194 1516 3217 3266 11924 10884 5743
5064,1134 9004 14587 11717 12480 13367 9374 5329 11425 7
5065,10200 10625 10102 14227 2930 11654 14487 13511 11366 3898
5066,8963 3216 6527 5087 895 2158 11366 3682 9883 3837
5067,7996 6855 5652 3833 11958 5904 5917 8988 370 2928
5068,8760 14319 8747 8807 4336 11366 11952 11025 11027 13345
5069,11129 3753 11144 11303 13120 13119 9326 9325 14839 14841
5070,7961 7960 2607 10231 10233 11326 8344 6400 3725 11366
5071,6327 6331 12200 4583 6328 2059 6492 6480 12090 12089
5072,14715 9557 2409 13690 5161 11366 13537 14012 13688 13689
5073,2830 7857 14440 11137 14416 4359 5295 3863 7942 2831
5074,4075 11466 11065 11067 11068 9088 11262 10139 2942 3695
5075,10612 11478 8367 11975 8480 10551 10613 297 13976 9773
5076,14108 12668 14210 11366 15118 2201 3055 11243 14504 14310
5077,486 2428 12175 9298 9301 12174 6647 1587 493 1586
5078,7396 12426 2820 2364 2745 13235 7395 13326 13005 2742
5079,14716 14717 6505 6493 6495 14141 6492 6480 5379 4591
5080,8780 1670 14036 14718 13513 14997 6722 6371 13612 13037
5081,10346 7347 13485 2811 6754 10345 10094 717 10344 7343
5082,9660 2800 11586 14413 11688 11305 11686 11687 12336 7880
5083,692 11366 1058 8250 3903 14136 693 3055 1055 14208
5084,12293 12675 12292 12290 12289 12673 15253 13381 11186 14111
5085,8303 4210 3542 7453 7971 7189 7902 10327 11175 11664
5086,14720 14719 13947 7967 4671 14721 1351 1028 6267 10468
5087,265 12683 10254 11988 11355 13666 12681 14837 13103 14171
5088,8167 10461 7784 8166 3083 2399 1003 4691 13712 12404
5089,1178 12858 10027 10982 9661 9807 7934 358 1179 1180
5090,13779 13678 2728 13778 14109 13777 10869 2050 13686 13687
5091,7853 14722 7855 7639 7854 7859 7858 7851 7861 7857
5092,14723 14724 13839 10229 7712 2726 7715 13121 14527 14754
5093,14725 10027 12846 7107 13776 13116 11366 1178 12858 11245
5094,9436 14726 14640 7085 13457 13459 13545 13541 13044 13544
5095,14727 14728 13769 7471 13796 12650 6397 10104 2992 13768
5096,14598 6503 4151 13417 4550 11366 3055 10715 8204 8206
5097,14410 12961 13101 14409 12962 10180 11790 9667 15106 5177
5098,3387 14173 8884 11366 14174 3388 2280 13987 7706 9294
5099,14174 13986 14173 13760 7522 8218 14507 9843 409 2439
5100,7107 13950 231 9827 13239 14725 10027 11366 13767 13776
5101,13254 14178 13252 5387 12518 13251 13255 8264 13253 7262
5102,8716 9264 691 9718 14721 11162 686 5178 6368 11366
5103,12055 4658 4645 12981 12682 4659 798 4647 4648 4646
5104,3798 2436 2434 14437 1784 2430 2435 13120 13768 13769
5105,11346 11349 11348 11350 4606 11351 10698 6551 3674 9237
5106,9857 14161 7801 11620 11249 12159 13710 4527 14177 14365
5107,12854 13081 9024 5818 13939 14805 13133 2959 12856 13938
5108,1120 1119 8021 10116 1122 12948 5249 8055 3535 13396
5109,14730 9555 14731 6614 2978 3894 14593 11366 3582 13617
5110,12037 7302 11366 3055 10715 8999 611 4426 53 2820
5111,13962 6607 9126 3423 10714 6496 9104 5905 1123 14733
5112,13116 14176 14725 11312 13719 13610 13107 3858 5473 13718
5113,1863 3077 7222 4625 11366 1859 11806 11805 8847 1141
5114,12219 13705 8746 12218 6937 12221 12220 1920 371 8437
5115,12827 4707 1126 12389 5124 14169 12926 13418 13777 4706
5116,13962 12927 12928 10714 5716 8649 1846 6490 14732 6173
5117,13571 3977 15023 9 11366 11936 14603 4391 11939 12044
5118,6356 2998 15017 9308 1321 6807 2996 11366 9633 9631
5119,12804 12981 7568 13988 5614 3753 13950 12795 14116 12794
5120,14735 11486 11366 3055 10715 8999 611 4426 2552 1497
5121,7065 3667 7078 3688 11351 7062 13985 9536 11892 11348
5122,10748 10749 4691 1000 10461 7818 7554 7095 9194 8982
5123,9237 11778 3416 2999 9236 1358 1355 4141 1354 13985
5124,11899 2947 13351 5193 3464 2816 1532 8625 8630 8633
5125,12332 14736 11598 15027 12377 11366 2372 8541 12729 13981
5126,4275 4274 10156 14737 5478 4809 9823 7328 11366 12424
5127,873 585 1204 11366 10616 10588 686 3255 5055 775
5128,2874 9194 12209 7081 12732 12731 2873 2875 9752 5849
5129,9640 2370 7062 1012 9634 9633 9637 9631 9635 9641
5130,2371 2375 4606 1779 1322 1778 9192 11777 1780 4060
5131,9640 1012 9631 9632 9633 9637 9630 9634 9641 9635
5132,1719 7057 4413 1003 9851 13683 1357 7784 2371 7093
5133,1011 11387 4687 4693 4132 11366 14758 14270 14761 14760
5134,14739 3435 943 12470 14311 7408 12565 11366 13741 3430
5135,11382 14105 10952 3843 14218 11000 10994 11381 3844 11366
5136,5447 6555 6806 10199 7819 6556 7554 6554 10198 4139
5137,13560 7179 10115 10416 13181 13083 11366 10489 5336 12447
5138,4327 2281 14096 6062 2351 3589 5097 14473 14097 2272
5139,1166 1532 11121 404 2820 3464 11122 3465 1535 2742
5140,1136 1146 1145 9537 4596 1725 9538 10751 12912 12913
5141,4276 14099 6660 7537 7534 3933 7535 3653 3649 5114
5142,12078 12079 7074 12080 12663 12072 12074 12664 12076 12662
5143,9682 6244 6476 12082 5384 11604 11605 10468 11366 908
5144,14742 13768 7432 13119 6849 10108 725 3993 7869 6332
5145,2821 14284 12483 10387 8058 13313 7566 7694 525 7691
5146,14744 6284 2086 11366 3055 2093 11003 2091 2090 11039
5147,2869 5845 7215 7057 12933 5673 10993 4134 4599 11347
5148,14745 4039 2880 4037 4035 13380 11366 12914 11385 10854
5149,12807 14746 14747 14748 14749 10568 12942 14750 10570 5668
5150,13426 4035 673 10817 13982 10073 1344 1316 4036 10071
5151,9657 2287 4111 12546 643 13571 2428 10772 10775 10774
5152,101 15066 14898 15067 14690 15013 15249 15068 15270 7128
5153,14751 1862 9851 7817 12376 10246 1011 9625 4407 7057
5154,4403 11724 9195 2872 12917 7092 13519 4599 10543 12731
5155,6090 14365 11245 12846 11490 13710 14147 6092 13765 6091
5156,13760 10110 10316 14174 8218 13986 7522 9843 14173 14507
5157,2896 2730 3091 2895 14062 10704 2905 2904 2900 2898
5158,5468 2927 12833 5467 7913 2581 6614 4152 6723 7693
5159,1003 1354 4138 13573 11366 2875 1009 7065 1355 2891
5160,14752 14352 11366 12439 10560 13642 7264 13643 12522 13741
5161,12300 5399 12520 1933 12892 10971 12299 11366 7648 13116
5162,1138 12657 8477 14753 4062 4063 8164 7554 1001 6361
5163,3861 14723 7715 14754 13121 14527 275 5614 7952 1181
5164,4687 4132 4688 3083 4138 1354 1721 8167 10461 1317
5165,7936 4851 7947 1837 7948 1847 1222 7942 6174 6187
5166,11712 14281 8135 13419 11366 4273 7978 10023 3055 5447
5167,13617 12520 13278 11620 14593 2978 11366 13887 9555 14340
5168,14752 14352 10560 12439 13642 13643 7264 11366 12522 13741
5169,1001 1002 8932 9173 3083 1000 1012 1006 999 12644
5170,67 10293 12764 80 14553 94 93 3501 13649 70
5171,8025 10035 5244 8010 8011 8015 8008 8017 11357 11772
5172,14755 14707 14756 12503 11366 944 10906 14704 14705 7545
5173,5669 4608 5671 9665 1914 1917 10367 4136 10368 8165
5174,13881 11660 9124 13882 2862 13880 10914 11256 11366 2925
5175,9952 9950 9949 1344 9951 9948 8382 13833 13834 13835
5176,2858 12379 2844 2854 9440 3900 953 2862 2850 2853
5177,7532 12957 6589 7536 13548 12958 12955 12954 12953 7537
5178,1547 11589 10636 6472 3120 6048 1486 3123 1652 11366
5179,1119 1122 8016 8021 9393 1121 1120 3429 3428 12948
5180,1532 2614 1323 9784 3465 2742 2820 4515 11112 405
5181,12985 13667 5975 10104 5890 11661 1174 11983 10644 6784
5182,6748 15267 12682 12704 12702 12701 1561 12892 11366 12679
5183,14270 14758 14759 14760 14761 4614 4613 9758 12658 9624
5184,14394 9127 9659 1925 11622 9331 10535 11077 10162 1267
5185,11107 2618 11100 11103 11104 11106 5687 9962 11101 10543
5186,7014 7015 14762 9307 14764 11273 14763 13557 10911 13556
5187,12895 12908 12894 674 6360 9851 12896 12893 6741 13060
5188,5219 315 1498 10019 11366 5214 7439 9695 5218 7021
5189,3562 8593 9108 2088 13814 14023 9075 5254 12544 2746
5190,14664 12328 14024 13318 11687 14025 11247 11246 3013 14020
5191,6940 1630 12495 12740 6722 14262 5571 6371 8489 8964
5192,12311 13995 12315 8508 13000 1343 12313 13611 7753 11980
5193,14766 14767 14768 12317 11366 8044 4554 12107 10258 9891
5194,14769 14770 13907 5258 4738 14781 13019 5578 4654 10242
5195,14773 14665 13996 3073 3578 9364 3994 11685 8757 14772
5196,13003 6136 11366 3055 10715 8999 611 4426 6139 53
5197,14774 11366 3055 10715 8999 611 4426 53 2820 13885
5198,11943 13032 1633 1293 8003 1294 6289 13714 2786 11793
5199,337 13714 14059 14060 14061 10666 6068 316 273 13631
5200,14664 11429 14617 7248 4766 6576 12328 14024 8853 4719
5201,9575 9572 13019 8252 13822 12619 12614 2018 11095 12618
5202,4654 13019 14775 10696 13907 14769 8238 13945 11366 4738
5203,8487 9077 10696 12695 11366 13301 12696 14782 1743 8489
5204,12187 13402 11042 11040 134 11038 11039 5409 12180 6376
5205,6672 14776 13816 211 10681 10682 10684 10686 10683 10688
5206,4058 4056 2665 4057 13944 9012 13451 11366 8238 13818
5207,1134 11980 11717 2797 13400 2796 2805 10967 14023 11163
5208,13818 1997 12092 8594 13451 14624 4058 12967 13814 1996
5209,14370 5330 14372 5328 14369 9034 14468 13382 13531 10081
5210,2665 12003 8814 7565 14600 1130 14023 14232 12695 1911
5211,11365 5324 6824 8487 12480 7395 11188 11366 6105 6002
5212,8096 1298 13 5254 12314 4565 14412 5560 8094 8092
5213,14779 14587 13461 3380 4584 4715 13067 11366 13974 10978
5214,14019 13927 9112 5556 4657 8211 14658 6268 14018 13925
5215,11427 13 13740 844 11426 5071 10012 14771 11268 11366
5216,14454 8631 12969 1883 12968 12970 1743 9001 14453 11366
5217,13461 9573 8903 13975 10975 9572 8252 13451 9027 13463
5218,14769 14066 14781 13019 13907 5258 4738 14770 4654 11366
5219,14780 6139 13114 12614 13917 11096 13809 1636 13531 14515
5220,13433 13432 13247 12997 1884 13532 14665 14773 14031 14809
5221,14782 13816 5564 2795 13301 1743 12314 13740 8487 8825
5222,14453 13936 1743 12093 12970 14454 9001 12969 11844 1128
5223,9015 1883 13900 13040 14783 9280 14075 14077 11366 9004
5224,9077 14784 9076 2086 11366 14398 5228 12615 9078 14788
5225,9083 5565 912 4643 9084 11366 4642 3055 4644 10715
5226,1884 14785 14392 10976 3330 5407 11187 13929 12997 13247
5227,13433 12997 14665 14773 6099 13532 14031 13432 9760 14809
5228,5326 5328 14026 8095 13307 5327 2664 4064 13054 3482
5229,13567 6333 2830 4673 13568 11366 14057 7642 10326 8237
5230,14373 5258 8102 10081 12067 14368 3563 14372 2088 10973
5231,8389 5570 5413 14787 12481 1082 5024 3368 8210 186
5232,3831 10874 3339 9576 5208 11366 3827 10873 4918 3830
5233,293 13954 5253 947 958 1999 927 965 915 957
5234,12969 12968 12970 14454 12971 12967 1743 1129 9001 14453
5235,14788 13383 14784 14035 8594 12316 13720 7443 13780 8617
5236,13974 10872 14779 14463 4356 9681 12619 11366 9775 13975
5237,14783 8416 14392 13900 7746 14377 11284 1475 8414 12999
5238,3896 14789 12998 13399 13527 10918 14155 3897 13819 3907
5239,5326 5327 5328 7562 3482 8631 3568 13054 14026 1882
5240,13822 13915 6139 14791 12963 13019 11040 13720 13809 8213
5241,13612 8488 13614 6722 13611 13613 13740 6371 8964 13037
5242,2805 14772 13020 12274 12182 4643 14665 14773 4646 8757
5243,12999 11191 9576 12618 11688 12677 13001 8085 14783 9102
5244,4594 6795 4641 9558 9559 6797 9110 11209 5564 9111
5245,13531 14515 10873 2593 12616 14372 13780 13809 14370 5330
5246,1351 740 14089 15274 15273 1350 14720 14702 14703 14307
5247,13781 8759 8100 14018 12331 9708 11211 14798 14231 11093
5248,6139 13529 9772 9353 13304 11040 13915 13822 6136 9352
5249,14794 11366 3055 10715 8999 611 4426 53 2820 13885
5250,615 5377 13099 14787 623 619 627 606 604 614
5251,11207 1294 8089 13996 14795 8093 11941 6101 8757 13118
5252,3480 14369 11096 8646 8244 1703 3481 11366 8645 2182
5253,2989 13995 11206 2636 14796 8544 12647 3563 8812 9025
5254,5374 6115 14128 13754 3580 12724 14444 5371 5366 6334
5255,7443 14797 12614 14515 8101 9575 1074 13383 14788 12619
5256,11202 12601 4714 13812 13810 13811 6279 11197 11207 13815
5257,12316 8545 2636 8508 14788 13383 1343 10723 12313 7753
5258,12182 12274 8757 13608 13996 14772 14773 14665 12179 2805
5259,13946 12648 2789 11366 12310 14234 3055 12646 14467 12068
5260,6788 6 5332 2567 11373 8793 11366 174 6786 11187
5261,13974 4356 14463 9681 13975 9775 14779 5403 1335 13969
5262,14399 9896 13877 12678 14412 14398 13945 13001 10243 13484
5263,4644 8634 4642 8633 8626 8630 8632 8625 5565 4647
5264,11211 14798 8759 14231 11093 13916 2792 13486 11543 12069
5265,6101 7556 1294 8238 11207 7555 14795 4895 6102 6100
5266,2610 2612 2611 2613 8629 4059 13812 8632 8633 8625
5267,1166 404 3464 2820 1535 405 12426 1165 2818 11366
5268,2614 1529 3465 2820 11366 2742 5998 1532 13578 1323
5269,1323 2614 405 3465 13330 2820 12426 11366 14122 2742
5270,1532 13333 2743 405 14457 14079 2742 4515 2614 13327
5271,13708 5998 14053 11112 13052 405 2742 2614 11366 2820
5272,8727 2817 2820 12747 13650 13628 10730 5998 407 1166
5273,1535 1165 1325 4330 1166 13323 2820 405 2742 12747
5274,11403 405 12826 14512 11366 11405 11398 11400 693 11404
5275,14800 8731 7249 2614 11366 13854 6415 3055 2820 8807
5276,1166 13186 405 1535 1475 2820 3464 6113 8730 8892
5277,1165 1166 8727 2820 2742 2817 13327 12426 1535 3464
5278,2820 11052 405 3464 1323 1525 12426 14122 2822 1166
5279,11112 6989 11366 1532 1165 9784 6996 10179 14336 13708
5280,11112 405 13201 2822 1532 2820 13202 6351 1535 2742
5281,2743 1165 2742 2741 6996 11366 2820 13327 13629 9784
5282,2820 2742 12426 1535 12500 2822 1529 405 1166 13232
5283,3465 13352 2614 1323 2742 2820 2822 404 405 14405
5284,3465 2741 1166 2814 2820 12426 6001 14599 13717 2614
5285,14802 8831 14124 13730 13357 13128 13245 14308 9115 6350
5286,2742 1166 404 2820 3465 13327 2816 1165 2614 1535
5287,2742 1532 5998 13327 2820 1165 2614 2743 3465 2815
5288,12905 13315 2959 7917 12906 1527 11286 12903 11555 8362
5289,12742 13661 2742 13623 11366 2815 13327 14806 2820 13203
5290,13327 2742 11046 10160 13325 13659 13235 1165 12503 15031
5291,1165 2820 405 2742 1166 1532 1535 12426 3465 1323
5292,1165 9791 1166 404 403 13625 2820 12426 2742 3464
5293,1532 2742 2614 2820 11366 11112 3465 1165 2743 13329
5294,1165 2742 404 1532 12426 2820 1166 2743 13187 13327
5295,404 1166 9791 1535 5998 12426 8730 2820 13187 405
5296,2741 4515 1165 6416 1166 2742 2820 2744 12426 2814
5297,11111 12070 4791 14803 11822 6990 4514 6941 13321 11123
5298,5998 2741 6416 2742 11366 2614 1529 2820 12425 12426
5299,12426 1535 13188 1166 404 405 2820 1532 13187 9794
5300,13727 8828 14804 14327 10260 8834 11366 8833 15096 14799
5301,1475 4516 11366 2820 13671 15095 13575 11524 15010 11965
5302,9784 13336 12425 2835 1532 405 11366 2365 3677 14806
5303,14805 12820 13315 8362 11231 11555 12854 10056 10880 12821
5304,2741 1475 14806 11112 13333 9784 8892 4330 2820 12426
5305,2741 2742 12425 8827 2744 1165 2814 12426 13561 12746
5306,2741 12425 8827 13561 2742 12426 1165 2744 2814 5998
5307,2741 4516 12426 1529 2742 5998 2820 2814 11366 1165
5308,1323 405 1168 13562 14807 13330 12426 14122 2820 2822
5309,8828 12426 13188 11754 13727 1532 8830 2820 11366 8831
5310,12905 13315 8362 12906 11555 12903 11286 14805 12820 11366
5311,6352 2741 11366 2744 11109 14599 14327 10208 10179 3465
5312,11041 10062 7045 3878 13834 8057 11218 11219 12748 1889
5313,14808 538 2811 536 4840 6820 4844 9656 529 11366
5314,536 14808 538 529 532 533 534 530 535 537
5315,12885 11355 11288 10589 6123 11366 12886 13593 7208 982
5316,14045 6789 14809 11635 10012 14046 14771 6281 5651 11366
5317,7208 13593 7204 7203 12885 6319 2954 11366 7207 7209
5318,14808 538 536 6820 4844 9656 531 578 529 535
5319,10127 14007 5998 1624 11558 11557 11559 14194 7022 11555
5320,9773 11953 5744 11069 10211 12822 9467 10432 5325 4634
5321,12516 13373 5750 12918 6390 5752 7798 10566 3403 3500
5322,12905 12906 14196 11286 12903 13409 13315 11366 5189 2614
5323,3551 14590 8110 8108 10077 2614 8109 7282 3550 3552
5324,14195 13409 12821 14330 12820 14180 11098 14194 14196 10880
5325,3771 5036 5055 5048 5057 3208 11366 4824 5024 4308
5326,5752 9467 1752 3044 56 5132 11563 1622 1617 1618
5327,11790 14322 12962 10180 12961 10191 8484 11066 8523 9667
5328,12823 7486 6129 11366 9533 3055 8175 15036 8169 8174
5329,11871 5615 6942 12818 13908 12856 10943 1928 7890 11366
5330,5998 14180 2614 11366 2742 14195 14330 13339 12821 2820
5331,8111 13989 13308 8381 10130 3400 13990 10064 11922 12839
5332,2820 12426 1166 2742 405 12747 3465 1535 13187 1165
5333,985 1575 7194 7195 6380 1093 7196 7188 7191 7190
5334,5208 14813 7308 7312 7307 14814 8923 5214 7318 7323
5335,9776 14818 14817 14816 14815 13589 9766 9765 6224 14679
5336,7231 7232 14540 2250 10864 12309 5063 8075 1612 3168
5337,10494 1935 14819 8047 9620 6325 9986 10495 14054 1930
5338,14317 14034 10407 14544 14468 9034 3972 14467 11429 4566
5339,11132 7809 6838 7518 8518 11862 7996 6152 6103 7808
5340,6264 548 8940 11366 3055 11326 10715 7617 4944 3120
5341,8440 3245 4079 706 13604 14253 7687 7860 12150 3391
5342,14307 15274 15273 14875 52 14100 14702 14869 13883 14607
5343,6210 3891 1297 781 11366 6218 13287 5404 6219 7905
5344,7945 14709 7943 7942 14710 12269 11049 3422 8576 11865
5345,14820 8186 11366 8187 3986 2080 3127 545 5947 3055
5346,178 625 2479 5088 8522 482 9035 10806 7863 2554
5347,5677 13762 9506 7606 6011 13763 11835 13798 7523 7605
5348,5401 6391 4951 7155 11366 295 10781 3381 3371 2469
5349,2807 1401 9247 12717 4914 3610 89 4704 4127 1977
5350,14147 3004 10561 6090 12085 13214 14148 476 11366 12194
5351,8195 8504 5989 2548 9582 1374 7734 10673 5307 4406
5352,14200 11405 352 11366 3896 3055 11402 11403 14136 14512
5353,1605 14822 14821 14592 10468 1598 1597 11604 1599 11605
5354,13766 7250 4360 383 14115 13600 11366 12719 13253 602
5355,14161 6399 9263 12165 9857 7801 12159 11620 11249 11366
5356,11143 9805 12566 9682 10506 11657 11141 7406 4101 8385
5357,1558 13616 9324 9323 12850 14230 12526 11366 12858 12220
5358,14826 14827 14825 8873 12875 13587 14824 53 8587 15134
5359,3091 2729 6498 11729 6785 5255 8045 13281 14062 6538
5360,14145 692 11405 11366 10084 11188 14136 8250 693 11402
5361,11799 8541 13277 5689 11797 5662 11801 8540 9748 9747
5362,1319 1321 1778 6362 4060 6363 1320 1779 9192 1322
5363,6614 6227 11977 14730 11366 12254 6607 6609 14160 6611
5364,12966 7966 9044 6021 8009 5224 10076 6075 8699 5596
5365,11384 5757 12603 11366 553 13693 14956 14303 14884 12065
5366,2996 3072 5690 9850 12209 6807 2998 4604 6808 11366
5367,3665 11218 6537 9848 11471 2481 3880 11366 3782 955
5368,2590 11764 11765 13547 11763 9941 1283 5862 3286 3766
5369,13804 816 13806 13807 726 13805 3333 11366 2951 826
5370,7719 14674 14470 9143 15260 14886 6766 6589 14321 4392
5371,3271 3272 3270 174 1290 1961 11373 8793 7919 9899
5372,13559 11306 11315 14859 14861 7328 14860 13558 14638 14685
5373,11692 12694 10892 11693 8887 11366 12693 6504 3055 11773
5374,14813 14814 5208 11366 3055 10715 8999 611 4426 53
5375,1948 14434 13074 10741 451 1880 14011 4525 4522 4526
5376,9559 11210 6797 11858 6795 13021 4641 7738 4649 12625
5377,14829 14148 3864 11366 3055 8414 7489 5376 3455 10715
5378,14830 8675 12889 13281 14062 13123 13718 9556 6774 7018
5379,14831 14832 4638 4991 3868 13144 9545 4905 11266 5572
5380,9331 1925 1479 1267 10162 11077 10535 8978 4343 9696
5381,8696 5514 14224 11405 12202 4861 8718 8694 4996 11080
5382,14833 14834 11400 14436 10011 5709 11366 5788 3055 10715
5383,58 14604 80 13411 14980 14605 15068 15249 94 11126
5384,726 8562 11366 584 14512 11405 9106 11591 14996 7522
5385,611 10893 11483 6016 11484 14621 12051 8303 3213 9781
5386,14522 15026 14095 14094 731 577 11366 3055 10715 8999
5387,11760 4417 841 10298 12021 5015 8145 12022 11366 5045
5388,7730 10648 174 9188 4524 9916 9910 8793 9899 2531
5389,11310 10414 8372 3955 5383 11314 11630 6622 11366 11311
5390,14101 14836 12707 1559 12700 12699 12703 12705 10165 9038
5391,13139 3457 14838 8399 6604 11526 13887 1874 13696 11911
5392,13937 15069 8740 7609 5395 699 9977 11404 5943 11366
5393,12520 14171 12683 10253 2839 11366 14039 12282 12300 5399
5394,14841 14839 14686 653 14639 13388 9830 14840 3753 8999
5395,4126 14542 7946 5462 11366 9328 9329 8017 15171 9333
5396,11763 13547 11764 11765 2590 13549 11021 9941 3766 2413
5397,106 14843 14351 2204 9019 10178 11366 14702 3273 183
5398,6721 14021 13008 14844 936 13039 5570 10731 6712 6709
5399,4516 6417 10523 11366 15095 1339 3465 13452 12301 13671
5400,4463 2391 13697 680 8112 2046 623 4460 1927 11453
5401,6105 11365 11188 6112 8888 5372 2599 8895 3929 8893
5402,13509 13501 13496 13495 13502 13503 13492 13494 13493 13489
5403,14845 14724 3813 14737 14846 9589 14738 3263 13679 13758
5404,6435 14847 12893 13403 5249 6531 12892 3428 1523 14176
5405,8954 8794 3302 8107 3317 8947 7763 13041 1881 5820
5406,1858 12734 12551 1859 7546 10461 7554 6806 9194 1916
5407,3955 3149 1384 1333 131 6923 6532 3166 11366 7118
5408,730 10728 12341 12447 11977 8397 3717 4553 4350 2254
5409,14848 14706 14513 14478 14960 11405 14961 14304 11366 14705
5410,14849 771 11366 100 15215 15211 833 15213 15214 11060
5411,14555 14850 14851 9510 14081 14852 15288 15184 14553 9054
5412,8325 14738 12137 3542 2410 14734 12800 14221 13847 1471
5413,9023 9021 14853 9022 9011 13512 311 9000 13883 1274
5414,14329 6270 14854 13018 14970 8408 11286 13132 11366 6043
5415,14070 9053 10786 8999 1313 1672 11366 3611 11926 11591
5416,1766 5836 1295 5596 4294 11366 4278 2689 644 6962
5417,14855 9142 14856 4928 6816 6977 3453 3292 1763 38
5418,4898 4910 5393 9992 6791 5822 3317 4897 2567 9719
5419,1222 6483 4358 7936 12928 11366 6692 12346 12344 13393
5420,4138 7065 9192 8541 1779 1916 4036 7062 11351 7554
5421,10440 14857 9339 12805 12429 11735 11476 6904 6115 2113
5422,8958 7477 7480 14734 5976 2205 3171 709 851 11043
5423,3139 3696 8651 1242 7361 10227 11168 4206 4209 10602
5424,11799 8541 5689 11797 5662 11801 13277 11802 11800 9748
5425,3887 10701 12156 13887 3880 3665 11366 14235 2265 11421
5426,14859 14860 14861 11306 13559 7876 11315 7328 14638 11366
5427,14168 13627 8860 14465 5369 14466 11948 11737 12837 3883
5428,7209 14863 14864 10063 7204 7203 10101 6319 10062 2475
5429,2681 13276 13737 2678 2713 2710 2076 2693 2691 2698
5430,5335 8427 7777 3020 6863 13903 9764 10210 11366 5625
5431,14824 14554 14558 12434 93 14870 12436 14868 14869 14867
5432,14871 14872 4380 11366 3055 10715 8999 10854 10856 611
5433,6306 3093 6316 8560 1332 11198 9509 6314 11366 9027
5434,1078 2835 4960 14873 13949 1032 5706 1025 1065 1082
5435,7336 7164 10168 11366 14276 14275 8820 9876 9877 11053
5436,14875 52 14100 716 14307 10715 3055 11366 8999 611
5437,11124 14733 5759 11125 9116 9522 14240 11366 15066 8871
5438,9429 2304 2081 7020 13516 13512 5589 13515 11366 200
5439,11843 6143 162 3188 11017 579 8877 6211 1969 1443
5440,14133 14192 14191 14189 14188 14187 14190 14186 14184 9231
5441,11887 9714 13706 5136 8770 14437 13639 12142 12523 11984
5442,7305 5437 7307 7312 7308 4325 6860 7974 8366 7318
5443,5190 13635 14877 4514 408 2814 15210 4038 9935 5192
5444,13908 8110 6942 1909 12818 12856 10880 1342 12817 12821
5445,14878 3123 2225 13825 7767 9050 2962 1881 199 11366
5446,10338 8056 922 6754 11685 5664 10334 3994 2416 2919
5447,14844 1475 13008 6933 14021 6721 936 11366 13039 10731
5448,9947 9197 11734 13161 8573 5186 11366 4131 11196 10141
5449,2186 5021 10329 5664 14734 6663 4283 5911 5134 10784
5450,14258 11456 13865 14121 5623 5398 4489 2994 12621 11366
5451,11645 6968 11951 10676 2574 6688 2509 10019 9064 5001
5452,13269 13910 14879 1534 12646 12844 9032 13738 4639 11366
5453,2137 8240 1036 4492 4487 10837 11366 2121 2126 99
5454,10229 13942 5199 14723 14724 13839 7712 11366 2726 2989
5455,14880 6337 8534 8361 9599 9598 9597 9596 6341 9600
5456,111 8802 11061 7119 7111 7120 7114 2084 108 7112
5457,12748 11529 7224 2811 7748 11219 14731 14153 11366 11527
5458,1311 14845 1309 1312 1307 1310 2828 3263 13220 1308
5459,1161 9591 3398 506 2796 12602 1501 11198 11165 4716
5460,7264 13879 11366 10560 13770 13177 9892 13716 13131 14752
5461,14136 692 7457 693 11405 15230 11402 6803 11366 12497
5462,1011 4138 10072 9751 3442 10192 4036 7057 4135 4134
5463,7744 13843 1521 4709 13029 6486 5354 607 907 14692
5464,11772 11357 12207 6502 10535 12948 11358 12263 6761 5244
5465,7124 13912 8377 15244 15228 9054 14427 14555 13587 7111
5466,14882 14884 6355 13693 14368 14883 13440 14401 7219 13456
5467,13892 6622 14885 11366 13893 6685 13943 908 3055 10715
5468,1311 14886 13220 12351 13696 8144 1310 1309 1307 1312
5469,14887 257 14688 7177 12574 11366 12134 3055 10715 12850
5470,14080 8588 9056 14210 14604 14605 8310 6409 15287 100
5471,4229 6260 13212 12202 10911 4242 11150 3539 5168 5852
5472,12766 2311 8182 14261 12178 1618 9010 7412 1617 11550
5473,10679 8454 1852 6484 3665 11162 11366 459 9689 6370
5474,14889 14208 11405 11366 14205 11402 6608 14136 11384 13182
5475,1565 1564 6374 9273 7420 10174 8287 14063 3710 5974
5476,5157 7940 6170 13950 4851 1837 231 6251 7942 7934
5477,1268 14588 7106 7261 8356 1936 14890 3859 5249 6070
5478,8588 14891 9056 8581 8583 8579 9222 8260 14210 11366
5479,3046 8826 5852 5193 4515 14892 8834 4516 3045 11366
5480,9957 11227 7940 10982 3055 5157 12228 7942 6253 11366
5481,182 7915 2448 11366 497 10919 7723 452 418 8705
5482,13388 14841 3063 14839 14686 11126 14840 14990 4153 653
5483,6055 3341 2782 1458 550 9983 10311 10588 8066 7278
5484,4964 5896 5895 4752 4073 10954 14556 7583 9944 2277
5485,626 9365 5377 5250 7544 8397 11366 5709 4966 615
5486,14893 4961 4861 11366 4871 4960 11604 11605 14983 10468
5487,3662 4351 8028 2415 6532 3993 1734 5138 10672 8306
5488,14689 15254 14914 10384 14905 14688 15064 5595 14543 11366
5489,4656 4657 10456 14771 10012 14045 11427 10230 9770 11042
5490,6766 5261 14894 10522 11296 7953 12409 11366 7719 6632
5491,1847 7937 8081 7947 7942 7948 1853 1849 1841 1843
5492,12860 9323 9380 9324 9973 12220 12858 1558 12859 13239
5493,10754 12656 7065 10990 10994 4138 10996 10993 11366 10752
5494,714 14334 14742 11308 3152 14862 14984 11366 11307 3942
5495,13401 6974 1812 3928 6861 11904 6979 1807 3992 11670
5496,420 8464 14113 1504 1641 8465 8577 8475 8466 8470
5497,6785 4426 11366 12566 12564 14219 2731 12264 6244 13741
5498,14498 14897 11366 14497 5266 3126 10434 5170 3055 202
5499,11313 76 3019 52 2203 14100 10651 8474 11314 7121
5500,12491 4544 1445 11366 4543 4538 11604 10468 4540 4542
5501,14900 3722 13609 12266 6874 1956 5116 11366 8279 3721
5502,9955 1622 1621 1620 3595 10372 10373 10371 611 9497
5503,14699 4966 949 626 10690 664 11366 11080 15021 9278
5504,14901 13050 11366 3055 10715 8999 8525 611 15169 14214
5505,9011 14463 9021 14425 9023 9022 9000 9006 13512 14149
5506,8184 10865 8187 680 3986 10321 11366 12542 8186 11196
5507,14903 14904 11310 14971 5216 10832 11366 8578 4861 8
5508,10875 6710 5640 13428 2435 12901 10412 2920 10878 10876
5509,9250 14261 2324 3365 6039 12005 27 12004 817 6198
5510,14430 9299 13977 13953 14933 8581 3037 14210 9990 8588
5511,7438 11124 3885 11125 4864 90 3738 1410 11366 14240
5512,14905 7643 14914 15254 9970 5608 15064 14689 609 9056
5513,14906 14907 11366 15190 4400 15154 3055 15123 14979 11485
5514,14004 14908 14909 13521 14441 13606 11366 4430 3801 3055
5515,13936 12320 11550 6216 13805 12093 14453 11844 1128 12847
5516,10715 14702 52 14100 1351 15274 15273 3865 13436 9097
5517,9459 5811 3476 1969 14063 1398 839 14261 3962 2764
5518,1677 10111 12546 5483 1183 5882 5469 11600 11601 5476
5519,6288 11977 11659 10604 6793 923 14911 13904 4656 6087
5520,14163 14865 7115 14550 14092 14866 14867 4126 4841 14868
5521,7663 13207 14528 10496 7665 7666 7661 7667 11366 5715
5522,3055 7116 8369 11184 108 7125 8370 7132 13953 3056
5523,11366 6196 13885 14496 14486 12850 5267 5266 692 3055
5524,5266 11366 14479 13885 5267 14486 12850 14491 14897 14485
5525,11366 14486 5266 14497 14574 13885 14481 14499 12528 12850
5526,13956 11189 8988 11857 13955 13488 9172 14671 14673 726
5527,11366 13885 14486 12850 5267 5266 692 14481 14913 14131
5528,14912 14801 11366 8429 13923 3055 7442 13332 1525 11052
5529,11366 13885 5266 14486 12850 5267 14481 692 14913 14131
5530,5266 13885 11366 12850 14486 5267 14897 14479 14497 14498
5531,13370 14461 11739 13933 6764 13754 12724 3580 10613 13755
5532,11366 13885 12850 14497 14486 5266 5267 12298 14131 692
5533,14488 11366 13885 12850 3055 10715 5267 14131 8999 5266
5534,8609 8615 11366 8610 6117 8611 1335 5661 4084 8612
5535,11366 13885 14486 12850 5267 5266 692 14481 14913 14131
5536,7649 3428 7643 1127 11366 3857 12297 15018 8021 7888
5537,11366 13885 14486 12850 5267 5266 692 14481 14913 14131
5538,4962 13928 11366 6750 6493 4753 5379 6495 6505 6487
5539,11366 13885 14486 12850 5267 5266 692 14481 14913 14131
5540,4176 9424 1386 11366 6979 6442 809 4121 4177 6974
5541,14645 10441 12576 5384 1094 5382 14656 5842 2394 5780
5542,13885 11366 12850 14486 14491 5267 5266 14480 14131 14479
5543,11366 13885 14486 12850 5267 5266 692 14481 14913 14131
5544,11366 13885 4207 14913 14486 12850 5267 5266 692 10591
5545,11366 13885 14486 3828 12850 5267 5266 692 14481 14913
5546,11366 13885 692 14486 14479 12850 5267 5266 14481 14913
5547,11366 13885 14486 12850 5267 5266 692 14481 14913 14131
5548,14480 13885 8031 11366 12850 14486 3055 10715 11894 11895
5549,13885 11366 12850 14222 9424 14131 14488 5267 3055 13895
5550,11366 13885 12850 5267 14486 5266 14131 14479 692 14488
5551,11260 692 11886 4746 11366 11259 9885 14055 5862 6563
5552,11366 13885 692 14486 12850 5267 5266 14481 14913 14131
5553,11366 12850 13885 5267 14486 5266 14131 692 14130 14481
5554,13895 11366 14486 13885 692 12850 13894 14222 5516 13838
5555,14913 11366 12528 3334 14838 14486 10591 4207 13885 3055
5556,14222 13895 12850 11366 13885 14223 14415 5518 14131 13894
5557,14222 7876 13598 13599 13596 14859 7875 14223 11366 13061
5558,11366 14222 13885 12850 14131 14223 13895 5267 14415 9424
5559,13885 12850 11366 14500 14131 14488 5267 14480 5266 5268
5560,11366 5266 13885 14486 5267 12850 14481 692 14913 14479
5561,11366 2439 13392 5383 8335 13885 13079 14486 5384 12850
5562,11366 13885 14486 12850 5267 5266 692 14481 14913 14131
5563,11366 14479 5267 13885 14486 12850 5266 692 14491 3055
5564,9473 11366 9470 9334 12838 9477 9471 905 2093 1631
5565,11366 13885 14486 12850 5267 5266 14481 692 14913 14131
5566,11359 6761 11358 9239 11366 9392 4971 9292 5243 1124
5567,5266 11366 14486 14481 13885 14897 5267 14485 12850 14497
5568,11366 13885 14486 12850 5267 5266 692 14481 14913 14131
5569,5266 11366 5267 14486 14897 13885 14485 10611 14479 14574
5570,11366 11260 13885 14486 12850 5267 692 5266 14481 14913
5571,13566 13968 14006 14153 8122 8127 8123 14181 6298 13207
5572,11366 13885 14486 12850 5267 5266 692 14481 14913 14131
5573,14915 6658 7526 12484 6657 5179 6656 6653 6666 6662
5574,11366 13885 4350 14486 11359 12850 5267 5266 692 14481
5575,11893 8405 7078 9537 1005 11894 11895 11366 11351 11896
5576,11366 13885 5267 14486 12850 5266 692 14481 14913 14131
5577,11366 692 13885 14486 12850 5267 5266 14481 14913 3055
5578,11366 5267 13885 12850 14486 5266 14479 14130 692 14131
5579,11366 13885 14486 12850 5267 5266 692 14481 14913 14131
5580,11366 13885 14486 12850 5267 5266 692 14481 14913 14131
5581,11366 13885 14486 14477 12850 5267 5266 692 14481 14913
5582,12321 13885 14490 11366 7847 5938 12850 366 6621 9264
5583,12485 2604 11366 3055 10715 2605 14402 8999 611 14401
5584,14137 3815 14497 13998 11366 14136 3055 13885 10715 8999
5585,7244 11190 3886 14790 14694 7240 14539 14693 11366 7242
5586,8143 11006 11007 8034 11005 12138 11564 10119 13385 14970
5587,693 11405 11403 14136 11402 14366 692 11366 6725 14512
5588,9258 14846 6606 13183 6605 14204 625 1819 3813 14724
5589,11711 3486 10508 7405 7174 9976 3771 10167 13282 11366
5590,14917 14916 14032 14918 14919 6334 11366 3055 10715 8999
5591,13388 14841 14839 3063 14686 11126 14840 14990 4153 14991
5592,2346 169 9703 6307 8550 9742 11682 8956 11678 11677
5593,9365 7544 14167 1559 12236 8475 6647 12175 1586 12174
5594,14920 5919 9209 11366 3055 10715 8999 611 4426 53
5595,6849 11260 11143 11366 8606 6332 9338 9357 7142 8605
5596,4350 8407 512 11366 10495 12447 8419 8010 8033 8008
5597,14921 9144 12803 9143 7109 4756 11366 5552 625 7697
5598,6537 3665 11218 3782 11366 9848 2481 11471 11219 10468
5599,3771 4575 11366 8010 14684 8008 8015 8017 8011 12086
5600,739 10806 15230 9035 14553 14852 833 834 14554 9740
5601,14307 15274 15273 14875 52 14100 14702 14869 13883 14607
5602,6785 366 1094 12566 8575 11366 6112 14429 12564 14219
5603,8272 14923 14476 8279 9889 12065 11366 5706 8282 8285
5604,9054 7124 14555 14166 78 8999 14824 10483 15076 14165
5605,6079 7711 14926 2262 2049 4033 8473 1301 5958 9398
5606,2834 11084 14983 14874 10391 14982 13342 9169 11366 14129
5607,5172 5170 7543 5163 12554 10615 11391 9472 8644 5802
5608,4074 8037 7977 5113 10183 4474 2200 8028 8010 8008
5609,4474 12670 1433 11366 8037 4469 876 8916 8924 8929
5610,14927 14449 14843 11366 14404 14555 3055 10715 8999 611
5611,13168 10670 2687 10460 10669 11957 3647 157 8401 7255
5612,14163 14866 14868 14865 14867 14612 8999 7118 12427 14647
5613,9055 14088 3611 13587 2949 12651 14306 14427 8413 14865
5614,9299 12264 1587 9304 9301 9298 9306 11366 908 14430
5615,10897 14928 8581 9423 4552 11366 10894 4837 10653 10420
5616,14427 12513 3021 13134 14930 14929 9052 15244 14931 15250
5617,14404 14843 14449 8377 15228 11366 3176 3177 14351 13912
5618,4191 14162 14933 14396 1396 14709 8581 747 3840 14713
5619,14924 14936 13455 11366 13410 12584 3055 6714 6992 3400
5620,14824 9054 14827 14868 14165 11366 14825 14607 14554 14869
5621,4426 8999 7124 10536 4433 12054 4432 4435 15002 15263
5622,11259 685 14937 10507 5986 882 1040 9885 14637 10834
5623,7509 7115 12012 2932 13208 10106 8782 10909 13191 11654
5624,10321 14939 4758 12542 11302 13041 8184 12061 3560 2704
5625,14699 9278 10690 14910 2595 5137 14709 15009 664 11366
5626,8282 8279 1845 8289 8284 8276 8267 6405 8285 7632
5627,14552 14553 14557 14556 14554 9740 14551 3471 14558 14081
5628,14940 7848 10833 11366 7842 7849 6584 3055 7841 7845
5629,14163 11737 7115 1493 58 1485 14866 14865 14868 14867
5630,5581 14162 14941 8390 6894 2409 11918 11366 9595 10136
5631,8428 13521 14942 14705 14944 15193 14068 14972 11366 14707
5632,14943 14536 14067 11366 14537 3055 10715 8999 2630 13646
5633,6836 11027 360 11366 12062 4336 10362 12064 12060 12428
5634,12784 14742 15088 11865 11271 3257 12620 11366 9296 1702
5635,645 14853 11366 11175 12382 11687 9228 9023 14997 9526
5636,11135 11401 12640 1523 11131 6879 11132 11133 11130 6335
5637,11784 14946 12342 11779 709 8985 6562 10638 10333 10180
5638,9373 14947 9960 9374 3392 7234 335 9375 11366 8977
5639,14672 13935 13585 13488 14671 9172 14673 1751 13956 11366
5640,7229 13033 9486 5726 14694 11366 14693 11932 15199 14539
5641,14484 4028 5259 14482 12538 11366 1539 2283 8340 6270
5642,11577 14673 8833 13488 9172 14671 9405 10155 13956 14672
5643,10820 714 13699 12586 11473 12326 12633 11366 14334 3942
5644,14435 14948 11366 3055 10715 8999 611 4426 53 2820
5645,6489 14452 10124 13335 6836 12581 6480 10974 6492 11366
5646,1380 9239 1379 9292 6761 11358 11359 4971 1375 1376
5647,10679 650 11162 11812 11366 459 6370 9689 6194 12448
5648,11366 692 13885 14491 14486 12850 5267 5266 14479 8250
5649,12828 14949 12950 9243 12173 8829 12371 10655 11709 13577
5650,14950 14951 14388 11366 4162 3055 9472 8999 10715 14166
5651,4426 12054 15263 4433 4435 15002 4432 10536 13016 15118
5652,10381 2319 14952 10380 11419 14341 11366 13799 6385 1937
5653,4426 4777 4175 3221 4090 8935 4432 15002 4433 12054
5654,11391 14714 14471 14483 13430 3055 3503 2487 11390 12062
5655,9583 13836 14224 5133 13795 1384 13793 13794 9581 13550
5656,14952 5107 14157 14224 11366 10381 5101 5108 5103 5102
5657,9430 4738 6003 160 14970 11366 14381 13018 6128 14329
5658,4426 12054 15263 4433 4435 15002 4432 10536 13016 15118
5659,11084 14129 4711 9520 11366 2348 9130 3363 5405 3467
5660,4536 4538 4539 4542 4540 4543 337 1292 4548 4546
5661,14953 23 10183 15185 11366 3055 4634 11162 10715 10654
5662,5107 5101 5108 5103 5102 5105 5106 14952 11668 5112
5663,14921 12803 7109 9144 11366 12799 12798 12795 12794 12796
5664,14695 11213 7487 8348 2753 3117 893 11159 9029 10620
5665,14574 14705 14575 10238 14819 11366 14492 14238 6581 14009
5666,14954 14955 10566 9553 9269 6135 11366 14393 3055 9618
5667,13286 11405 577 11366 10821 12159 3055 4135 11402 11403
5668,2128 8866 14505 41 2146 10016 12995 7727 12692 6891
5669,10743 5026 10601 9490 14275 11053 14279 8820 1425 1210
5670,9615 14864 9139 9616 12202 9363 8718 7439 4996 10136
5671,14304 12032 14158 8734 14303 14157 2623 14960 14848 14646
5672,10865 12020 919 14304 14955 14393 15199 11366 680 8184
5673,8323 1885 8324 4701 5572 11968 7349 11366 11967 5759
5674,14932 3261 4357 8028 3259 9542 9838 3263 1311 7967
5675,14957 14958 434 3720 11366 9178 9176 9175 497 12192
5676,14390 12281 11366 13265 9704 13266 4121 3055 2405 13267
5677,1746 6118 13888 1938 5382 14275 10334 8928 2170 2919
5678,13432 13424 13532 11221 12964 13433 11366 14031 12288 10916
5679,7229 6610 14132 9486 14694 11366 11932 14693 14539 15199
5680,14790 14276 8237 15108 13822 13810 11366 7642 13720 14791
5681,11366 13885 14486 12850 5267 5266 692 14481 14913 14131
5682,9590 7126 14460 14205 12421 5796 11705 5351 11366 8309
5683,3064 3068 3065 11401 3066 3067 11366 3055 1523 11398
5684,14704 14136 9989 14707 11405 11366 10906 944 9242 10380
5685,14009 13893 12566 9805 14575 13838 10263 9682 7083 14214
5686,692 10233 311 8145 11366 14205 10231 6400 8344 3725
5687,13937 692 11366 11404 5395 7609 8740 15069 5943 9977
5688,11701 11702 12303 1926 7962 11700 3781 9275 11232 8373
5689,6105 14227 5708 8979 2986 6112 2599 8888 3929 8893
5690,14637 15196 14823 5986 10507 882 11259 1040 10834 10633
5691,12779 14946 14873 14424 12780 12781 12778 12775 10877 12772
5692,14960 14848 14961 14304 14706 7740 13943 11366 6183 14513
5693,12950 14949 14691 12828 11366 3055 10715 8999 611 11397
5694,5923 6476 5924 5930 5936 6484 5939 5933 5925 5940
5695,14962 14963 4958 4959 10655 10615 11652 7664 8177 11229
5696,13892 6622 14885 6685 11366 13893 13943 908 3055 1664
5697,12778 12773 12774 12772 12775 10877 12771 12781 12780 5955
5698,12059 5514 12062 12009 7457 10362 12064 12060 11366 12063
5699,11428 14202 14069 8423 13925 11945 13364 6278 14020 3569
5700,11956 12840 8452 5514 10157 13221 13220 7173 11366 12103
5701,2835 5521 14472 13838 11221 14873 13336 1078 4960 2829
5702,692 11366 8250 14136 693 13838 14208 6608 14248 14242
5703,14964 11384 14572 6581 11366 8250 692 3055 10715 14882
5704,14136 692 11366 11405 11402 15230 13838 693 14208 6803
5705,6803 1667 14136 9832 5340 11405 692 12909 12708 8958
5706,14426 11217 13949 5183 14524 11366 12388 13831 14904 14941
5707,13892 6622 908 14885 13893 11366 6685 6189 1664 13943
5708,14729 8326 13004 14091 5273 11366 6909 10169 3055 3602
5709,13183 7663 14462 14846 13182 13178 14461 10707 6606 14460
5710,4968 12009 14202 8423 12010 12011 8117 11366 3840 3055
5711,14366 7256 13838 14838 6604 692 693 7258 7136 11366
5712,14858 187 4884 5215 9964 12247 7163 11366 7663 4450
5713,5521 692 14472 14208 6608 12557 6312 13838 11366 14136
5714,13673 9961 12333 13647 14956 12385 12064 12741 14169 14013
5715,1701 14208 2329 10564 8401 6608 11366 14141 14140 7021
5716,692 14208 6608 13838 5521 14136 11366 14472 11402 8250
5717,5734 4934 714 12031 14102 8272 8581 5731 5727 767
5718,1680 12161 8233 8234 6480 6492 3999 6509 907 11743
5719,7936 6620 9614 2337 7947 1222 6622 6187 7942 710
5720,12392 12391 14615 14968 12390 12389 11354 10565 6852 4843
5721,6183 8114 1700 13961 7940 6187 6171 14146 5714 1846
5722,7528 6494 9226 6495 10836 13191 11221 6543 6544 6505
5723,7782 12090 12089 12088 6844 11172 7780 7781 6327 11366
5724,14528 8268 11786 13988 8992 7663 8279 13228 9549 4977
5725,13359 13378 13393 13394 6487 4545 7576 7328 10518 4700
5726,14706 14885 8114 14705 6183 11366 14848 14707 14960 944
5727,14960 13943 7740 14848 14706 14961 6183 14304 11366 3055
5728,13838 4046 9551 14205 9965 11384 4043 4047 4042 12340
5729,14531 13405 13368 14065 5614 7660 12519 14978 1907 7826
5730,372 191 682 14663 14057 11289 9249 14280 377 15044
5731,9594 5383 9106 11366 3614 6083 2583 10841 7778 11424
5732,6083 10893 12872 611 9594 9778 11037 11036 6016 7248
5733,11126 11424 3055 9594 13388 14989 14990 14988 14992 15069
5734,11959 8190 15244 14579 15250 14931 13056 2189 14937 2203
5735,8351 7320 14733 8961 7398 11366 1104 2002 12810 7132
5736,117 118 3129 5160 5154 123 157 132 12107 12109
5737,9228 7012 5896 4964 5895 4073 11654 7744 7745 645
5738,2957 7844 12918 12516 3965 6768 5752 1624 10566 11559
5739,14971 5678 14606 5676 12574 14903 12298 11366 5216 10832
5740,4279 14969 4294 4296 4289 12541 4287 7183 4277 4298
5741,12483 1988 12484 8702 11932 11366 5179 4535 854 10668
5742,5972 12633 7170 5974 9497 4764 6045 15191 11366 4383
5743,14538 14938 14973 14264 14415 12850 13262 553 14223 13623
5744,14538 14938 14973 11366 14264 14415 12850 13262 553 6071
5745,14972 14068 8428 11366 3055 10715 8999 611 14705 14944
5746,726 14512 584 11405 11366 9106 14199 11591 12465 13804
5747,14538 14973 14938 11366 14264 14415 12850 13262 553 6071
5748,7229 14538 9486 14694 11366 11932 15199 14539 14693 5431
5749,14142 13831 14417 15132 8577 14470 14490 11366 11167 14674
5750,13623 6071 13622 14806 12742 14538 11366 12032 407 13624
5751,14223 14222 14415 14538 14224 14160 14610 14106 10121 11366
5752,1616 8425 1615 1598 11605 10468 1599 11604 1597 1605
5753,14542 5337 7946 11366 4126 3055 10715 8999 611 4426
5754,14610 14277 8547 13420 14513 14478 14223 3949 8366 10266
5755,14163 14523 1697 14866 14868 14865 14867 14612 8999 7118
5756,8298 1655 13584 10715 5385 5384 5382 1094 14656 2394
5757,1621 611 1622 1618 1617 1620 11366 235 10893 8607
5758,14974 1697 14975 11366 10608 1904 8428 3055 1695 14176
5759,8428 14975 10608 14974 14972 15193 14942 13521 14944 14705
5760,13764 14976 14593 11575 12024 1754 12134 12626 15018 2978
5761,8988 8989 1494 8987 3833 8986 9274 8985 5293 13956
5762,14974 14975 10608 1904 11366 8428 1697 3055 10715 8999
5763,14974 14975 10608 1904 11366 8428 1697 3055 10715 8999
5764,14977 14978 13026 13405 14656 12525 59 14531 3427 13404
5765,11959 13056 15244 14931 15250 2203 14867 14937 14930 14866
5766,1367 36 11404 13952 7132 5311 9117 7128 15068 15249
5767,9851 12551 1357 9749 6360 13683 9300 7057 11366 10365
5768,12788 9606 10497 12787 8346 10201 9942 10204 636 11366
5769,11405 726 14512 11403 11366 11402 14136 9106 13286 11399
5770,11366 4745 4746 13885 14486 12850 4749 5267 692 5266
5771,6852 12650 14060 14059 14061 12391 13031 273 12389 5472
5772,740 14979 14980 14907 4400 8935 14013 3615 1351 15274
5773,14981 363 12422 13125 11366 3055 11916 8696 8307 14907
5774,13365 14616 8081 13262 7639 11647 12775 11366 6476 7853
5775,14756 13350 14755 14707 12503 11366 10280 14563 3055 1054
5776,14615 14968 12392 14579 11366 3055 10715 8999 611 53
5777,9300 14804 9298 9304 1587 9301 9467 11366 9302 14566
5778,2210 14393 14955 10865 12020 2223 3933 2237 10249 2217
5779,8281 14580 13268 8279 8289 8276 5887 5986 8285 10334
5780,5670 6943 14651 14649 14648 14650 10214 14653 2449 8979
5781,14268 11253 3116 5226 11366 14396 4576 8454 11630 3055
5782,14209 14596 14595 14213 13680 15188 14458 12251 11366 15173
5783,14285 14286 15173 13896 12440 11366 14209 3055 13897 10715
5784,1287 10541 6881 14210 11679 11678 11677 11674 8956 11682
5785,14714 10414 11322 14471 14483 11366 13430 11391 3055 10276
5786,11565 11309 11677 11674 11678 11682 8956 11679 1655 2561
5787,14511 8589 11212 8590 1337 11366 11134 11089 6982 11873
5788,14983 14982 14874 2834 4961 11366 10391 9169 13342 3055
5789,14203 5373 6609 14202 7581 14204 11366 14205 5372 3055
5790,5945 8586 283 14862 5930 7475 14060 5936 14059 14061
5791,8397 7544 9365 6488 626 8475 11366 11330 8396 1630
5792,692 11366 8250 14136 693 14208 13838 6608 12340 14248
5793,3152 714 14334 14984 3166 7805 11308 1333 11366 10323
5794,9781 11310 14985 11630 3152 9424 13372 10806 10889 12272
5795,692 11366 8250 14136 693 14208 13838 6608 12748 14244
5796,11310 14580 8250 4449 692 8258 8281 11630 14572 11366
5797,13058 692 6583 11366 5569 7616 4438 5460 518 9563
5798,692 11366 8250 14136 8022 693 14208 13838 6608 14247
5799,14569 12339 8250 11366 14575 3055 6581 14492 12338 2273
5800,11384 692 12252 11366 12065 14884 6355 14882 14956 14303
5801,7527 2699 11366 5423 9500 4926 2368 10624 10548 6535
5802,7328 4829 8221 13559 14861 11306 5478 13378 3847 13359
5803,6581 14572 14964 8250 14575 6582 14238 6584 14492 12340
5804,9466 14692 7696 13843 12604 12605 9475 9039 11366 12603
5805,13395 14888 10093 4954 11230 11405 4955 10674 2112 9410
5806,2134 13487 165 3874 4574 9094 476 10722 11366 510
5807,14573 259 14861 14572 11366 8250 14859 3055 13559 11306
5808,14861 14859 13559 11306 14860 14573 7328 259 4085 11366
5809,11630 14574 14819 11310 11366 11186 14111 14110 14580 4451
5810,14209 14458 14596 14595 14213 15188 13680 11366 12188 15086
5811,5407 8374 5406 7876 14785 14392 5404 3330 11187 13929
5812,14861 14859 13559 11306 259 7328 14573 14860 11366 11120
5813,3840 14933 14505 14425 14202 8423 13977 13953 14430 8866
5814,3665 12156 3887 10701 3880 11366 3877 12157 12154 6537
5815,12083 3747 7169 6617 10765 7271 11366 7658 11396 12652
5816,14992 14990 14989 14988 14991 14993 14987 3061 3062 3060
5817,12304 12403 11219 11789 6141 12748 12405 12404 11380 2335
5818,10897 9347 10420 10653 14928 9423 4552 3520 10894 6104
5819,10484 8408 14854 13018 14970 14329 11366 8289 10485 9430
5820,6113 11405 6112 5727 6110 3883 5562 3983 6111 11366
5821,14581 14204 5518 6606 14846 14203 5520 4549 14523 14513
5822,8411 11920 8414 12201 1627 8425 13883 8420 8417 13512
5823,13997 12841 9025 9948 13515 13247 6100 13996 13995 6102
5824,11384 14882 12065 14303 6355 14956 14884 13693 11366 9836
5825,2681 13276 2713 2678 13737 2698 2682 2685 2691 2714
5826,2685 7183 6342 1575 2678 2713 2691 2681 2710 2693
5827,14961 3801 8421 886 12324 11087 7699 13520 14960 14848
5828,14757 11366 3055 10715 8999 611 4426 53 2820 13885
5829,10214 5670 8979 11366 14650 14649 14648 14651 14653 13523
5830,13587 7124 14826 14555 13940 15270 14553 14827 14713 9055
5831,10921 14995 10923 10928 10926 10927 10925 3890 10924 5971
5832,13511 4756 10200 14565 13516 13512 13515 3898 7020 11366
5833,14689 15254 14914 10384 14905 14688 15064 5595 14543 609
5834,12805 9245 6310 10440 11735 11476 14857 6904 12429 9339
5835,13570 9938 14721 14102 14424 5519 5404 6529 11366 11736
5836,7699 8421 7700 13520 3801 281 5784 11366 8414 13943
5837,886 14996 13852 726 882 869 867 874 872 861
5838,12059 7457 12062 8299 10362 12060 12064 2330 10563 12063
5839,4279 12541 14969 4294 10625 4296 4287 4289 4277 11366
5840,7700 8421 7699 281 14388 11366 2700 287 8414 3055
5841,14564 14565 11994 15180 13511 11366 5019 4756 10200 7865
5842,14997 8780 14986 645 8873 14718 5682 1480 11366 14036
5843,726 11405 14512 584 9106 12465 13852 12467 12468 11591
5844,8190 713 1499 14718 14140 663 10522 4865 798 13516
5845,3673 8013 8008 8017 8011 8010 8015 7202 8034 8022
5846,12810 7132 12384 7112 6207 7134 12195 6642 11184 7125
5847,14998 11366 3055 10715 8999 611 4426 53 2820 13885
5848,11403 14512 11405 11366 11398 11400 693 11404 11401 11399
5849,8408 14854 13018 13342 8414 10484 14526 8420 14970 8412
5850,75 8411 14199 11399 15215 15211 11060 15212 15214 3063
5851,7229 11405 9486 14694 11366 15199 14693 11932 14539 14132
5852,11655 3158 8232 4531 4559 254 3307 4595 4864 10895
5853,10897 9423 4552 5441 14928 6104 10894 10896 4837 10420
5854,12487 8983 365 4397 7583 5438 10662 12349 2886 48
5855,6484 9841 9226 309 7017 6485 6622 6494 6476 9842
5856,7050 15000 10171 7051 14356 7052 11366 10264 5592 10172
5857,9554 1916 1277 12727 12728 14363 11366 2617 8158 1712
5858,2742 2815 5998 11493 13672 2820 1165 1166 1535 3465
5859,2820 1166 2742 1165 405 1535 12426 13651 3464 6351
5860,1260 1261 1259 7899 13460 2848 4457 10320 5245 7893
5861,3054 3056 15001 3057 3058 3059 3053 14583 14584 3052
5862,58 13411 15068 15249 14980 14605 14604 94 80 11366
5863,12897 8039 12894 674 12896 6741 12893 11002 6931 1356
5864,2741 13561 11366 1534 12425 2742 13562 6352 5998 8827
5865,13574 3465 1166 2820 13575 14336 13327 2742 404 1165
5866,611 10893 11483 11366 6016 11484 12051 14621 8303 3213
5867,14586 11440 14524 2659 11366 471 3055 10776 12326 10715
5868,9021 9022 9023 14149 10603 13883 14514 13512 883 6865
5869,14475 15006 1091 14713 14162 4822 7392 13390 13516 15057
5870,13920 14475 15007 12428 5183 7112 14389 14941 13913 14904
5871,5369 15008 11332 5372 11366 13627 5375 5378 2169 5373
5872,5016 4316 8691 14680 3839 13411 5055 11366 2454 5314
5873,502 6821 9400 9161 11366 14310 6584 9398 7842 5721
5874,990 4953 11756 14458 11131 7677 11366 5709 3659 7019
5875,8407 15009 14910 8421 10495 8414 6567 8417 8412 8406
5876,3465 2820 405 1165 2614 2742 1166 1323 12426 1535
5877,14457 2818 15010 12747 3045 1166 13356 2816 13540 1535
5878,10304 5490 6689 5488 5489 595 9370 8074 10297 10307
5879,712 3600 577 11395 11396 7846 5984 4854 11366 8473
5880,15011 14519 15022 15247 12877 11366 3055 10715 8999 611
5881,12671 8889 12672 5345 2816 11366 12743 2599 8888 8895
5882,3656 13398 3646 11971 3654 14293 14292 14291 14294 3653
5883,4519 8391 4411 2569 7373 13129 851 9588 1087 374
5884,6002 6004 1957 5324 3213 11366 578 618 3055 46
5885,53 3055 14578 14991 14990 14992 14989 14988 14826 10501
5886,7520 570 10230 9241 7517 3851 7521 11366 565 564
5887,8314 8336 10732 1576 1577 11392 8331 8329 8332 8328
5888,14837 12851 14087 13638 267 10253 14171 265 10705 4373
5889,14856 14855 9142 4928 6816 6977 1763 3292 3453 38
5890,15014 5015 1969 8705 7288 2765 7697 1231 2448 3033
5891,12318 3146 3296 4924 12343 2676 1949 5455 4742 11862
5892,339 7691 7398 351 4553 346 343 341 340 11366
5893,15015 14442 11366 14443 3055 10715 7527 8999 611 4426
5894,11799 1319 8541 7062 1320 9192 1001 10355 1779 6362
5895,9647 2874 9758 2875 10988 8159 5667 6555 4603 4139
5896,3839 5087 227 5314 9216 12204 1383 171 13991 10406
5897,13885 12850 11366 5267 14131 14488 14480 5268 14506 5266
5898,7014 7015 12143 9412 9307 7013 11366 3486 4062 11273
5899,13885 11366 12850 5267 14131 5266 14488 14486 3055 14479
5900,2428 2790 10102 8176 349 4830 11366 12531 12532 7811
5901,4596 10574 11891 11351 12378 5451 9664 12915 11434 12726
5902,3663 962 963 15016 977 967 965 958 927 938
5903,14903 611 10832 14971 8578 8 5216 4861 14904 11366
5904,14352 14752 13176 2840 6231 1360 11366 12486 9659 1947
5905,14789 14155 6273 15198 12998 11366 13399 13527 3896 10918
5906,2998 15017 6356 6807 2996 1011 5447 6808 9635 9632
5907,10537 7130 12434 9925 12436 6522 5191 2514 12435 7129
5908,14609 11859 11861 11860 5991 9782 475 7776 11366 3055
5909,14719 7967 14720 6267 7170 13947 4671 14721 1351 11366
5910,73 72 12057 527 3029 2696 3027 3267 10181 3506
5911,10611 10506 4862 11657 8385 10613 7406 8821 11366 5266
5912,15018 4674 12024 11575 6131 12039 13278 7888 8136 12264
5913,3676 4559 6686 9035 10806 5055 3973 11366 11926 446
5914,2371 3079 2370 4134 1354 11347 4414 4413 2375 3003
5915,14387 13959 999 14389 14388 11366 2029 3055 362 13354
5916,1962 9469 9987 1552 4157 3209 1982 1981 8768 1206
5917,7898 8468 6881 1602 5971 7865 11366 15074 10921 10215
5918,15019 3923 12128 11930 9686 7389 6966 13668 11117 2016
5919,10968 2306 14636 3176 7341 8567 11364 3765 11366 10566
5920,7719 14674 9143 15260 6766 6491 14321 4392 11366 14470
5921,6707 6705 4134 1008 13076 4415 1777 1826 4626 5876
5922,3200 5003 3438 10406 4253 3204 5160 4259 5159 5154
5923,611 15020 10893 11483 11484 6016 14621 12051 8303 3213
5924,9273 2798 1565 1564 6374 9322 9527 5974 1287 3327
5925,2312 6821 10168 167 6027 466 6822 1418 4184 879
5926,2597 14298 8218 9484 160 11366 13522 10669 10358 5176
5927,7014 7015 9307 11273 9412 7013 13557 3486 14762 4062
5928,2471 1295 8248 2474 3281 3324 2476 123 3334 3360
5929,15021 15022 13957 2096 1300 6065 62 9115 6015 664
5930,9966 13695 12945 6073 9893 12047 7379 12048 12049 11366
5931,3179 3726 181 15228 8377 9916 10020 9907 36 5574
5932,14898 15023 11936 11939 4391 14603 13514 11937 2266 11938
5933,13753 12516 1291 381 13373 10566 12918 6390 5750 7798
5934,4785 9402 10796 2174 3408 4784 4786 4783 4794 4802
5935,9102 14975 14809 12991 11824 3462 8582 10978 919 13925
5936,10111 12853 12546 8413 4803 10110 15128 11366 861 10103
5937,11301 4556 8245 6593 3456 13372 7800 12516 10595 8557
5938,7563 13803 7557 8252 13800 13801 13802 7555 4895 2018
5939,13881 2925 6330 11256 2017 13882 9124 11660 2862 10763
5940,5844 13983 13911 4611 5841 5842 5840 5847 6554 10814
5941,4892 2095 6099 10967 11171 4717 14773 14665 13996 8757
5942,12069 10057 8295 6138 13975 6100 14377 11544 13809 8274
5943,12964 12288 10916 13432 14600 4882 11366 13532 12289 13433
5944,8760 14319 11952 4336 8807 11366 8747 13345 8803 11026
5945,15024 11366 3055 10715 8999 611 4426 53 2820 13885
5946,2239 2294 8418 1417 5088 8242 4770 12359 2762 11155
5947,692 11366 12325 8250 14136 2566 693 476 3055 6608
5948,7403 4762 7280 5596 847 5760 8939 5436 8366 5915
5949,12326 547 4853 13134 3742 1334 1919 9588 11938 11440
5950,8424 10955 4948 7866 576 7401 8414 10950 10939 10946
5951,11748 10910 9741 11215 5508 10050 1836 3317 7283 3359
5952,15025 9433 5792 4284 9431 9434 9432 7086 4294 11366
5953,9191 9192 1779 6364 4606 1320 2375 6363 2371 11532
5954,8052 9442 10763 2925 6103 5143 10042 112 8049 6263
5955,1397 163 3250 8777 6086 9263 11761 4025 5419 6411
5956,101 740 15066 14898 15067 15190 14979 14690 15013 15270
5957,10664 715 7047 1760 14669 6880 591 3944 11366 5177
5958,13958 9149 2333 12712 1834 4946 7286 7190 2244 11298
5959,637 14281 15026 6620 2301 8409 13832 4390 11361 4394
5960,6485 6484 13597 9805 11780 6349 716 6944 6476 1713
5961,10471 2457 1212 9248 661 1282 4201 10469 10478 8949
5962,6468 8142 10292 6969 8364 5281 7385 3597 7798 2200
5963,2908 710 1222 4358 7936 11355 3426 3422 1896 1938
5964,1395 9906 2516 2532 9164 1190 8502 9899 9917 392
5965,1374 8874 7346 12050 12051 3131 8871 49 2316 8873
5966,4128 10607 11194 3945 6176 793 749 4496 2107 2307
5967,7819 5535 11385 13380 12914 8848 1135 2880 5449 4039
5968,2662 8215 8214 1635 8216 13072 7916 10083 7756 2663
5969,6981 9142 11864 1205 342 12776 6979 5960 5776 11326
5970,5553 141 6047 12862 10418 4201 6999 12175 1586 6647
5971,7430 9370 10304 5481 9443 8700 7364 3993 9169 10297
5972,1282 2588 12847 3933 6132 11366 2342 5971 5774 12613
5973,3051 3052 4153 3053 3054 3056 3059 3057 3058 13388
5974,11654 1346 2277 711 2272 2276 5580 14227 14176 7012
5975,12935 14750 12227 13519 9289 4407 6276 11385 14791 15027
5976,10383 10382 8591 14163 5415 15028 131 12875 9200 15029
5977,4350 9519 13312 11366 12447 6071 8017 8010 3428 6072
5978,12506 12503 11046 6430 12507 15030 12510 4302 4791 12130
5979,14054 6325 361 8691 15032 4278 6507 11257 14811 11533
5980,15033 11366 3055 10715 8999 611 4426 53 2820 13885
5981,2371 3094 3001 2375 4598 7215 5686 10072 1001 6847
5982,2719 4017 7453 2987 9561 7760 3684 10494 9886 4687
5983,4392 3988 14321 12410 7046 14252 1297 4045 3305 2483
5984,11265 4068 12939 14313 11264 11034 11263 2716 13826 8325
5985,8997 10353 12748 9012 9021 8506 1274 9006 13682 11366
5986,7138 13610 13777 4637 15243 11366 7927 4469 4639 14176
5987,2820 12007 1165 2742 2815 2822 1167 12747 1166 13200
5988,15034 13960 15035 14150 13259 13717 5999 13700 11753 6353
5989,12744 12007 1168 1167 3465 13200 11366 12745 12006 12743
5990,2820 1166 2815 14084 3464 12747 1535 14712 2742 13661
5991,4330 12747 2820 6866 1165 9784 1535 14806 12426 12007
5992,12747 2818 2820 12746 13356 14079 1535 2948 2744 12426
5993,5672 9851 4135 12075 6360 10992 5689 1357 10192 7554
5994,14440 2096 8741 13237 11350 14363 11891 7857 14416 11137
5995,9595 6894 2409 11918 6201 14113 11919 3406 5632 10164
5996,9534 7091 5687 7057 7427 10199 6742 9539 402 9538
5997,90 5312 80 94 55 512 6903 7438 76 6894
5998,1474 6127 470 6575 6702 3365 12916 2231 89 1642
5999,8888 12176 3929 8893 8895 2599 5372 248 8889 8896
6000,5650 10128 9894 10131 12984 498 14657 11493 6094 10529
6001,15036 10059 9533 8986 11098 6129 7630 13299 13297 13300
6002,10300 9530 3310 6471 9169 182 8975 6641 10309 5551
6003,421 13593 10092 3393 492 3143 3168 497 3166 451
6004,15038 12842 12027 7908 7393 8761 1740 4790 6282 954
6005,10433 5622 9441 4406 11139 5186 6375 4856 14816 9776
6006,4606 7062 12730 4139 9171 7552 6858 8553 12731 3543
6007,7449 12376 7817 12656 10990 10246 10355 10994 9084 8982
6008,5810 10230 8455 715 8307 2366 27 3035 9252 5750
6009,4179 8970 5810 3702 2756 3704 9177 6517 3310 4496
6010,708 4020 13923 1132 10934 7467 675 682 706 11366
6011,14282 15039 15040 12759 12758 9481 2600 9780 9551 5051
6012,3983 1301 12724 13754 3580 6112 7913 6115 10613 13755
6013,5017 12105 5655 166 12573 3367 161 8422 10891 9467
6014,10671 6406 5462 11903 948 4126 11735 885 5460 3495
6015,15041 10258 14682 5854 1774 11074 5688 6447 1704 12245
6016,14127 13452 5615 7684 5229 10124 4516 11366 71 5452
6017,13634 3847 2859 10154 5901 5199 11605 11604 10468 3849
6018,0 100 14210 14647 771 9260 6646 12031 14163 12020
6019,2504 47 86 2524 8260 10134 9222 2579 85 54
6020,9495 1302 1040 13905 9596 9597 9598 9599 6314 4029
6021,771 100 15215 15211 14849 11060 15212 15214 833 15213
6022,11583 8889 15210 1475 11580 11582 11581 8894 13441 12883
6023,1536 6015 4088 15043 14608 15042 15021 12559 10883 6016
6024,6933 14844 6938 6937 3133 6932 6931 6935 5403 6936
6025,10776 11440 11718 10770 10768 10771 10767 10777 10773 10778
6026,6829 5577 149 2645 11658 11574 1814 6382 1641 420
6027,4663 4660 11370 11368 4653 4662 4650 9105 2804 9114
6028,6489 3821 9249 9372 3304 12581 6480 6492 10974 907
6029,8104 14358 3394 10901 14357 11579 13525 14318 14253 14254
6030,15044 14280 12307 10667 12741 5026 372 8768 12306 12305
6031,14163 14307 14866 14868 14865 14867 14612 14869 14554 7118
6032,1564 1565 6374 7420 9273 4821 873 4468 14063 3710
6033,7049 11406 15046 13124 12752 11361 6400 14541 6463 6312
6034,242 1351 5858 10390 15274 14720 1350 15273 14089 14621
6035,5259 12538 1784 4028 2283 1539 8132 3951 8124 6533
6036,7096 6360 15161 15162 4306 568 11366 12558 10257 723
6037,11881 2741 12994 8827 11109 8109 11366 11267 12006 9794
6038,7264 14752 10560 11366 13879 13770 14352 13177 11219 6171
6039,11545 13486 646 12539 11380 11543 12541 12538 12540 4299
6040,5535 1011 7366 11528 1140 10913 5532 5530 1148 1135
6041,16 9934 314 18 5116 3717 4512 1586 6647 12175
6042,1354 1355 1357 4141 1356 1829 4140 6741 2369 2376
6043,3765 11550 14636 10968 2590 2309 13379 11607 11765 11944
6044,11231 560 14805 13671 11366 13328 15095 15010 14325 14799
6045,8828 6992 14799 3465 11121 3464 4514 13727 13671 8834
6046,11111 9784 14803 12070 4791 11822 6941 11109 11366 15048
6047,4643 4642 8633 8630 8625 8632 8626 5565 4644 4647
6048,4160 3914 12283 4156 4155 988 4165 4161 410 4164
6049,9911 8722 9905 9898 8499 2531 8846 12435 1961 12244
6050,9984 15047 12250 11998 3440 7823 11995 12000 11999 9979
6051,1721 4407 10246 14439 14438 7215 6219 3080 8152 1776
6052,6034 6968 6022 10301 3041 2782 5052 6379 7044 10298
6053,1512 3957 9497 6697 9955 6693 11366 1092 874 4017
6054,4906 4344 6301 1371 2329 7559 11366 2539 8180 2799
6055,9048 9390 6317 6444 9047 5076 11366 7392 14112 3210
6056,8198 15083 15082 2225 6378 1270 7838 2330 8194 3631
6057,7321 11970 7307 7308 7312 2488 7322 8593 7318 3562
6058,15048 14151 12506 12783 15030 9244 10758 2109 5188 11111
6059,3553 10657 2962 954 211 11366 1571 7991 7683 8989
6060,15049 9851 7057 4626 8477 4072 6360 7065 3667 10716
6061,4116 4117 11673 4118 11707 8956 11682 11679 11677 11678
6062,5190 6990 9935 4038 11366 14877 5189 9784 1461 4832
6063,8503 3160 6908 4370 1960 11954 10551 11176 2027 9929
6064,5247 7487 10322 905 7740 3423 6228 9805 8332 8333
6065,15051 8023 13047 8130 15168 15119 11366 5376 8008 8017
6066,2196 966 9880 9879 12946 4589 15052 967 15053 12943
6067,15052 7655 12943 8263 12946 15053 9880 2196 1540 4589
6068,4075 7869 3881 6391 9053 4355 10439 4843 6402 7961
6069,9847 11634 13948 6065 6109 6566 9845 9844 9843 7851
6070,3350 5812 10660 3383 3148 5816 5806 5078 6322 5813
6071,6095 13823 13080 11366 3055 12831 5382 13542 1094 5842
6072,2834 13342 10259 12797 8408 6789 2402 5607 4577 10391
6073,10066 3025 12202 1537 8718 4996 11366 11080 10504 9356
6074,13649 7181 4188 9166 5011 5414 420 1641 7921 9250
6075,15055 19 6148 2990 3195 4779 864 420 3682 3678
6076,4861 11293 14265 2117 12197 1404 11294 8756 4849 7875
6077,4718 4713 14788 8252 13383 11036 14035 14784 4714 4719
6078,4645 3838 5336 911 7843 4648 2015 4646 4647 12480
6079,11370 11368 4663 4660 4653 14681 4650 11369 4662 13684
6080,10382 10383 8591 2325 117 15249 15068 15066 15190 13174
6081,14585 8239 15006 11458 14713 11462 625 10637 12966 4816
6082,149 708 13673 13647 11366 169 9268 165 781 853
6083,58 14163 8999 13919 3021 15068 15249 14868 14866 100
6084,944 1666 10920 9000 11643 425 4757 969 965 958
6085,14713 13516 13390 4816 15057 7392 4822 11460 11458 2323
6086,9667 10659 1044 9 10263 3503 11391 12800 9367 2659
6087,7015 7014 9307 9412 9406 3486 7013 11273 13557 14763
6088,271 2865 15058 5797 4099 5799 3137 270 273 5800
6089,8997 14616 13682 9410 9407 2374 10095 2869 2009 9409
6090,14220 4805 8702 14702 3890 14703 610 14221 6848 11366
6091,699 13930 15059 1394 12062 702 13014 706 12808 675
6092,3056 3054 3053 3057 3059 3058 15001 3052 3051 15061
6093,14306 6106 12206 1858 10536 15248 6112 11126 10215 14427
6094,14910 15009 10667 14891 2595 10690 14926 11366 9278 5137
6095,15064 771 11920 15254 14914 12201 8411 2129 3405 9024
6096,12324 11087 14961 3801 13943 11817 11366 14960 2355 11818
6097,12574 5678 14606 14971 14887 5676 11366 12134 3055 1880
6098,14550 14619 15184 15065 14092 11820 14618 14081 14620 3373
6099,15067 15066 10053 11125 9777 10014 9009 14240 14639 15068
6100,9300 9301 9298 9304 1587 14163 14804 14566 9302 9310
6101,8241 6971 11257 11328 10173 2282 5586 6592 1391 2021
6102,8474 52 15274 15273 12054 76 8466 8470 8475 11313
6103,14166 14081 15184 14930 14553 15244 8999 14951 110 9054
6104,14213 11043 14209 15188 3153 8020 15169 14214 15086 11366
6105,6521 12513 14088 14558 6530 9038 7284 14868 4378 14554
6106,625 13517 9296 6633 12178 6023 6030 14585 4488 3518
6107,14508 14860 12338 7937 15177 14859 11366 2273 2263 7876
6108,7116 7113 7134 7127 3022 12711 2083 11184 9113 7120
6109,12134 13899 14696 14976 14697 13764 14593 11366 1754 1518
6110,14526 7381 7170 14854 13018 8408 12013 7161 11366 7376
6111,6022 3015 6025 3713 7723 4771 3711 5038 10453 1377
6112,9211 578 12819 12868 876 3587 5313 328 9210 5140
6113,13627 14652 15070 14958 8860 14465 11948 15187 14168 11366
6114,11195 8560 11698 11697 11696 2248 11695 11694 12781 12774
6115,11299 2829 232 357 14473 7278 7933 11297 8623 4866
6116,9509 14473 8560 6306 2915 6316 11847 13429 11299 14096
6117,8256 13526 3841 678 1928 7890 13705 3789 11366 8259
6118,10565 12387 11894 5674 1907 11354 12391 11353 11895 8031
6119,13211 3654 3656 14450 5599 3646 3650 3649 3653 3652
6120,8871 5375 11481 13933 14240 8872 8500 5325 2324 11124
6121,1500 13949 15072 8690 14620 12689 12811 11563 7002 11965
6122,5415 2986 74 541 13012 3719 11316 13014 3488 13015
6123,15075 14092 12017 15074 14550 14865 11366 12497 9511 1873
6124,6374 11459 4 12178 6596 9262 1565 1564 9273 7420
6125,75 10483 10559 14529 276 12512 1865 8969 9060 12560
6126,14792 10256 15076 13369 9155 14296 3041 12013 9227 15072
6127,4564 14255 13929 2015 3561 7962 1886 8095 4566 12184
6128,11993 2938 13560 2781 6948 9544 942 5794 11727 9396
6129,13917 14780 8901 11096 11366 14372 13531 13780 14370 14515
6130,7433 5028 11934 12549 5928 5947 7432 7431 6186 3295
6131,2277 9683 2272 1346 711 11366 2279 5372 2280 2273
6132,14080 14604 15287 6409 14605 8310 100 9269 8277 9821
6133,5329 14022 5330 9021 9022 9023 9004 13367 9011 11366
6134,7240 15077 9573 14781 7242 7241 7244 4859 7239 7243
6135,12995 12106 2549 7732 9168 2499 6914 2562 5989 9161
6136,6495 6543 6494 6505 6493 6492 6480 13178 6497 13180
6137,12293 12290 12675 12292 12289 14631 12673 13381 15253 12291
6138,9566 13969 12613 10133 8101 8087 12277 2089 1637 14371
6139,12852 8196 14676 11836 10077 8754 3161 11366 8815 12144
6140,15078 3214 11366 3055 10715 8999 611 4426 10291 14621
6141,4426 3055 15002 13016 12054 15118 10536 4433 15263 4432
6142,1173 8921 11162 7293 1172 11366 6370 14947 13031 9689
6143,14025 11687 14024 12266 11247 11246 3013 12328 14664 14076
6144,14307 15274 15273 14875 52 14100 14702 14869 13883 14607
6145,1368 14612 14559 14823 14867 15079 14865 14866 9119 7118
6146,2929 9092 7960 2607 10134 10837 2915 10782 3974 7343
6147,13937 12689 13388 8740 7609 15069 5395 15072 12688 5943
6148,2717 13945 10696 4119 11366 10445 6533 8132 8130 8135
6149,6812 5823 3691 6697 5804 11366 10983 884 5119 11149
6150,15013 14578 15270 15012 3060 14407 13603 8563 14993 8050
6151,6614 14223 14160 8737 14106 6346 10121 14730 8733 14222
6152,12388 12386 12387 5183 13920 14389 14904 14941 11366 14426
6153,12387 12388 9343 12386 2828 5674 11894 10565 1907 12009
6154,14703 14702 200 610 14220 2204 14100 2031 106 1351
6155,15081 14840 11366 3061 14993 3062 3060 14989 14991 14990
6156,9770 12104 1544 8416 13527 5634 10918 1886 8663 1883
6157,1798 6366 4215 6964 3441 4258 4218 6963 11168 2098
6158,656 3548 8666 7805 13161 11366 297 654 653 8573
6159,7632 6610 11398 13637 4238 11366 8282 14165 12876 6609
6160,15083 15082 8198 4406 692 8192 11366 3146 13583 5341
6161,13838 14721 13215 14366 12340 11366 12778 5521 13894 13895
6162,15060 15063 14570 14826 15028 4754 15134 11366 13414 8370
6163,12134 14696 14697 14976 14593 13764 13899 11366 1518 10977
6164,8272 6836 14543 5595 14689 12065 9889 14923 8279 14566
6165,8050 14742 8049 8052 112 5311 13603 8563 6263 2806
6166,6099 13996 8212 2095 8757 13433 14773 14665 6101 4892
6167,13587 14555 14553 9054 14081 7124 14551 14552 14557 14554
6168,14299 14120 1456 14926 15009 571 11366 10904 3956 14910
6169,11461 580 2107 2949 2748 7723 2103 182 11462 10039
6170,713 12463 798 14140 1499 14718 663 10522 11366 8190
6171,12313 15085 7440 1238 8508 1028 1343 7753 10723 12314
6172,11665 3411 2653 11733 6558 1304 4973 5452 9577 1448
6173,15006 14585 11462 10637 12966 625 9207 8007 6881 5376
6174,7170 8081 7161 12633 7163 6612 14719 14526 6267 11366
6175,13538 15086 9214 14890 12653 11921 6346 4375 11610 644
6176,1553 518 12983 11653 15056 9715 3313 9265 7223 8483
6177,14268 4576 14396 5226 11253 3116 11366 11630 8454 15107
6178,15072 9056 8588 2201 14792 7904 15076 13369 15069 14504
6179,8904 1533 14324 11366 10207 1532 4330 12425 14806 8905
6180,8184 859 11196 9947 749 2317 8187 10321 3986 11366
6181,5850 7393 11157 5851 11366 2221 15038 12027 3055 8312
6182,13577 12371 11709 12828 6613 12028 13268 12372 12552 4439
6183,11073 14215 7380 7828 11366 13454 4911 11565 13771 3055
6184,14039 10253 10254 7648 12282 13175 7889 3874 6507 7528
6185,10138 6255 2774 6826 4 5954 2133 472 12379 11117
6186,8999 45 11632 7572 12237 6065 10798 11529 3504 10508
6187,413 8960 4265 6329 7280 5203 2450 6682 5796 5436
6188,4028 6270 14482 8340 14484 5259 12538 2283 1539 1784
6189,2151 11405 11402 7003 6370 2467 11366 5739 4190 6371
6190,12385 4963 14956 12064 4700 14169 12741 14013 9961 13647
6191,13932 6415 11755 11366 12746 13931 405 13700 13660 8402
6192,7163 14858 12247 9964 4450 7663 1018 7161 6612 5640
6193,8376 2204 3485 13909 14702 14703 11366 14607 5351 10712
6194,15016 962 963 3006 5058 14764 13556 927 965 958
6195,15088 1069 5438 1004 651 478 12620 11865 11271 12784
6196,15089 14398 6268 11654 6276 10695 352 12276 6283 6291
6197,10281 9071 8838 5618 8570 11272 2581 10282 11366 9112
6198,1747 5132 12667 2930 1752 2240 5752 10617 12584 7905
6199,12087 11480 7805 12847 12516 2188 13373 12918 2556 4261
6200,5430 12843 14180 8642 5429 5432 11366 10974 8643 8729
6201,13813 14074 14416 14077 14075 13812 4840 13811 13810 13815
6202,4705 15090 5747 13754 12724 3580 5745 4698 4701 6092
6203,13315 12820 14805 11555 10880 8362 528 13314 12905 12854
6204,2820 13200 3465 1167 12007 2742 1532 2614 11112 405
6205,2742 5998 13327 2820 1165 2815 2614 2743 3465 11366
6206,1323 2614 405 13128 13244 1528 12509 1535 8892 13248
6207,1166 1535 2816 2815 405 2820 2818 3464 2742 12747
6208,13327 1165 404 13574 13271 2742 13628 1166 13650 2820
6209,3465 12426 404 2742 14405 2820 13232 405 11418 1323
6210,7923 13129 177 1880 2565 9360 11683 7922 10676 6903
6211,12502 13422 6326 14054 14811 14812 6867 9792 11366 11123
6212,14376 14374 14375 11366 15093 3055 2365 10715 8999 611
6213,2815 1529 1166 8904 3464 2742 2820 2814 15010 3465
6214,13326 3464 1166 2820 2614 13187 14457 14079 12747 13670
6215,14122 12475 13345 403 12826 13347 1323 11366 14457 12511
6216,3464 1166 11052 13731 14712 2820 3463 11366 15035 13259
6217,1166 405 1323 1535 2822 2820 3464 13346 13562 8730
6218,14811 14812 11123 12502 15032 14408 406 6325 14054 12825
6219,6867 13422 9792 404 12502 9791 1166 3464 6326 14054
6220,11112 9784 12742 1532 2742 2815 2820 14806 3465 1165
6221,9792 15091 14812 13851 14052 14054 6867 13422 14053 9791
6222,404 1323 405 9791 13334 1166 12426 2820 14405 2816
6223,15091 15032 14029 14655 14812 9792 11366 14811 14054 12825
6224,3465 13327 5998 14562 2742 2820 11955 2614 1166 8727
6225,13327 2742 1165 12426 2820 1166 8727 3465 14079 2743
6226,1165 1166 404 13625 1535 2742 2820 9784 14405 1532
6227,14374 14375 15093 9784 2365 14376 11366 13354 14806 3055
6228,1532 2742 2741 3464 13651 1326 14327 1166 2614 11524
6229,2742 3465 2815 5998 2820 2614 13327 1166 2822 1165
6230,13327 2816 15035 1165 2741 2744 3464 1166 13731 3463
6231,6351 13248 11366 8906 8905 12426 1741 13234 3463 13232
6232,1323 14662 14183 405 13330 11366 14122 12426 15210 10733
6233,2365 15093 14374 14375 9784 1532 11366 1167 13200 360
6234,11392 1535 13672 12743 405 1525 3465 1530 1330 2820
6235,12006 1168 8402 13628 13700 5475 13932 13660 13186 12007
6236,1165 2820 2742 4515 12747 1535 1166 405 13327 12426
6237,12446 3465 362 11121 405 13959 1532 9791 13562 11162
6238,4515 2744 11366 12747 405 4330 6992 8826 2820 2742
6239,13671 14325 15010 15095 14799 13328 15035 8731 11394 8109
6240,3465 2614 7686 13339 2820 6350 2742 5344 13352 5998
6241,3465 2614 2820 2742 11121 11366 1166 13352 13327 11122
6242,11112 1534 1339 5998 6991 1532 2614 11366 2742 4516
6243,6353 14335 14655 5999 13960 14336 12301 11366 13352 13990
6244,11112 8904 2815 3465 6350 10207 13339 5998 2614 12425
6245,2614 2741 2742 3465 2820 11366 5998 1532 1529 1323
6246,13806 13804 13807 13805 3333 2951 11366 3055 10715 8999
6247,14138 8830 1532 1165 8827 13343 404 13189 2820 15257
6248,4516 8907 4330 15095 13671 1339 13331 12301 11394 13452
6249,4330 2364 13324 11231 12426 11418 9786 2741 2820 13188
6250,2820 408 12426 1166 11366 2742 405 11899 2614 12747
6251,404 6989 9791 14150 1166 11366 12426 2820 13271 14405
6252,2741 8907 6994 2742 11366 8827 11753 12198 11898 1526
6253,2741 2742 12994 1165 8827 12426 2820 12425 2744 11366
6254,8830 6994 11898 8907 2741 13187 2818 15010 11366 8827
6255,4315 6109 10790 1381 15240 11366 9553 6311 10498 2628
6256,15098 6923 11782 13117 14446 14890 11689 11684 4290 1557
6257,14674 14470 14120 5359 14417 7719 11366 14886 14142 14490
6258,14588 13070 1874 1844 6162 1268 14890 1936 8356 7106
6259,7571 10254 1912 11620 6069 7573 14039 11366 7575 12047
6260,14000 11011 947 12494 914 11366 934 965 958 927
6261,14090 2946 11763 13971 5970 13004 11153 1669 9205 13046
6262,6090 10184 13765 11490 6092 14147 6091 10561 11245 5598
6263,2614 8869 14657 13482 13452 11366 3465 13855 13320 2742
6264,4459 11780 8647 4460 2866 1927 623 4456 4457 1823
6265,12559 1133 12558 5931 8868 6015 11997 12562 10883 15021
6266,12924 5111 12923 9712 10376 10377 9395 12925 12859 12718
6267,11537 11536 11787 15126 9547 4617 12874 12607 14225 12876
6268,10818 478 4285 816 10417 286 10812 10811 10816 1684
6269,15099 8038 10838 4755 5728 968 10837 8015 8011 8010
6270,11571 14546 2009 14762 7014 10911 4450 9418 15170 11251
6271,15027 8164 7072 12934 10461 6432 4605 12332 8162 12199
6272,1117 7474 1226 7475 7484 7471 7473 7476 5799 4932
6273,11120 8164 5673 4605 11366 4133 12551 8151 8302 12585
6274,9249 14226 11366 6317 4260 14225 9648 14663 682 12362
6275,9961 12333 267 13647 12611 6842 14182 13368 13103 1748
6276,13483 1861 12585 8302 2874 1011 11366 982 13484 14347
6277,2014 9851 10365 1357 6360 9236 11366 4599 10368 12282
6278,14091 13004 14729 10169 6909 5273 14090 3602 11153 10450
6279,6884 5287 10519 12959 13142 7018 2418 2946 6885 11979
6280,14170 11642 13238 7628 560 4523 13605 7253 6548 11877
6281,14342 9233 13459 8555 10351 6782 14181 11366 13544 15131
6282,12229 12765 14237 6225 6163 6228 13070 12228 6169 10350
6283,12025 9807 9661 900 3878 6784 11661 7934 8372 5382
6284,6513 6510 2731 6174 3522 7947 13880 7434 4851 7948
6285,14533 13841 4458 14006 10490 8032 11908 13770 1126 4463
6286,13961 14146 14314 14002 5714 11649 8114 1700 6670 2008
6287,12196 21 7953 9438 2421 3661 2859 567 2422 4787
6288,11219 12748 14731 11529 1665 6479 6168 8136 6240 11041
6289,11648 7938 1844 6781 12432 8144 4068 7942 14116 10226
6290,7302 13285 127 12037 11366 10123 4966 6979 13754 12724
6291,3862 13782 8516 3880 230 8118 11366 3864 8121 5506
6292,11112 1532 2820 11418 9784 10179 2742 2614 8904 2741
6293,8590 6548 10029 8589 11212 14511 11366 4357 9401 7963
6294,14091 13184 5895 10450 14729 13004 14090 11366 5273 12499
6295,11273 7394 9183 3947 9307 13557 11366 14764 7014 15155
6296,13537 14001 6669 14182 7660 13725 13176 9557 11366 4368
6297,13665 15101 11996 15238 11366 10857 3688 11785 15261 3074
6298,10441 8335 12576 5385 5384 14645 11366 13392 10007 5703
6299,15102 9795 13441 10041 12500 12505 12534 11366 10733 6571
6300,7571 7401 14353 7573 11366 12047 7575 7576 6779 7253
6301,1011 10073 4035 11366 10071 8645 11528 8541 10072 4036
6302,7571 9803 13692 7573 11366 12047 6779 7576 7575 12048
6303,13519 12077 11387 12917 12080 12072 12074 11922 13702 13060
6304,12147 13556 7702 12143 11776 12145 11085 13590 12146 12144
6305,10986 14085 9830 11366 13898 11661 6784 9291 14279 14086
6306,13585 14672 1751 7630 3044 1752 10435 13488 13956 14673
6307,2820 12426 1166 2742 405 12747 3465 1535 13187 1165
6308,3092 11067 11065 11068 10282 7329 4554 4552 1257 11071
6309,15104 15105 13108 7857 13438 15159 15164 1472 1473 1471
6310,11190 9199 13697 14057 9683 6486 10941 8320 9210 11366
6311,1001 1002 12644 1000 7062 1006 10993 10748 11348 12643
6312,7217 1704 1774 12936 12585 12258 12256 12255 11641 12257
6313,5129 1772 11025 2885 4285 4409 13014 12808 4336 9969
6314,12802 12796 12795 12794 12798 12799 3268 12801 11530 12803
6315,6360 2378 9851 1357 11366 10366 1354 2014 4142 1355
6316,4430 1003 5649 5648 5647 5646 5645 5644 4435 5643
6317,11703 8476 6550 10191 12297 9173 11002 7099 8167 8166
6318,13728 8210 13729 731 5569 5405 10277 11366 8058 995
6319,2014 9236 10365 10366 12282 10368 1357 9851 11366 6360
6320,3676 11469 8181 6526 10806 5055 9035 3973 11366 3686
6321,14740 15034 1527 3197 14721 10625 5363 9510 13960 5999
6322,12717 13105 7623 11054 12568 4752 1094 11117 13668 11375
6323,1094 13668 11117 15019 13105 344 11375 2867 2592 13419
6324,12499 13795 13171 10450 12719 12498 5878 11366 14090 14091
6325,13793 13848 14229 11248 4672 10488 12527 12526 14230 13794
6326,2875 4135 6067 12731 4598 2872 4605 4139 2874 2881
6327,11648 8541 9747 9748 11537 11799 8540 5662 11797 11801
6328,14115 13766 14116 13358 6188 7950 6249 12939 2909 2983
6329,2371 1354 2375 4606 4138 1357 1779 1322 1778 11366
6330,10251 14118 10892 2725 6764 1809 7539 10250 10252 7180
6331,5006 5005 5007 5009 5008 5010 11366 3055 10715 8999
6332,9085 14057 13567 5452 10783 8183 4359 10782 2158 895
6333,14739 14311 13741 12470 12565 7408 4700 1127 3435 14310
6334,11273 7014 14764 9307 7015 8296 2881 13557 14762 14763
6335,102 5793 574 8844 10332 2272 2288 11366 8677 2279
6336,12221 11477 2023 3197 8746 12218 7960 102 12219 12220
6337,4576 15107 4583 4586 4587 4584 4582 9893 9894 9892
6338,4787 9053 10786 1672 10435 4784 13903 14070 11366 10438
6339,8386 4045 12253 12311 8379 995 8384 8380 383 8388
6340,12178 14475 9296 167 2311 625 14162 7697 9263 6596
6341,1367 7121 3055 3022 7125 10651 7116 8999 12874 12876
6342,12975 7441 10860 12974 5833 12976 12977 3716 11366 7329
6343,10037 12617 10038 10036 14777 10039 147 13381 4896 12289
6344,9361 4657 13693 14884 14882 6355 4655 9357 14883 14368
6345,9473 9470 2093 12838 9334 9477 9471 905 1631 12837
6346,416 10086 2093 6347 2086 9298 1587 9301 9304 5888
6347,13065 3573 1998 3571 3572 12949 1996 5221 7560 10242
6348,12565 11038 12470 12564 14708 9202 9845 14739 4065 11366
6349,7444 13810 15108 14790 14276 14777 13257 13812 8214 8216
6350,13811 13812 13810 13815 13721 13814 13222 979 10079 8393
6351,7563 6136 7557 7309 8252 6138 6137 4895 13803 7555
6352,12647 13703 12646 12068 14795 8544 12310 8093 1884 14796
6353,5374 5364 6334 5371 6115 12724 3580 13754 5366 14444
6354,6303 11037 2273 9778 12338 11036 7248 6083 2263 6467
6355,10084 8636 3784 15109 9004 6111 3716 8633 8632 3972
6356,1956 12182 12274 1955 14900 1954 1950 1951 11366 6874
6357,13532 13432 13433 12997 14809 14031 10918 9760 12172 13001
6358,3566 12949 3572 1997 2663 4056 8214 3563 1996 14372
6359,6128 15109 14381 8617 12870 13522 6003 13526 13523 13169
6360,13 8096 12049 15 4565 9759 8095 13382 12 11
6361,15109 14381 8617 12870 6128 3784 14035 6111 10084 9004
6362,11165 14428 12602 2796 8638 11198 9027 13817 1161 14777
6363,12740 3451 8825 4651 14402 12495 13925 14021 14401 6278
6364,1542 2663 4056 14041 12977 12544 13817 12183 12066 5557
6365,11261 12410 10259 12911 11366 12480 12408 12412 12413 12411
6366,15110 12092 10083 7444 11095 14372 11191 8216 9572 1997
6367,13904 6852 3804 7293 14684 13031 11366 13431 14947 13210
6368,14917 14916 14918 14919 14032 6334 5180 9789 6335 12363
6369,9027 13461 14428 10872 12602 8560 3233 8638 9494 11165
6370,14796 8899 9571 13063 25 12069 3712 9358 11128 14795
6371,11184 15112 7116 7134 15215 15211 15212 11060 15214 15213
6372,15113 13071 7225 580 7723 2311 6577 11366 7228 579
6373,12494 14706 13552 14000 14388 11011 11366 9678 1658 2079
6374,10919 2311 11683 216 611 4762 794 170 3596 9781
6375,5116 1956 14900 6874 10669 3245 5122 5121 157 11366
6376,15116 15117 15115 15137 15136 15138 15135 15245 8708 13594
6377,5758 1247 2761 8918 4217 5757 5235 5759 11366 12042
6378,4426 15118 12668 1396 11366 4433 4432 10536 15002 15263
6379,14937 14891 8572 14278 14396 13848 1489 1488 15244 12065
6380,14320 10215 11366 14306 14869 10745 3055 7176 10744 5971
6381,10095 14582 7467 10934 1132 13682 11961 7738 10798 1698
6382,11631 9350 4451 13451 11366 13818 4057 4058 2612 5222
6383,14436 8140 7993 14833 11400 14834 5709 11366 5788 11396
6384,363 1797 3791 4180 895 11366 1197 11916 8307 8696
6385,9924 5567 6523 3309 9909 6917 2120 6522 6893 11951
6386,12233 8852 13435 12231 6057 1376 957 12881 9147 11366
6387,14434 14228 4451 13074 6451 10741 9995 11366 14230 12526
6388,3860 3367 12097 3167 8201 6701 4031 14054 6561 1399
6389,7579 744 11914 4191 15074 1204 10171 14307 7578 7577
6390,11317 13364 8970 7145 10920 4179 11366 13925 1378 6338
6391,15120 10701 12748 11366 12156 3055 10704 3887 10715 7710
6392,2912 979 12708 10558 2867 3805 881 8322 11873 2914
6393,4900 7326 4348 4904 9499 10675 4901 4885 7331 6199
6394,3811 1796 11366 7344 5725 10347 764 2309 3678 7040
6395,15121 15124 15122 15123 692 11366 7002 8250 14136 693
6396,12238 12240 12241 9853 11891 2380 13572 14438 13060 12074
6397,11249 4731 14095 12973 14013 11856 14119 11620 10050 14446
6398,12576 5716 5385 10441 9809 1665 9810 2438 11908 2979
6399,12938 12208 12924 6070 7935 14776 7796 11475 13251 13138
6400,1360 13267 8029 14050 13673 8024 1122 9128 8885 8041
6401,1390 4490 805 11681 12361 4503 12053 9974 5063 3936
6402,2672 15100 2790 1804 1217 3536 9066 9098 974 1241
6403,4424 4435 4433 4432 4429 4421 14647 4431 100 12031
6404,9895 13879 13716 13131 9892 11772 11770 9894 9893 1121
6405,8761 2614 7333 7334 8489 5571 6940 529 12842 15038
6406,1901 1047 8403 1499 3266 6317 871 115 9564 6223
6407,6137 13821 6138 8252 3561 2018 9573 9568 9571 4890
6408,10369 10920 14707 10374 3014 10375 10380 10378 9375 10906
6409,407 1166 1535 13623 6004 12742 5194 14336 12747 2820
6410,14944 8428 13521 11366 14942 14705 3055 15193 14068 14972
6411,2987 4422 5074 10645 7611 6961 209 2719 10165 2161
6412,11366 13885 14486 12850 5267 5266 692 14481 14913 14131
6413,15065 3200 14550 11366 618 3055 4259 5154 5159 3129
6414,12649 13462 12593 3330 158 8100 4909 9566 14232 12310
6415,14483 8027 12568 14986 258 14429 8007 12787 14714 14471
6416,11147 4424 13406 14230 12526 4432 4433 4435 11366 14228
6417,4311 9302 9301 9304 9298 1587 4132 9308 9406 9311
6418,11210 11209 9111 14787 9110 7 12649 11247 11246 6795
6419,15125 5198 2982 9404 5939 9403 4800 5201 2632 5202
6420,12439 14754 13642 13643 7682 14967 5358 13024 11888 5338
6421,771 4710 5896 4964 4754 4073 100 15215 15211 14849
6422,9901 5574 9924 9926 12517 9905 8722 9133 392 7372
6423,3811 4871 14893 11366 10347 764 5725 5290 2309 6357
6424,12877 11126 15112 14519 12876 7120 12874 15247 14578 15011
6425,15060 14570 15063 14241 14316 4754 15028 11366 15001 8370
6426,2340 7992 26 2355 9878 2353 10650 11366 1064 2351
6427,2201 10708 2415 14504 12668 15072 13805 7904 5140 2457
6428,7554 11787 15126 12643 13683 4036 2881 2887 14225 9852
6429,6327 15127 6331 6492 12089 6480 12090 6844 6481 6328
6430,138 7462 836 10623 11366 1020 1188 2456 9570 2752
6431,9299 4757 9306 11462 9304 9301 9298 1587 4262 9302
6432,15128 4572 5882 8695 8427 10111 12546 8921 10210 1092
6433,15129 8735 5929 14217 14471 11366 8733 8734 8736 3055
6434,15131 13252 13255 1788 1789 6945 13253 9232 9233 12693
6435,3407 625 11366 12995 9030 6762 12406 9013 4969 9005
6436,1807 1391 7399 5523 458 8450 4237 9064 6999 2139
6437,14117 9713 13691 14521 11884 11783 9126 12653 8613 13024
6438,8116 9809 6887 7739 1665 9810 4069 2627 11177 13889
6439,12032 611 4020 5 14806 14158 11366 14879 10206 8734
6440,11235 2319 11236 516 11237 6267 7547 11366 12164 11064
6441,2369 11537 1357 11366 2376 4688 10366 6550 6551 6320
6442,14971 5678 12298 14606 14903 12574 5216 10832 5676 8578
6443,11120 8141 5673 10622 11366 12585 11118 8302 13483 12551
6444,4971 9393 11358 7796 13404 12207 11357 9239 9394 6761
6445,6572 2155 7120 4363 8494 6990 81 7113 12877 137
6446,14743 3017 13366 14040 13741 406 3210 11255 10813 14086
6447,9055 13587 11366 14088 3611 14306 14427 14865 14555 3221
6448,14718 14997 8873 14036 1670 8780 15000 14493 713 11366
6449,14299 10904 571 10042 14926 15009 3956 14910 1456 8106
6450,13430 14707 14714 13431 14471 14483 944 10906 14704 14705
6451,3437 10746 13957 6279 6281 6291 6272 6283 6292 6277
6452,14555 13587 14081 14553 91 15184 9054 15288 14850 14852
6453,15132 14142 11167 9544 12383 11366 14417 3055 14470 13831
6454,12991 15133 13999 8635 14975 12989 9102 3795 12990 8582
6455,5783 10255 5782 1845 5781 2287 1253 14064 6228 6623
6456,15134 15064 92 8587 14826 15060 8999 53 11366 3055
6457,14826 53 15134 8587 14827 8999 13587 14825 8873 14578
6458,14886 1518 13220 12134 14470 11366 1311 14674 13696 12351
6459,14930 5545 2498 6902 13937 1385 15244 12513 110 14427
6460,3171 1785 8108 2669 13409 14196 5430 3166 987 14195
6461,15135 15138 15137 15136 15140 15139 15117 15116 2626 10287
6462,15142 15143 15140 15139 15141 2626 14855 12469 10287 10481
6463,6785 3859 11366 9826 12566 14219 12564 12264 2731 10870
6464,7249 6415 10277 7783 2958 10279 8713 11033 12269 11366
6465,14847 15144 11619 15145 4066 10048 14541 2919 1594 13605
6466,12756 11319 11318 13568 3080 15126 11787 2887 11366 12737
6467,6780 8057 15101 6776 13366 11366 6777 6775 6778 11731
6468,78 14824 93 14554 14868 80 94 14553 14558 67
6469,15146 14931 9511 7845 11366 14687 15244 3055 10835 6202
6470,15147 739 3790 3600 7301 1490 2206 11366 1880 3055
6471,13033 3160 14427 3021 6116 14279 14275 1425 11053 8820
6472,4133 4605 8164 9751 7554 10067 8477 5689 9625 7015
6473,15148 8999 11366 3055 10715 7121 11184 14163 1368 14166
6474,1883 7909 12617 11366 13754 9026 12310 3580 9025 12724
6475,3019 3240 108 3018 12995 3243 11405 9480 5307 7115
6476,15149 11366 3055 10715 8999 611 4426 53 2820 13885
6477,1532 6378 8860 7993 11112 13329 5365 2614 13234 8904
6478,15150 3828 11366 3055 10715 8999 611 3830 4426 3824
6479,10910 11669 12191 11748 11904 9741 11215 1836 11366 5397
6480,13416 6784 6502 1126 7855 4947 7261 13418 10769 11686
6481,2189 14128 9341 10653 8462 14344 13580 13579 13581 1105
6482,15119 15059 8130 7002 15051 11366 15168 3055 13930 10715
6483,15152 2614 5998 11366 3055 2742 2820 3465 10715 1532
6484,15027 12935 12934 14750 12227 14736 9289 11385 6276 14791
6485,11210 14234 14467 10874 10873 7759 13914 12648 6796 10696
6486,14616 8057 8409 10701 13682 11366 13132 13262 9410 8997
6487,14413 10080 4909 2567 6788 14684 13484 12978 14412 13877
6488,15153 1532 6866 7237 9784 13855 11366 2614 4514 2820
6489,13916 12618 13067 9574 13064 10959 9348 8899 12619 12614
6490,15021 11080 664 14699 8798 1620 1436 12202 6015 15022
6491,4199 4437 15057 4473 4208 4245 4494 4978 9527 4237
6492,4966 13184 4955 11366 626 5896 4958 14452 13535 4631
6493,8038 11424 859 8008 8010 8015 8017 8011 15099 1516
6494,12748 7937 14153 12717 11219 11366 15120 11041 11529 11218
6495,15101 13685 6567 15261 11785 3246 11996 9691 13290 13938
6496,8419 5281 11148 6872 8195 2643 9774 4288 8479 299
6497,13065 3573 5221 3567 3565 10242 7560 9372 2797 7558
6498,9307 7014 15106 11273 15155 13557 13101 9406 15156 3486
6499,14218 11350 10999 11028 11923 10998 10952 10997 11987 11000
6500,9779 2709 14713 5552 11462 7392 4816 13516 15057 13390
6501,13484 13399 12585 8302 13877 14412 12678 4909 982 2801
6502,11042 14775 10976 8087 3896 13402 11040 5409 8585 11366
6503,11934 9065 1238 5084 10471 1567 458 8453 2767 6381
6504,4240 3037 8530 3925 7463 429 6474 4147 11015 2241
6505,11462 11461 9071 440 10039 1992 438 9779 1989 8753
6506,12066 9348 11544 14798 13916 12183 8624 11211 11366 11543
6507,9803 6783 6781 13887 1665 14340 9809 14732 14219 13617
6508,9319 2021 3186 5012 5042 6636 4736 9306 9209 11366
6509,323 1028 11366 11328 1217 1206 1241 828 800 2133
6510,3662 8591 10382 10672 10383 3933 6532 11366 8306 5722
6511,3055 7116 8369 11184 108 7125 8370 7132 13953 3056
6512,1047 2168 6317 5618 11366 1901 1057 2943 1025 5283
6513,593 4295 1583 4321 597 4322 11366 589 4325 3729
6514,12928 12927 14732 11475 6513 5246 13962 10714 14340 5716
6515,1558 9324 9323 12526 14230 10373 12220 13171 14228 13175
6516,13286 10821 12159 11366 577 11405 3055 14685 14959 4135
6517,8526 3040 10898 9287 11366 9288 1549 13734 2670 1133
6518,4219 1201 4212 4248 4221 4209 4184 4241 3712 4240
6519,10917 9015 5331 10916 9374 11366 10918 3055 13900 13040
6520,11721 12211 12655 9969 7058 11722 13621 11889 8161 4597
6521,6275 11813 6292 6272 6291 6283 1870 6278 6285 6287
6522,14985 13954 5253 11254 6716 9424 3005 11630 11310 3152
6523,15162 15161 568 4306 1799 10257 723 274 7952 7096
6524,7844 13051 11945 49 14025 10086 10407 7842 7843 11367
6525,3005 2010 2011 13954 12624 9407 5253 13681 5732 4398
6526,9303 3083 6360 13590 10072 9751 2890 8166 4135 3442
6527,56 82 38 11113 296 7184 10664 2584 13571 4973
6528,14493 14718 12875 9306 9319 2206 8873 14036 1670 12689
6529,1187 6103 15128 10527 1189 247 8717 1210 4230 11366
6530,1636 5222 2480 14451 3274 14780 12171 637 2793 2485
6531,11883 15163 53 11911 14578 11884 11366 12025 7678 10502
6532,3464 1166 14712 2820 1326 11052 11366 2815 3463 14799
6533,3808 8554 11257 9479 12057 12058 3806 8555 10859 3804
6534,1874 1554 12470 7643 12129 14588 13139 11526 13887 11366
6535,15105 1473 13108 1472 15164 1471 13438 23 15159 7857
6536,14274 12620 12714 4346 11366 3055 10715 8999 611 15088
6537,14956 12064 9961 13647 12385 14013 12333 13673 12741 14169
6538,1367 2804 1496 4653 7132 13952 13022 9117 7128 2554
6539,8695 115 82 1901 1538 15128 8694 11366 12546 4572
6540,3395 1613 10636 6472 8948 3394 1486 3399 3392 1652
6541,8975 2773 1233 8875 6635 10301 10305 1456 8654 3701
6542,1796 6576 11824 12418 6789 11366 4761 7041 10512 10511
6543,12497 11405 14136 3725 12017 8473 11366 3396 1444 3055
6544,4695 2306 5581 4462 3574 149 6833 12154 5055 12157
6545,15051 8130 15119 15168 5376 8023 13047 11366 5259 8135
6546,11124 9522 14361 11125 14448 9116 14240 12103 11366 630
6547,2741 6120 12198 11366 6124 6121 2742 8827 12425 6122
6548,15046 12600 10247 9143 9241 7205 11291 233 12598 12596
6549,14377 9348 2788 1541 14392 11366 8274 7746 13975 14783
6550,618 385 2313 612 3144 11366 2120 211 6357 611
6551,7687 14628 8440 706 3245 2597 7684 11366 10057 10058
6552,13160 15165 14164 11197 15166 14658 14371 6280 12179 2833
6553,11128 14791 14795 10036 14796 14231 7309 9101 13703 9358
6554,3896 14770 4594 9558 6795 13819 3907 9559 4641 11366
6555,12366 14659 12365 5565 1 13072 11366 10967 14024 14034
6556,14798 13306 13361 1637 15167 11944 14451 11544 1636 11093
6557,5331 3482 5332 11207 11197 10917 11366 8812 11199 11204
6558,11844 13936 12093 14453 12274 1128 5 12182 11243 5706
6559,12999 14076 7909 14783 12091 13001 11688 12184 12998 9576
6560,10872 8295 14683 10542 14516 10874 12616 10873 11366 14412
6561,8420 13256 6796 8414 14022 1883 1544 8412 8425 6567
6562,2010 2011 11850 9814 14681 13684 11366 13954 3005 6110
6563,8663 12182 12274 8634 8757 14788 13383 12993 11366 13996
6564,13382 11199 9034 12645 14468 11427 14370 4566 14467 11366
6565,10456 2015 10455 10457 11366 12748 14771 10012 10721 3775
6566,5557 13817 11165 13944 13814 14624 13818 12967 9772 14622
6567,9350 2787 4594 6795 9358 12179 9342 2793 2801 2796
6568,12998 13399 14789 10456 13527 12999 11688 12184 9102 13001
6569,11143 5351 10506 11657 7406 8385 4101 11141 11366 11142
6570,13520 7699 8421 3801 5784 7226 13521 7700 11366 281
6571,15168 15059 15051 5376 11366 15119 3055 13930 10715 699
6572,3054 3056 3057 3059 3058 15001 3053 3052 15062 15061
6573,4671 7384 14720 8575 14719 13947 4672 7967 14721 6622
6574,11120 13590 12147 11776 12866 5673 12756 12585 13483 8302
6575,9192 11352 6363 11532 1320 1779 4060 1778 6362 4606
6576,2945 11837 3723 3128 3123 1328 2948 11366 3125 0
6577,14892 8596 8491 13054 13485 14149 15165 12582 3073 13002
6578,15029 771 11838 5517 14825 11366 14668 15028 10383 15205
6579,11373 8793 6603 11375 11374 11378 174 11377 7769 11376
6580,5535 1140 4035 10913 5532 5530 1148 1135 1141 5534
6581,1532 14262 11470 13613 14892 4840 11112 13329 2614 13234
6582,3015 5732 11383 7696 871 176 9304 9298 1587 9301
6583,611 12204 2193 7865 14056 3501 8460 3251 8397 5601
6584,14635 4956 8737 7359 5481 4955 4958 8733 11366 7082
6585,4426 15045 15002 15118 10536 15263 12054 4433 13016 4435
6586,9834 6084 8260 9833 9839 9222 8935 9837 9006 5800
6587,15031 12783 11868 14408 12150 3141 10657 8595 10160 12503
6588,10931 3455 5987 7922 3984 10930 328 779 4568 1521
6589,2875 2881 4139 5447 2869 12731 2883 10199 4598 12728
6590,2310 14669 8479 2311 2315 9995 1910 12602 3968 2303
6591,7040 7311 7041 7036 8659 6894 8449 11918 2409 5725
6592,14384 14383 12081 6228 11366 3055 692 10715 8999 611
6593,15086 14214 8020 15169 13050 8525 14209 14213 13736 14211
6594,2442 4590 7654 4589 9879 967 966 12761 12760 3324
6595,6650 2180 10599 10526 7861 11973 11602 7409 2251 7709
6596,12533 6964 1685 12531 12532 8742 4353 1568 9390 579
6597,12065 14891 12312 10082 13 8272 11384 12 8096 15
6598,8869 2614 7224 13320 6414 13855 13321 11366 192 15097
6599,15171 4752 15100 4126 11366 4955 4751 4958 14556 11054
6600,12850 13885 11366 5267 14538 553 12849 14537 14506 14429
6601,13214 13215 1840 13213 13217 10561 13216 14147 6617 11366
6602,8409 2705 6160 8414 12586 7103 7951 6161 6167 11034
6603,4616 12608 14269 10091 6739 8849 4612 11102 8541 7785
6604,9406 14762 14764 14546 3486 15156 9307 14763 7014 15155
6605,14887 14688 12574 7177 11366 257 12134 3055 10715 12850
6606,14887 14688 7177 12574 257 11366 12134 3055 10715 12850
6607,633 5917 10125 9325 9326 3775 12265 9327 4083 2275
6608,11130 14718 15000 9135 5225 1463 3405 3403 8777 7398
6609,13057 15172 562 8238 10558 5604 14967 5499 14502 8614
6610,12850 13885 11366 5497 1061 5267 12652 11396 3055 14538
6611,78 8999 93 80 14553 94 14166 14554 14868 13912
6612,14671 6935 13761 12254 14505 12164 7470 11575 5788 8414
6613,5888 3939 11300 8769 2468 7323 7840 9844 1657 4926
6614,4956 14986 4955 4958 14635 4963 4960 225 7082 4967
6615,7841 14996 4557 7849 7235 6584 7842 5283 4727 3755
6616,6902 6894 7717 7805 9051 4847 4261 8960 11366 11918
6617,15009 14910 14388 14926 2595 14299 8421 8407 11366 10690
6618,8456 15173 12206 14209 14561 14276 14596 14286 14285 14595
6619,10169 9789 9588 10177 15192 10172 12062 8313 5180 11366
6620,5764 5766 3401 5765 5762 3578 9690 11366 3719 9691
6621,15174 11366 3055 10715 8999 611 4426 53 2820 13885
6622,1709 7015 7014 1720 11366 11056 1711 1718 5537 1717
6623,12850 13885 11366 14887 7177 5267 14538 553 14429 14938
6624,3465 1532 8904 12825 14812 14811 15032 2614 2820 11121
6625,14539 8950 14694 173 14693 9486 7280 9244 7244 478
6626,9265 126 14140 1796 11758 1397 12320 1452 3315 9269
6627,12144 3134 9061 1732 8971 12143 12145 1749 12146 12147
6628,14353 4447 11219 7242 11366 7571 8316 4448 7401 3055
6629,4630 6951 5108 4632 5103 5102 5101 4434 4628 4633
6630,1390 4503 822 3932 1389 3439 4521 3912 12361 1900
6631,5938 7847 14704 12321 995 5930 5924 5936 11366 5926
6632,10552 2332 5760 12974 6834 9425 5938 9221 4832 3023
6633,7847 5938 12321 13181 11366 14704 7842 7849 6584 13083
6634,11366 13885 14486 12850 5267 5266 692 14481 14913 14131
6635,15175 5938 11366 14496 14146 14361 14485 14481 7847 3055
6636,5938 7847 12321 5936 995 5930 5924 11366 14704 5925
6637,14496 9026 11366 1883 15175 6196 14491 3055 10715 5267
6638,11366 13885 13079 14486 12850 5267 5266 692 14481 14913
6639,15175 14496 11366 14146 14361 14485 14481 3055 5938 9026
6640,11366 13885 14486 14477 12850 5267 5266 692 14481 14913
6641,15175 14496 11366 14146 14361 14485 14481 3055 5938 9026
6642,14496 14491 11366 9026 5267 15175 6196 14486 3055 13885
6643,11366 14486 13885 12850 5266 5267 14481 14913 692 14496
6644,15175 14361 14146 14496 11366 14485 14481 5938 14486 9522
6645,994 11366 6271 876 211 15092 1673 7670 13885 1425
6646,15175 14496 14361 14146 11366 14485 14481 5938 3055 14486
6647,14480 13885 11366 12850 8031 14486 3055 10715 14131 14488
6648,15176 6077 14481 11366 6072 6076 3055 11144 6071 6073
6649,12850 13885 11366 14486 5266 5267 553 14538 5268 14506
6650,5267 11366 13885 12850 14479 14506 14491 14130 5266 14486
6651,11366 14532 13885 14486 12850 5267 5266 692 14481 14913
6652,11366 13885 14486 5267 12850 5266 692 14491 14481 14913
6653,5267 10210 11366 8427 14506 14479 14491 13885 12850 14130
6654,11366 13885 14486 12850 5267 5266 692 14481 14913 14131
6655,11366 13885 14486 12850 5267 5266 692 14481 14913 1181
6656,11366 13885 14486 692 12850 5267 5266 10552 2332 14481
6657,12528 3334 14838 14913 14486 11366 3324 3281 123 3349
6658,11366 13885 14486 14481 12850 5267 5266 692 14913 14499
6659,14508 15177 12338 14860 7937 11366 3055 10715 8999 611
6660,15178 15144 11366 3055 10715 8999 10048 4066 15145 14847
6661,6834 10552 2332 13583 13582 1105 13581 13579 13580 5004
6662,13957 15179 5651 6281 11635 15022 14046 2096 15021 10746
6663,4126 5163 5170 5462 11366 1458 15171 10622 8011 4129
6664,14055 11260 4016 7854 12670 13722 3193 8870 11366 14298
6665,11366 13885 14486 12850 5267 5266 692 14481 14913 14131
6666,11366 13885 14486 12850 5267 5266 692 14481 14913 14131
6667,11366 15175 14481 14486 13885 14496 5266 12850 5267 14485
6668,11366 15175 13885 14485 14486 14481 14496 12850 5267 5266
6669,11366 14486 13885 12785 5266 6903 14481 12850 7716 5267
6670,11366 13885 14486 12850 5267 5266 692 14481 14913 14131
6671,11366 14485 13885 14486 6834 5266 12850 5267 692 3055
6672,11366 5266 14897 202 3965 10434 3126 5170 13885 14486
6673,11366 13885 14486 12850 5267 5266 692 14481 14913 14131
6674,11366 13885 14486 12850 5267 5266 692 14481 14913 11050
6675,692 11366 8250 13885 14136 693 14486 3055 14208 13838
6676,11366 13885 14486 12850 5267 5266 692 14481 14913 14131
6677,11366 13885 14486 12850 5267 5266 692 14481 14913 14131
6678,14491 5266 11366 14486 692 14479 5267 13885 14496 3055
6679,11366 13885 14486 12850 5267 5266 692 14481 14913 6467
6680,11366 13885 14486 12850 5267 5266 692 14481 14913 14131
6681,14486 11366 14481 12528 14499 13885 5266 14491 14913 3334
6682,11366 13885 14486 12850 5267 5266 692 14481 14913 14131
6683,14486 11366 12850 13885 14480 14499 12528 5266 14481 14491
6684,11059 2154 7115 11058 3019 11366 2125 10651 15244 14553
6685,12429 10135 8882 4345 10440 1902 11366 2292 9330 9681
6686,10658 8891 7233 11842 11840 591 3944 6880 10653 7197
6687,693 11405 6725 11403 14366 11366 14136 9704 692 11402
6688,11237 13640 279 14959 11236 6345 6267 7547 11238 11064
6689,3798 9116 11124 2436 11125 9105 14437 2434 2430 11366
6690,8221 14835 11700 10835 6650 7328 6202 8220 2180 11366
6691,14564 15180 14565 11366 7898 7865 11994 8992 13511 6881
6692,14042 2089 14233 11366 2090 2091 2092 12613 3055 2094
6693,13207 14193 8564 2914 11366 9837 14153 13266 14006 1092
6694,14555 14081 14553 14852 14850 15288 15184 9054 14449 14166
6695,14721 14555 14720 14740 14081 9718 14719 9938 13947 15034
6696,13752 3793 14941 13313 9321 9037 525 13081 3733 7160
6697,4191 15181 13588 13044 13545 13541 14896 4248 11366 14162
6698,4191 14162 14896 15181 13545 13044 4248 13541 14933 11366
6699,14166 14081 14930 14553 15244 15184 110 14427 14555 91
6700,14706 14705 14707 10906 944 8428 14704 14942 7545 9115
6701,2391 9055 12651 2386 2383 2382 2381 2387 2384 2385
6702,9197 11734 8012 14001 9210 9947 6533 9208 3474 9196
6703,8666 15182 2598 3548 11366 522 2250 6438 2245 13208
6704,776 11973 833 9014 800 829 8390 828 763 11366
6705,14141 14716 15281 4591 14140 11366 12545 2074 13919 1701
6706,2918 10210 10042 2917 12960 11366 6835 6839 2931 2919
6707,14227 4474 11654 13460 12881 11366 9213 5708 10337 10625
6708,22 13836 2598 14 11 15 12 9006 24 9012
6709,14741 14925 2637 11366 3055 5522 7188 6152 5635 11919
6710,13912 7124 8377 15228 3176 11444 7431 3177 1589 10958
6711,14821 14592 14822 11731 10115 10834 10833 15252 1605 11366
6712,1855 6544 8444 11366 6732 6731 1853 11162 1841 1842
6713,14970 9578 8143 13018 14329 9430 11366 10484 8408 12639
6714,9055 8413 14088 8762 3611 14865 13587 2949 12651 14306
6715,14555 14081 15184 11820 14553 14620 14166 3373 91 14550
6716,9613 138 11485 10636 6472 5412 6429 1652 1486 11366
6717,5381 611 8335 1889 8930 8929 8927 8881 8920 8916
6718,3548 8666 6815 949 6816 3163 656 11366 6814 15182
6719,14163 4426 14866 14868 14865 14867 8999 14612 12427 11366
6720,11400 5788 14834 14833 5709 14436 11397 6497 11398 8235
6721,8323 1885 5572 4701 8324 11366 7349 11968 11967 5759
6722,15185 14953 9030 5990 10985 12819 5993 15159 1870 2111
6723,12875 14827 14493 14825 12874 12876 15028 8873 10383 3684
6724,14527 14132 13697 5016 14723 1181 7715 14754 3861 14528
6725,8575 6780 6520 10810 9803 14429 6886 13419 6476 11366
6726,14095 14522 15026 12973 14013 4731 11856 11249 11366 10050
6727,6509 614 610 6480 6492 641 959 6481 907 604
6728,11554 13924 12659 13673 11555 14323 7022 11557 1624 11559
6729,692 11405 14136 11402 693 14208 11403 11366 8250 11400
6730,13943 13892 14960 14563 12324 13941 13794 7740 2730 6393
6731,15186 9239 11358 6761 8016 11359 4971 13265 11357 1124
6732,14208 11402 13182 11405 14136 6608 11366 11403 692 14889
6733,15070 9239 8016 14958 13627 14652 11366 11358 6761 15186
6734,14502 12254 6614 12164 13057 562 15172 8238 14503 11366
6735,9430 14970 13018 14329 8408 10484 14854 6003 11366 14381
6736,15187 14652 3893 14465 8897 6717 6718 6984 10787 5681
6737,9228 4964 5895 5896 645 7745 7744 4073 7012 10954
6738,8132 8133 8007 8130 8121 8117 3951 8129 8124 8135
6739,14213 15188 14209 8127 4450 8459 15169 15086 14214 8123
6740,15186 13690 13265 9239 11366 8016 11358 6761 13686 14012
6741,13694 14008 5352 3763 13695 3961 6886 6235 11366 5613
6742,14209 11962 14596 7256 14595 11366 14213 11961 14458 15188
6743,1380 6761 6189 6622 1379 2108 9239 11358 9292 11359
6744,1379 1380 1376 1375 9292 13207 1378 11366 9239 11359
6745,7256 13208 7136 7258 14366 8666 7257 11366 5710 14838
6746,3019 12995 3018 3243 108 3240 5307 9480 7115 10651
6747,8145 14959 10821 8414 10165 9963 11366 12474 10233 8425
6748,13350 14563 13943 10280 14756 1054 11366 2722 11972 583
6749,6621 6622 6619 5486 6617 6609 6612 6611 6607 6604
6750,14213 15188 8020 6991 14209 2651 15169 14214 15086 13050
6751,14517 10906 8134 7984 12901 13949 3771 3895 14707 8135
6752,5788 8145 12474 6497 8235 11366 6495 4170 8412 13180
6753,7497 5897 3886 10786 2149 7494 2829 8441 11366 7314
6754,14579 15189 11632 14503 14615 11366 13991 11959 7223 13513
6755,14667 14143 14666 10011 13077 8133 7276 394 11366 8210
6756,1846 14528 11786 7664 6171 1111 7401 7663 5715 1853
6757,13602 6952 15172 9842 15100 14644 13739 14642 14643 11026
6758,6516 8914 8919 8930 8924 8920 8927 8929 8881 8916
6759,7253 6887 7401 11940 7222 11366 5899 11637 10703 11421
6760,7528 11796 15189 1845 6494 7525 14039 13175 12282 11421
6761,13388 14841 3063 14839 14686 11126 14840 14990 4153 653
6762,15190 14907 15068 15249 15066 103 2325 15250 14597 13173
6763,8999 7121 11184 1368 14670 14166 13912 7325 7116 14163
6764,14035 8617 14788 13383 14784 7443 13780 13720 8594 12601
6765,924 14660 259 958 965 927 9777 9778 933 969
6766,12850 14711 13885 11366 1627 5267 3055 14538 553 5268
6767,14229 14883 1694 12526 14230 13171 13175 13793 14228 4672
6768,10701 5717 13179 12156 15120 10704 3887 11366 7710 10228
6769,1500 9989 14704 9242 10380 15287 11965 11366 11863 8189
6770,12850 13885 14538 11366 14938 553 5267 366 14222 13262
6771,14886 14470 14674 7719 13220 1518 14417 9129 6401 1311
6772,5972 15191 14509 5974 6045 9497 4764 11366 4383 7003
6773,857 871 1901 14143 7141 11366 8403 3055 868 1900
6774,12850 13885 11366 5267 14538 553 12849 14537 14506 14429
6775,10169 15192 10177 10172 12062 8313 12060 8574 14729 12064
6776,14329 13132 14970 14854 11286 13018 6270 10484 11366 9430
6777,14538 14938 14973 14264 14415 12850 13262 553 14223 13623
6778,15193 11287 8428 11366 3055 14705 14944 14942 13521 14068
6779,8397 7643 1127 6488 7888 11366 7649 9365 7544 13536
6780,92 15134 15064 80 94 8999 76 57 60 50
6781,14618 14619 14547 7572 14866 93 14550 12421 1702 1409
6782,9486 11932 10668 12483 7229 5023 14694 14693 14539 9484
6783,12850 13885 14538 11366 14938 553 5267 3055 14222 366
6784,14320 10215 14306 11366 14869 3055 10745 7176 14826 9052
6785,5107 5103 5108 5102 5101 11668 5106 14952 5105 5113
6786,8374 8141 342 2804 8373 14638 11366 5407 13394 13393
6787,14620 7230 10893 14621 15184 6016 3956 12580 11213 11484
6788,11026 13602 4336 14565 11027 11025 1904 8168 7881 1576
6789,58 14604 14605 80 94 13411 15068 14980 15249 11126
6790,740 106 14979 7865 7898 8992 6881 1351 15074 14564
6791,8999 7121 11184 1368 14670 14166 14320 13912 7116 7325
6792,149 5541 6881 7898 5971 10215 10921 11366 10541 166
6793,3617 3616 3912 15054 11366 12558 8868 11997 5931 12562
6794,14974 1904 14975 11366 10608 4336 1697 8428 11027 11025
6795,9300 14904 9298 1587 9301 9304 9056 11366 9302 14804
6796,15173 14286 14285 12206 14561 8456 14276 14209 11366 12440
6797,8459 8123 8121 15188 8475 8470 8466 8127 1697 8465
6798,13896 13897 1858 15195 13894 14285 11366 2134 692 2013
6799,11311 4379 15194 11314 11309 2803 11307 11308 11312 10038
6800,1858 15195 13897 13896 12206 1859 7546 12734 14306 11366
6801,15195 1858 13897 13896 13894 12206 11366 1859 7546 12734
6802,91 12711 7122 14612 12054 15184 80 94 2083 14865
6803,13897 13896 1858 15195 13894 11366 3055 10715 692 14285
6804,692 15196 14637 11366 8250 14136 693 14208 13838 6608
6805,13896 13897 2134 1858 2013 11366 15195 13894 14285 3055
6806,2424 9698 2419 2410 2429 2433 2423 10110 4803 2413
6807,14561 12206 15173 5683 8456 14276 11366 14209 3055 692
6808,8456 8054 11307 714 12206 15173 8455 6357 14561 5988
6809,12841 14074 13813 8845 13997 2018 6419 14077 14075 11366
6810,15134 15060 92 15064 8587 14826 11366 8999 53 3055
6811,2108 6622 14206 5486 6620 4173 4168 11366 6612 6609
6812,6622 7002 13892 11366 13137 6189 1664 2979 13456 14911
6813,15077 6971 7240 9573 14781 11366 8241 6979 3055 4258
6814,13653 15197 11781 11105 14365 11366 5923 11177 13652 3055
6815,11711 7936 1222 7405 7174 9976 11366 10167 304 10508
6816,11473 13699 9359 5096 10662 113 10820 8853 9360 7780
6817,5110 9220 9462 5103 9461 5101 5102 5108 12008 4722
6818,5325 773 10414 11366 1855 14665 14773 6892 6909 5001
6819,14143 14911 7002 857 14667 11366 10011 7141 3055 10715
6820,14143 7002 14911 857 14667 10011 7141 11366 13137 15121
6821,12837 7141 14466 4591 12838 1631 3883 11737 14168 14465
6822,7271 10765 6222 12083 1458 5144 3730 5681 7867 10588
6823,12547 4541 630 1332 6220 7457 12688 13808 3521 13913
6824,10028 15198 5158 9401 10030 7963 10033 4802 10029 4277
6825,9547 9548 9666 9549 4598 9551 9553 9550 1141 12912
6826,7229 15199 10865 9486 14694 11366 11932 14539 14693 6610
6827,7457 12059 8299 8064 8062 11366 8066 4541 8061 2674
6828,14276 14790 15108 7336 13810 14777 7444 13257 11053 14279
6829,58 14604 14605 80 94 13411 15068 14980 15249 11126
6830,771 100 15215 15211 14849 11060 15212 15214 833 15213
6831,14493 8272 12689 9306 12875 14718 11366 9319 2206 12031
6832,14564 14565 10200 13511 15180 11994 5019 4756 11366 7865
6833,15202 11054 2596 15164 7623 13105 12568 2593 2594 2592
6834,3771 2678 14693 14393 2708 8015 5055 8008 12086 14684
6835,7678 9999 10986 9830 9331 7670 5788 5582 7201 6271
6836,8407 10495 9986 8414 1102 4011 8309 9579 10493 10492
6837,14004 14441 3801 14908 14909 13606 11366 13521 4430 14961
6838,15203 11366 3055 10715 8999 611 4426 53 2820 13885
6839,15003 3061 3062 9818 14993 9819 9821 14840 3060 14991
6840,9052 14869 3890 14929 6848 14221 3611 14220 14930 13134
6841,14596 14209 14595 13680 11366 14213 15188 14458 3055 12206
6842,14209 14596 14595 13680 14213 14458 15188 11366 14214 15086
6843,14596 14595 14209 13680 11366 3055 14213 10715 15188 14458
6844,11549 15068 15249 15066 13173 14597 2325 13174 15190 15250
6845,14840 3061 3062 14993 14988 14992 14990 14991 14989 3060
6846,471 14524 14586 11740 497 14216 11366 9565 470 498
6847,611 10893 11483 6016 11484 12051 14621 8303 9781 3213
6848,15204 7313 15007 11366 3055 10715 7308 7307 7312 8999
6849,11140 5376 11758 11147 12945 11366 1284 9893 11960 9966
6850,1500 9319 15154 15205 11863 9306 8479 15287 11965 9989
6851,3744 9489 9494 9492 1027 9493 7921 6426 8714 8616
6852,10603 6140 11190 10356 12277 5222 9021 13512 13883 14514
6853,1160 650 3288 11366 4886 1161 2334 1159 11151 4895
6854,6050 6051 853 7907 7905 1963 11366 5002 5073 5072
6855,6339 14363 10554 13603 5362 6337 6344 6338 6340 6341
6856,15207 15206 7428 5527 11366 9169 10296 10309 8975 3055
6857,7907 7152 12543 3538 7697 7905 6051 5002 3545 4052
6858,15209 15208 2443 14763 15155 12760 4991 4086 8269 12632
6859,235 234 1619 1618 1617 1622 11087 1456 1620 15254
6860,9117 10404 12050 2156 10397 3653 184 3988 2030 1505
6861,15210 8806 12883 14328 14877 13441 10733 14183 13635 14662
6862,12584 10524 13410 6714 13455 3400 3974 8817 1106 1747
6863,12784 15088 12620 11865 11271 12689 14274 11366 3257 5438
6864,3132 661 10905 1917 9526 7786 7792 7797 7793 7794
6865,9991 4335 7243 3976 4186 10470 666 2182 5960 5025
6866,11357 5244 8025 12207 11772 5243 11358 1124 4971 10535
6867,9458 9294 1987 3919 9987 9983 9335 9979 9986 9980
6868,14967 14443 5683 5898 782 773 970 764 13057 8238
6869,113 15215 15211 15213 15212 11060 15214 11184 11058 7116
6870,3893 6719 6718 6717 15187 8897 8517 14652 6725 10787
6871,14810 15216 12797 11366 12799 12798 12796 12795 12794 13342
6872,2876 1001 4416 3843 11366 15041 5662 3844 11797 11801
6873,9193 2999 6462 1012 11989 4420 3667 11366 10097 7656
6874,1355 14283 3001 6431 11347 4661 1354 1357 1356 1829
6875,5749 7965 10537 3407 6762 9933 5838 3458 8061 10759
6876,11044 6637 4985 6675 12192 11047 9249 12175 1586 12174
6877,3800 973 12512 940 9532 6966 3806 10483 10559 14529
6878,4818 10275 2809 13582 13581 13580 1105 13583 13579 11037
6879,12261 15049 12146 4402 6067 11102 1723 1711 1151 2875
6880,13130 277 11856 10022 5613 888 1507 2552 1497 10289
6881,1145 1136 3842 1146 9537 11351 10751 1144 4596 9536
6882,7123 7159 13952 7127 2125 108 7125 7117 3022 9117
6883,506 1943 895 1197 10478 5573 1572 13454 5539 6024
6884,101 3219 15066 14898 15067 15013 15270 15249 14690 15068
6885,15170 15218 15219 15217 15220 15169 9418 11252 11251 13736
6886,8253 6550 10192 12795 9889 12561 12798 12796 12799 12794
6887,13711 13482 14359 1532 9784 11111 8808 11366 14657 8869
6888,10085 10695 14770 10694 11366 13114 5554 8275 4718 10976
6889,15220 15217 11001 15170 15219 15218 12629 15169 9418 1317
6890,6770 6771 12212 6501 8005 10581 10580 8006 4309 701
6891,15222 8697 5540 3148 11272 8694 9605 5548 12244 646
6892,11868 4889 7048 4716 1983 7011 9345 11364 4293 4893
6893,14752 14352 11366 12439 10560 13642 7264 13643 12522 13741
6894,7398 9715 9265 1759 2798 4085 8351 15000 1819 11366
6895,10500 3347 10502 10501 9931 3273 3903 5478 2285 9970
6896,15224 15223 14408 5192 2614 15210 4038 12534 4329 15031
6897,7646 547 2063 11713 12995 9930 5775 9013 1035 10013
6898,7697 6596 7696 176 8287 6026 1452 2448 12095 7419
6899,10441 13392 2439 10007 5384 5703 9218 1211 12576 8335
6900,4452 1957 15005 11366 7182 640 5328 6002 7181 3055
6901,15225 11366 3055 10715 8999 611 4426 53 2820 13885
6902,15092 12829 6984 5322 994 11366 3055 8897 6271 876
6903,611 10893 9781 11483 12051 11484 6016 14621 8303 3213
6904,9060 8926 1949 13886 9059 10559 14529 10483 8969 1865
6905,1532 13329 1533 11112 11366 8904 13006 11122 2597 13331
6906,14641 12899 2404 4421 8084 12276 11941 12900 10344 8076
6907,1345 11821 4357 5589 11366 10474 8028 2328 3619 2360
6908,13783 13317 3613 3612 5122 6950 14093 9820 11366 3611
6909,14986 15246 14483 14997 8027 4956 8780 12568 258 11366
6910,11804 5013 6956 8765 5025 8878 2937 2778 9529 8744
6911,14889 11384 14205 6622 11366 14208 14882 13693 14884 6355
6912,3055 114 13953 13977 14933 14430 771 14210 3037 9990
6913,2771 2106 7680 770 769 4020 2448 4213 5962 2769
6914,9393 284 5373 613 11221 13535 13404 1119 12948 9394
6915,14898 15226 13414 7159 13952 7127 7123 9117 114 7128
6916,11985 9272 8418 10241 6365 1024 10784 7931 1095 245
6917,13439 13850 13440 11366 3055 10730 10715 8999 611 2959
6918,5579 5578 13820 13066 9576 13821 4925 4252 1690 2953
6919,13408 13972 13036 13407 11295 14520 12555 2429 7867 14521
6920,1859 1860 11806 12375 13992 1863 1858 12145 12374 13789
6921,9505 2763 4221 6854 3196 3104 607 10294 13109 2024
6922,8194 7448 1756 7365 1881 4712 7763 3135 3468 6831
6923,226 5502 6979 3551 1675 4258 6986 6974 4121 11366
6924,815 3441 6961 6963 8070 1638 3196 1460 1443 6442
6925,8260 9222 11815 14928 15227 3754 10666 86 3755 14037
6926,13069 12467 13162 15131 14012 11043 11366 1789 4567 13252
6927,8737 8661 7531 8733 7180 14635 8736 8739 14118 14160
6928,7394 5594 3942 7395 11366 7396 9183 7397 3947 12714
6929,46 2960 11366 69 6762 169 6825 9021 13512 10712
6930,10640 14857 335 7234 8977 11366 10440 13371 3055 14881
6931,15228 8377 8999 3176 3177 13912 3178 3179 14404 53
6932,15043 15042 6015 8494 1536 4088 15021 12559 10883 14608
6933,705 12941 11854 3242 6563 4568 11366 7620 6229 11239
6934,67 10547 3501 131 5791 10293 9929 10341 14553 80
6935,1623 1544 3332 11906 11789 11827 7621 1283 4880 10615
6936,13054 14149 13485 15165 3073 4638 13002 8596 12582 8641
6937,15204 15007 7313 11366 3055 14566 8563 8050 13603 13920
6938,1028 8702 12001 11366 11998 11999 12000 11995 7823 7670
6939,14418 15229 11485 10163 11360 8816 3214 4660 6523 770
6940,1532 13329 14324 1533 8904 11112 11122 9784 13006 2614
6941,10278 3404 14305 1839 9366 10280 15242 9762 10279 11366
6942,15012 9819 14675 1027 7126 3308 13546 1035 9802 14419
6943,7625 7628 5446 9965 6252 7626 5617 7623 8059 7624
6944,14426 13518 5183 14862 14941 13670 14904 13920 14389 12388
6945,15230 5516 13670 7113 2142 14136 739 3021 5515 5183
6946,13371 14857 8597 14881 13037 5109 13372 5371 13373 13370
6947,6910 6870 13161 3112 9953 8573 6894 5035 7418 11366
6948,1320 1319 1779 6362 6363 9192 1321 1778 4060 1780
6949,15232 15231 9697 1942 6297 1898 7466 4462 8204 8206
6950,11611 5696 12519 9137 12684 7650 10757 2840 11366 12685
6951,8964 15005 8838 6722 8570 12182 6371 13037 11994 13612
6952,8713 13314 7249 6284 13144 8710 6415 5570 10731 4840
6953,1463 15227 9222 8260 14928 3755 11442 11460 15056 14037
6954,15234 15233 11366 14163 101 3055 10715 8999 611 4426
6955,15106 13101 15235 15155 15156 13557 9307 11273 9406 11366
6956,7070 7066 7099 7060 7061 7100 10996 10589 556 7074
6957,4891 4901 3236 4913 4813 9499 4905 7877 3377 4887
6958,223 5524 1638 5588 12395 11933 12267 221 213 212
6959,11112 8892 11366 1532 6996 11880 13344 14336 11418 13708
6960,14178 7860 13669 13254 8264 12518 12926 5923 11366 6479
6961,4416 2876 6811 3843 12071 6810 12077 14156 4688 4132
6962,6761 12948 9393 11358 284 9392 11772 1124 12207 13404
6963,3486 9412 13282 9419 9416 9415 9413 9411 9408 9417
6964,7014 7015 7013 9307 9412 4062 11273 3486 14762 11366
6965,9422 13557 9417 9416 9415 9413 9419 9411 9408 3486
6966,7293 14947 13031 8105 9364 1173 13118 8821 8439 7334
6967,11598 12332 7498 13981 1862 6245 4037 1011 12377 8541
6968,10715 14702 52 14100 1351 15274 13436 15273 3865 13827
6969,14339 14338 12632 12628 12627 15208 15209 12630 14445 2443
6970,4314 2712 4304 4306 4311 4308 4312 4309 4305 4310
6971,14772 9769 15167 11199 14773 14665 2805 13020 12274 12182
6972,9308 15156 9302 6356 4311 9304 9298 1587 7147 9301
6973,4710 13170 13456 11547 6480 6492 11546 6481 3995 907
6974,5190 4038 9935 14286 5189 14877 4832 13635 1461 11366
6975,6812 884 11149 6697 11366 5119 10983 5823 5804 9049
6976,9271 9580 3376 8193 9693 2344 12320 258 4821 11030
6977,15053 15054 15052 12763 12943 7655 12944 12946 8263 4581
6978,5004 12105 156 155 153 8348 10373 9320 2794 6834
6979,11646 6891 5301 5302 5316 11482 3594 12420 2554 10503
6980,4046 1802 346 968 451 4295 3910 2012 3153 4043
6981,14762 14546 14764 13212 15156 8296 10911 14763 11571 7014
6982,4743 10996 10993 11348 5846 12915 10987 10855 10989 10990
6983,12440 14080 11366 14285 14286 12133 9242 8693 1262 7915
6984,6889 1373 9903 6899 7758 9915 6888 9899 3461 3459
6985,12784 9296 15088 625 11366 3257 11271 11865 12620 14742
6986,12977 7759 14076 9101 311 10860 11366 5833 12976 12975
6987,2741 2742 12425 11879 8827 1165 2744 2814 12426 13561
6988,4663 4660 11368 11370 4662 11369 11371 4655 4657 4650
6989,2209 11671 11952 8973 3299 8279 804 8276 3922 8282
6990,4688 4687 4132 1779 2372 1320 1321 9192 4138 2375
6991,10736 3187 3373 12190 11160 1021 4886 13794 11366 3204
6992,9130 6407 6406 9520 3363 2348 11366 11084 9132 2048
6993,2232 12782 2508 11366 12713 2212 9310 2207 2223 306
6994,14290 14288 6664 6655 14294 14293 14292 14291 6653 6656
6995,5449 12332 2869 5448 1135 6447 5533 2890 7819 11805
6996,12085 12543 330 10561 14147 11366 12084 13214 6090 12766
6997,1183 5468 6773 1184 9938 6529 5404 11366 9272 9940
6998,7498 4136 8165 4608 6737 1824 10578 7055 10368 11598
6999,507 6987 7369 5035 7338 13083 11366 1582 5505 7737
7000,11647 9182 12775 3822 8493 9185 9132 8177 2243 13365
7001,8164 4605 4133 15238 13665 9852 9751 12643 8162 4287
7002,2758 1737 2527 2248 2774 1373 4366 2768 2779 11366
7003,9192 4060 1779 1778 2371 1322 1777 6364 6363 1320
7004,4606 2371 2375 2881 1779 6361 6362 1778 4060 1322
7005,2380 7449 2375 13878 2379 7064 2372 12607 12609 4612
7006,8399 13139 5778 3457 10472 8670 3171 3170 10619 1684
7007,5689 8541 12332 11598 12377 11799 14464 13277 13981 11366
7008,14661 8970 11608 10452 4340 1386 1243 3773 3701 10303
7009,14314 14215 3824 13040 7545 13961 12980 14146 5714 13771
7010,12309 7714 13121 12867 13122 8576 14056 354 5969 6060
7011,8477 7296 2887 437 5673 12551 11120 10067 12756 14225
7012,2887 9851 6360 12075 5689 4133 15126 11787 8477 13683
7013,1452 167 1450 6025 11366 8941 6596 6030 4826 1569
7014,15162 15161 568 4306 10257 1799 7952 723 4300 274
7015,2963 2130 13129 12436 12434 14870 40 287 618 5141
7016,1880 14717 11366 2549 6875 2542 612 2552 2557 2509
7017,6363 7217 2869 1321 1320 6362 4606 1778 1779 4060
7018,3055 8044 9420 12002 12579 7186 6309 7116 8369 11184
7019,13415 9165 11446 15261 11785 11445 8961 13938 9691 9404
7020,888 12423 5545 6953 214 10022 8257 8936 9711 5546
7021,13842 7725 9768 13564 8030 7656 11908 13841 7230 9996
7022,7215 3443 4692 11351 1136 5845 9537 11366 10750 10626
7023,15226 5460 9426 9519 13952 3055 7159 14898 8999 9117
7024,13590 13568 11776 12756 9303 12147 12866 2890 11366 10072
7025,8146 4774 6192 243 6132 9887 10618 722 6214 3153
7026,7133 5424 6895 6897 2071 5425 12382 11175 1687 11933
7027,3458 5636 11798 7960 11028 9850 4995 8383 664 12202
7028,1006 1353 1008 1000 1012 7217 1010 3688 11366 13060
7029,2754 7696 1836 2932 2758 8047 1798 7510 3556 6053
7030,4913 8349 4891 4901 3237 3236 13273 2484 4887 8350
7031,12114 8709 12123 12126 12125 12124 12122 12120 12119 12111
7032,12106 2496 2516 2652 7727 11069 1291 9908 7731 5097
7033,10142 12011 1106 14120 10143 11904 1103 10144 11366 2101
7034,13926 14331 13575 2824 15096 10410 408 13353 1660 13260
7035,10712 10378 8376 7764 6892 6908 10377 10376 6727 11374
7036,2837 14402 8832 14401 9346 10836 2604 9340 3013 12495
7037,6934 11405 6938 2078 11705 6937 6933 3133 474 14131
7038,3 13927 1 24 12169 13313 7160 0 22 12516
7039,4060 2375 1779 1320 1778 6363 6362 2371 9192 1321
7040,1532 49 11366 11112 13329 2614 2498 13234 8904 9784
7041,14520 13036 2362 7867 14521 13533 5973 12297 13263 7251
7042,2375 9192 1320 1780 2371 1779 4060 6363 1321 1778
7043,5328 4452 15005 5326 640 5327 13002 14149 3568 8094
7044,8999 7121 11184 1368 14670 14166 13912 7325 7116 14163
7045,9921 7758 6899 8972 6888 9899 9903 9916 6889 7372
7046,9054 8999 10483 14555 7124 14166 3178 611 78 3021
7047,3071 8482 12512 3069 8746 12218 3072 4546 6937 1920
7048,11466 2277 7863 2927 10642 6613 7864 9030 9088 12287
7049,13923 8429 7442 14801 10694 5805 12814 13924 10677 11366
7050,5415 1698 15154 11485 14907 15123 11242 7377 2703 10294
7051,4580 13853 8379 8380 8384 8378 4584 8381 4573 4582
7052,12906 12905 12903 11286 9517 12904 7986 11366 5430 3055
7053,436 2936 7411 2001 830 2777 6216 4231 1416 6368
7054,7675 15199 7670 6271 5582 5146 7201 7677 12422 7589
7055,6352 13007 11366 11121 14327 3465 11109 11122 15010 3045
7056,4687 4132 4688 4138 7057 1317 3083 11366 7427 11724
7057,1529 3046 11366 3464 4514 2364 13578 3045 2614 12426
7058,13007 3465 14712 1166 3464 11122 2820 15010 15035 2815
7059,14084 6000 6001 2820 13661 14332 13327 11366 13452 13628
7060,6352 3465 11122 9791 404 11121 1532 2820 2614 1166
7061,1529 11121 11366 2364 4514 8904 13578 3465 2614 14799
7062,1529 12426 2364 14599 13186 13717 13188 2820 13324 13187
7063,3465 1529 1532 1166 405 2820 2614 2742 404 11121
7064,5187 2528 2518 11644 10140 2234 9282 9914 2514 11645
7065,11323 9816 206 2702 11088 2696 1438 1424 696 10202
7066,6231 11871 11397 6229 6230 4753 13176 6232 6234 6233
7067,15240 7272 9440 12781 3802 2714 10065 3029 9552 9680
7068,13998 14137 13905 4670 11366 7742 5782 3815 3055 14497
7069,11369 13022 2804 11371 4662 4655 4657 11370 11366 11368
7070,5586 3478 5591 4250 6469 8286 4223 2228 1683 8179
7071,5348 4634 10526 13976 297 5818 13413 2802 10123 5308
7072,15241 8023 8015 8008 8017 8011 8010 7202 8013 8034
7073,1545 4712 11162 459 9689 2018 8845 6370 207 11366
7074,189 3528 2318 3531 5424 5858 8449 3035 6440 8446
7075,2441 9880 12763 2443 12761 12944 12762 11366 15042 938
7076,727 584 11326 11334 11329 8991 11173 11335 11331 6234
7077,4207 7925 13724 6045 11740 4248 4764 11366 4203 3514
7078,6955 4919 10006 5835 11364 11699 6302 7918 6688 1288
7079,10278 15242 7071 13125 3393 10056 14305 9366 9762 10279
7080,9353 9352 4812 9347 7780 15243 4814 9096 3884 7298
7081,5292 4974 1191 6767 9072 6402 3222 5289 9447 5291
7082,8376 3485 13909 2204 14702 14607 3900 14510 14703 5351
7083,1784 10104 7662 13840 1782 2436 11650 5259 12538 1781
7084,8651 5282 740 1493 12017 1488 3696 14792 9298 1587
7085,4399 3486 13282 14884 4390 5992 14429 14882 6355 13693
7086,10584 716 13597 12252 5640 12247 12249 10335 9448 12248
7087,1973 769 1959 12724 3580 13754 3709 1974 1182 5068
7088,14414 13799 8993 5772 1088 9128 501 1948 9993 5346
7089,10651 1287 101 13913 9209 13808 2125 13891 7115 9227
7090,3595 734 3599 10058 3964 3596 12666 11960 8018 4228
7091,11550 14710 12347 12269 12995 11150 8944 12886 11865 8576
7092,12108 10356 5803 13041 5361 3680 3348 8302 12585 5176
7093,10930 8263 13193 1540 13194 15052 10923 10925 10926 10928
7094,15242 9799 13125 10278 7071 3393 11366 14660 10056 3055
7095,2536 2503 2505 2551 2552 2542 2524 2557 2543 2528
7096,8486 4356 9761 14155 9001 5554 7333 13614 12027 3897
7097,11120 5673 8302 12585 11118 13483 12551 11366 14147 11776
7098,15098 6923 11937 11782 14890 14446 13117 11684 11689 4290
7099,6928 1163 8481 4344 7048 7561 3312 9678 9676 9677
7100,11936 11939 11937 8998 611 11938 15023 4391 14603 4859
7101,12021 6651 10567 10298 11950 1235 6954 3773 10301 5068
7102,4510 2776 2467 9593 3706 6442 2147 1812 11216 3631
7103,5515 5514 15163 5513 5516 8013 5183 11366 14904 14941
7104,13878 14236 5673 4062 14678 11366 7449 11120 12756 2887
7105,6108 3547 1053 6112 3277 8740 7609 5395 5289 11366
7106,15058 5982 4044 7623 13425 6084 3980 8512 2286 11156
7107,3019 12995 3243 3018 108 3240 9055 9480 5307 7115
7108,8971 12022 6041 1398 2560 2503 11739 10018 4863 4249
7109,4009 13145 11366 915 639 3055 10715 8999 611 4426
7110,10551 10342 11969 10341 11376 3461 9918 1018 9910 9919
7111,2081 2079 9680 6532 12192 5609 8306 11366 9081 10129
7112,10961 12669 7911 8085 8260 3973 9030 9222 4921 2226
7113,11987 6320 12369 12367 14218 12368 2369 1354 1144 1356
7114,13808 8199 4423 6929 4422 8802 12547 13913 4433 4432
7115,12571 12569 5210 14534 5946 8741 12570 2115 5166 9426
7116,15198 14789 10028 11366 6273 14155 12998 3055 13527 13399
7117,5579 2953 13820 5578 6332 13066 11366 13821 9576 4252
7118,14265 14347 7071 12472 3889 11293 5781 14064 11366 3425
7119,4442 83 10704 12563 1868 7710 10228 2127 6690 5892
7120,3976 10742 1568 4181 3487 4004 4488 4929 782 4186
7121,11676 4911 11974 11682 11674 8956 11679 11677 11678 2470
7122,2614 6352 13701 3465 2820 2742 2815 14327 1323 14599
7123,7146 2717 2258 10864 2688 920 3560 11931 4119 4008
7124,9349 8846 12435 12062 10837 11366 5313 10526 8313 12510
7125,10964 10963 2113 11366 3055 10715 8999 611 4426 53
7126,2085 7191 7190 2084 2083 45 7458 9883 6677 9457
7127,11222 7348 5092 6643 8790 12167 9069 9530 2782 8223
7128,2428 2790 6220 11366 12531 12532 7811 2419 4066 9500
7129,44 771 28 10238 13412 13953 6902 54 94 80
7130,705 3242 12941 2266 6563 4568 240 11469 250 10232
7131,3110 2790 12531 14244 14245 14249 14243 14247 14248 14251
7132,7622 9494 3645 4031 4717 4029 2219 2490 4178 8457
7133,1011 14751 6432 4598 4036 3038 2880 12376 9851 7817
7134,871 1551 3255 3748 10762 7504 8403 8401 2764 11366
7135,9692 8800 4933 8461 8801 2120 9909 11377 11136 6917
7136,7082 8388 8561 9770 3803 74 6823 14650 14653 14649
7137,4405 648 11272 1252 10281 4390 4394 4395 3811 4389
7138,12469 15142 15143 14855 15141 15139 15140 2626 10287 10481
7139,2611 12268 8585 2612 11042 2610 2613 11366 1911 2668
7140,13388 3063 14839 14686 14841 11126 14840 14989 14988 14990
7141,1320 6362 1779 2375 1319 6363 2371 6361 9192 4060
7142,11626 2996 11892 11366 3666 3074 6807 3667 2998 4604
7143,10429 10428 9797 9798 15133 13620 9100 9796 13999 12991
7144,14896 10476 5165 756 4855 12222 8463 9010 6872 837
7145,11001 3694 14534 4315 73 11098 10498 10526 11643 4398
7146,14986 15246 14483 14997 8027 4956 8780 12568 11366 258
7147,3327 1212 509 4241 11587 4292 3132 250 1646 10432
7148,984 2694 3707 2076 9938 1348 1494 5404 12562 6529
7149,740 14979 14907 4400 14980 11391 46 14163 3615 1351
7150,12179 9350 13160 6269 2664 7868 12291 11426 12417 12290
7151,3055 13016 3019 108 13953 7132 7125 7116 8369 15263
7152,14383 14384 12081 11403 11366 693 6228 3055 692 10715
7153,1255 1254 1256 1253 44 1251 1252 11366 3055 10715
7154,101 14163 15233 15066 14898 15067 8999 15270 14690 15249
7155,15205 4788 5608 9260 9056 5517 11838 11863 15154 11366
7156,3055 15069 11404 11126 12862 15072 1409 7844 1381 10203
7157,917 5023 9491 13847 2320 3771 958 927 965 12512
7158,10592 2515 9295 13263 10472 4076 9219 6463 3097 3028
7159,3095 7290 12360 9932 10650 9878 12540 9240 8868 11366
7160,5630 7448 13583 13582 9428 13581 12287 13580 1105 13579
7161,14920 9209 5919 11366 13913 9210 4466 12428 2904 3474
7162,14163 740 14866 14979 14547 14868 14865 14618 14867 4400
7163,59 14977 12525 13026 80 94 14978 13884 76 14656
7164,58 13411 15068 15249 80 14604 14605 14980 94 11126
7165,14555 14163 78 14868 3021 8272 9054 14554 14553 12427
7166,3785 6419 11931 7146 11324 3560 8301 8845 3775 3780
7167,15081 14840 11366 3055 10715 8999 611 4426 53 2820
7168,111 11061 7119 15215 15211 15212 11060 15214 15213 108
7169,8999 4727 14547 611 10503 1696 1368 7121 11184 14166
7170,5479 10159 5476 5469 5470 2739 5472 5484 5473 5482
7171,14566 14543 15007 11884 3841 9300 11366 3055 10715 6729
7172,1367 13952 7132 9117 7128 7134 5311 11184 10891 7125
7173,11234 7337 8669 2588 5610 7386 11302 3180 2254 928
7174,15022 15011 2096 15021 14519 15247 6065 9115 13957 62
7175,14840 7129 79 3061 14993 3062 7130 14988 14991 14990
7176,13783 3611 3612 13317 9820 5122 6950 14093 11366 7657
7177,14519 15247 15011 12877 320 10591 13626 7994 11366 15112
7178,5846 9303 2380 2375 4060 4743 12915 1587 9298 9301
7179,8999 7128 11184 11366 1367 3055 7134 7116 13891 15226
7180,58 14604 14605 80 94 13411 15068 14980 15249 11126
7181,6473 7697 2777 5739 12815 4240 10248 8593 12818 2034
7182,611 9821 728 9818 10893 9819 9119 9067 7301 12186
7183,3068 3064 8734 3065 8735 3066 11401 11366 8733 3067
7184,8999 15248 6106 7121 11184 1368 14670 14166 13912 7116
7185,740 866 5641 14979 12084 1351 15274 14980 833 14907
7186,3055 7116 8369 11184 108 8370 7125 13953 7132 11366
7187,11126 13388 14988 14989 14990 14992 14991 15285 11125 15069
7188,1001 1013 10193 12644 11366 7062 1000 1002 1006 10993
7189,3552 9680 12063 3161 9122 11200 10702 3868 11302 9033
7190,15247 13626 7994 3055 14519 15011 12877 10536 7116 8369
7191,3989 1738 9186 11930 14121 3990 11904 11366 11670 3992
7192,10641 10509 4229 2784 1602 3337 5061 10710 12000 7823
7193,1352 1753 7940 11366 4962 3055 10715 8999 611 4426
7194,6657 6663 6658 14302 6653 6665 6662 6666 6660 6656
7195,15045 11366 4426 3055 10715 8999 611 53 2820 13885
7196,15068 15249 9311 9310 9312 15066 15067 14597 11549 2325
7197,13262 242 14616 13132 10484 13365 4234 553 11366 13681
7198,13891 7129 79 15215 15211 15276 15214 13890 15213 15212
7199,5376 15168 15051 8007 8130 3864 5259 8117 8121 5372
7200,13355 14114 5516 14785 8726 11366 8629 2082 7252 3055
7201,8581 8583 8579 8588 14862 9208 14928 14430 4934 7110
7202,7842 14447 7843 11367 7844 14165 7849 6584 4727 7848
7203,9054 14555 12015 7124 14166 78 14824 8999 10482 14951
7204,12977 11205 10860 1883 11366 12975 12974 12976 5833 1542
7205,7911 2575 71 10650 10659 10887 8085 2080 10211 11366
7206,9610 2160 10553 9317 4263 1130 5706 4153 8621 1078
7207,12277 11166 13427 6140 12613 10133 13969 2089 8087 10603
7208,15252 14821 14592 14822 11366 11731 10115 10834 10833 3055
7209,5845 1779 6362 4060 6361 6363 1320 1319 4606 9192
7210,12290 12293 12675 12289 12292 15253 12674 13381 6792 12291
7211,11769 561 12479 6772 1179 7209 12081 11366 566 565
7212,13784 10639 9552 6311 12641 3802 8655 15240 12771 11819
7213,611 14914 15254 14905 10893 9056 3181 609 1618 4760
7214,15255 2154 8413 13891 11366 3055 10715 8999 611 4426
7215,110 14824 14930 9054 14165 91 14166 15244 14867 11367
7216,11229 3498 14295 14962 14963 14275 11053 1425 14279 8820
7217,740 14979 14980 14907 8572 1351 15274 14089 15273 14348
7218,6324 12237 2616 7221 9835 7546 7076 3075 3079 2870
7219,9544 15132 12383 6948 942 11727 11993 3745 4405 5321
7220,7965 6468 6261 13514 3149 12202 12758 7966 12759 8142
7221,9618 3615 15108 14955 14393 4940 1204 12610 9139 9528
7222,1988 1589 15074 10381 9781 11444 5936 5930 11326 4390
7223,13764 12024 11575 14976 12626 14593 1754 15018 12134 4674
7224,9054 7124 14555 13912 14166 8999 78 13587 15079 14296
7225,12578 14793 399 11366 3055 6612 6477 14337 6185 6480
7226,7005 12016 3160 11379 3174 11441 3975 10178 14107 3166
7227,6443 855 7520 4253 7836 2255 8769 3939 11300 5888
7228,8099 8100 8094 5560 8092 14373 14232 8098 8091 12266
7229,6364 4416 2876 11802 1826 11797 5662 11801 11366 3843
7230,10975 13051 13976 12310 13031 12646 5472 11366 12676 11680
7231,15050 4117 4118 4116 12763 4581 15053 3040 4583 15054
7232,1534 13960 4516 6353 7686 12301 13352 13333 6989 13701
7233,1339 4516 5430 6353 3465 8173 8175 8169 8174 8171
7234,1532 6353 4516 2614 11366 13960 3465 2742 5999 11112
7235,1532 1534 2614 14084 4516 7686 8728 3465 2742 2820
7236,3465 4516 5998 2614 13339 2742 2820 15095 11366 11121
7237,14325 14014 13671 15095 13328 15010 14799 8109 6718 15035
7238,13628 13323 13271 13650 6000 6001 11366 13629 4515 13700
7239,13960 7686 2614 1532 6353 15034 12301 13352 8904 13333
7240,6352 4516 13561 11366 11109 10208 3465 14599 14327 10179
7241,4330 8907 8904 11112 13455 2742 6992 4515 8810 1532
7242,8828 15096 14044 13727 11366 14804 8831 8833 14799 8834
7243,15257 5818 14138 6417 11366 1532 14151 4634 9002 9024
7244,4330 5194 13331 4515 1325 10206 11366 2364 10207 13623
7245,2548 2131 86 2524 10019 2494 11366 3213 85 7799
7246,2302 5991 14753 12638 12639 11795 8738 11861 11860 5992
7247,14812 14811 406 15032 12502 14054 12825 6325 11123 361
7248,12502 15164 13422 12826 14812 14811 11366 11918 12505 12508
7249,6868 2739 1880 11366 3055 10715 611 10704 13015 8999
7250,13421 14123 14122 12511 13932 14124 13700 11366 13931 13259
7251,3465 11121 1323 14123 8727 13421 14044 3923 405 2820
7252,13731 2820 3464 11052 1166 12742 15035 11878 1326 11366
7253,1532 11121 1166 8727 1165 3465 11122 2742 2820 404
7254,3465 1166 14150 2820 11121 11753 3464 404 2742 13931
7255,404 1167 9791 1166 11366 2820 13259 12426 3465 14405
7256,1166 3464 2820 1535 3463 2818 404 1165 14712 2815
7257,405 14122 1535 1166 14457 8730 2820 12747 1323 12426
7258,2614 1529 11112 1532 2364 13334 14405 11121 3465 2742
7259,14599 13421 12426 2820 13717 2614 14123 3465 12511 6352
7260,11121 1532 11122 3465 2742 6417 6351 2820 1166 6352
7261,15258 359 361 15094 11366 14333 15259 3055 362 12098
7262,15257 6417 3465 11366 14138 5818 1532 3055 2820 2614
7263,359 15258 15094 14333 361 15259 12098 362 11366 360
7264,15258 359 15094 361 11366 15259 12098 362 14333 3055
7265,359 15259 15094 362 12098 15258 361 14333 11366 12446
7266,5430 4516 3465 13701 8642 5432 5429 11366 1339 8729
7267,4005 11904 6861 13401 10142 2101 1830 5523 1817 10572
7268,15260 9143 7719 11366 3055 12600 15046 9144 6766 10715
7269,9587 13902 9585 7460 7732 1384 9684 9899 5133 3867
7270,11710 11407 8605 11408 11708 9589 2732 2437 10764 11709
7271,8214 2662 8637 8216 3830 4059 7916 12268 3716 8275
7272,4594 6795 4641 9558 9559 6797 11209 9110 5564 9111
7273,1954 1950 8592 13925 13257 13364 11945 14021 14020 3569
7274,14797 14041 1883 13462 13063 8899 9772 12617 14066 1911
7275,6818 6819 8712 2801 11425 12266 8487 7017 1742 1890
7276,11039 8585 5409 2086 6376 12180 11042 6568 12187 11004
7277,14020 10873 10874 7759 4719 13063 11096 14658 14664 3274
7278,12992 4655 8393 13222 6099 945 7903 2012 13812 4646
7279,11714 1635 13721 11715 11716 11366 1996 9079 2662 3055
7280,4896 12289 12290 14777 13381 10037 147 12293 11527 11829
7281,9409 9410 9415 9416 9408 9419 9413 9417 9411 14888
7282,6099 6792 11166 8212 13996 2095 14773 14665 13433 8757
7283,5563 6792 5566 9560 4641 5564 4644 4642 9357 11687
7284,13118 5785 7293 14787 11207 1294 14795 13031 14947 11366
7285,8090 8105 13821 5228 13914 5560 8092 8094 13915 9076
7286,11232 2896 2979 11274 12566 2982 6228 2654 6528 6240
7287,12091 10527 12253 7756 8543 11366 12999 8392 4565 14783
7288,5368 5371 7825 5109 11097 12604 12605 14444 5363 8058
7289,13 12 13307 15 9759 14 11 8096 14684 8095
7290,12996 4910 8270 13381 12289 12290 12292 12293 12675 12678
7291,14043 7824 14659 3894 6789 13020 5559 14658 11366 12480
7292,9657 10774 10778 10777 10775 10772 4450 13869 13870 13871
7293,13355 14785 8629 8726 14114 11366 5516 14392 3330 11187
7294,8903 12993 8663 11197 11207 11366 11206 11200 8812 11201
7295,12290 12289 13381 12293 12292 12291 12675 12674 12673 15253
7296,8899 9772 12978 13381 12292 12618 2793 9669 13063 14041
7297,11942 14771 10837 10838 1633 1293 1294 2786 11366 11941
7298,13907 14769 4738 10242 5258 7916 4654 1958 5578 4737
7299,12290 12293 12675 12292 12289 12291 12673 13381 12674 15253
7300,1911 1890 8103 8592 3010 14041 3011 12268 8899 2665
7301,3113 10322 903 6094 14399 5349 2833 7916 12402 12401
7302,7940 12439 13642 13643 12522 13741 14752 12523 7942 11366
7303,6544 4753 13386 6543 6494 4962 6298 8414 10165 6536
7304,7264 6171 6537 11219 11366 13879 10560 13770 13177 14752
7305,15261 11785 13938 5973 14968 3246 13290 9691 4628 4517
7306,906 12577 6256 13393 13394 6239 12333 900 6251 10189
7307,10756 1265 5601 10311 10757 5334 5656 1227 6478 9796
7308,8735 5929 14217 8733 8734 8736 15129 8739 8738 14407
7309,9439 3094 5778 601 9440 8509 10559 11366 3028 7357
7310,15262 14008 11366 13694 3055 10715 5352 12162 8999 611
7311,7331 4904 144 10054 3236 4887 4900 9499 3237 4884
7312,4073 5896 4964 5895 602 603 9228 11568 10785 11366
7313,13320 14359 14029 13321 8869 14122 15097 13319 4711 11366
7314,7574 4948 11912 11227 6782 7573 5157 6186 7575 6779
7315,11108 6990 10563 10179 11109 11110 11111 11366 12070 6995
7316,7124 5595 13912 11045 9204 9207 15244 8377 15228 7631
7317,6356 2998 15017 9308 7215 11366 6807 1321 10199 5447
7318,13113 13180 7408 8529 3980 6104 5112 5898 2859 4292
7319,13130 5685 1507 10809 1497 2552 11366 14677 10808 2909
7320,904 7628 12354 1224 8881 8919 8930 8929 1225 8924
7321,3486 9406 13282 9422 9412 9419 9417 9415 9411 9413
7322,9997 13733 12026 11729 10704 8978 1590 6389 13142 13643
7323,15129 14471 14217 5929 8735 11366 3055 14714 14483 13430
7324,13968 13566 10009 8122 14153 14006 8127 14181 11366 13207
7325,2206 3067 6908 5305 2493 68 9930 11223 2529 7154
7326,2614 11112 1532 3465 2742 11366 2820 5998 1323 1529
7327,13982 4401 7784 14678 1318 8541 2881 1317 11787 15126
7328,2614 13855 15153 1532 8869 4514 3465 11366 2742 2820
7329,1011 1709 12332 8541 1711 9969 11366 1725 1720 7057
7330,13726 12215 9806 5964 5707 8144 12216 12214 12217 1941
7331,8477 14464 2887 5689 11366 4626 6737 14226 9749 11536
7332,14411 15141 6744 13551 7662 13023 5288 354 15143 15142
7333,11569 3075 9540 1709 8848 2624 11366 365 1850 11639
7334,13351 13855 8869 1532 360 13320 15097 11366 2947 4711
7335,1534 8808 4514 13351 11822 10733 12501 13910 11366 10041
7336,14347 2888 1013 10626 14265 11366 13483 7071 13209 7222
7337,5201 5798 12309 13941 13794 13122 10109 5198 2730 6393
7338,1864 5385 5383 8335 6162 12576 6485 8298 6492 13498
7339,4037 2880 13981 8645 10071 12914 13426 4035 14745 4317
7340,14678 13878 13982 4401 11366 1318 7784 8541 10199 2881
7341,14359 12744 13711 9784 11366 14029 13320 13482 8906 11111
7342,10639 6311 2779 15240 72 9553 4315 13784 3802 8655
7343,903 13647 12659 10445 3246 8917 5892 4673 6145 11366
7344,14765 11651 11366 4289 940 11653 8599 5411 1102 3006
7345,11537 4611 12607 4617 11787 11536 15126 11366 1318 12874
7346,1947 9127 14394 9128 8041 1092 4526 4525 4520 4522
7347,3486 13282 14545 9406 9412 9421 9422 9415 9408 9417
7348,9784 12500 10041 3465 8906 13235 6990 4514 12505 2820
7349,11120 14464 13483 5673 8302 12585 11366 2887 11118 14226
7350,4605 4133 8164 15238 11366 12731 9751 7016 2617 4135
7351,11768 1011 2893 7784 11366 5422 6703 11057 10858 3803
7352,2377 14571 12920 12919 12077 7553 7072 11625 11366 13985
7353,7241 1527 13297 13293 8440 13295 13288 13291 13292 13303
7354,12070 14803 14408 6990 4329 11899 11111 4514 11123 11822
7355,11111 12070 4791 14803 11822 6990 6941 11109 11366 11123
7356,14347 13209 7215 5845 10626 13483 2616 3079 7076 3443
7357,7015 7014 7013 14571 9307 9412 7016 11366 4062 3486
7358,3259 14754 4296 13739 14642 14643 14644 8507 8576 11366
7359,3789 2981 11794 4580 13705 8256 4404 678 11366 9515
7360,2928 7627 13906 10973 11366 9030 6532 1747 4025 4022
7361,4034 14038 14445 14409 11366 12760 137 11776 3442 4035
7362,6611 9828 6607 6612 6609 2852 6608 6616 6610 6603
7363,8581 8583 8579 8009 8588 7110 14928 4934 13807 9208
7364,4426 13016 15263 4435 10536 12054 15002 15118 4432 4433
7365,2156 14502 14553 3460 13057 184 78 14557 9740 12050
7366,10101 14863 10665 6065 3305 2475 10025 4399 2476 7048
7367,3465 4516 15095 1532 2614 10208 13671 2820 14799 2742
7368,12134 12574 14887 14697 14976 14696 11366 13764 13899 14593
7369,12314 1743 13301 8487 14782 13740 8825 8508 12315 12313
7370,2614 1529 11112 3465 2742 1532 2820 5998 11366 13578
7371,5325 12853 5121 11873 12190 9200 2318 13161 6910 11366
7372,3055 45 9119 7116 11184 108 7134 2125 9105 12604
7373,12320 9817 11477 3736 12847 11366 10044 12047 13936 5971
7374,2650 12748 12303 6537 2296 2655 2651 13828 8373 11366
7375,2331 4341 5590 3731 1066 9975 635 592 9983 5588
7376,13202 14879 13423 13233 13717 14806 13201 12032 10207 2822
7377,9033 1093 5168 8146 10176 428 2249 2247 3618 3161
7378,5722 13569 415 3812 15227 10293 8067 3662 11949 8621
7379,4182 133 8390 5053 4230 6017 4248 789 14792 11366
7380,8999 7545 7121 11184 1368 14670 14166 13912 7116 7325
7381,9487 13436 9099 3865 9097 9931 8895 9096 2570 11008
7382,5365 15264 3403 5379 5745 3400 5744 11366 5750 7783
7383,7632 12876 8272 12874 8282 3684 9994 9475 91 8863
7384,3471 14557 14552 14553 10914 14556 9740 14554 14551 14081
7385,8562 3754 3755 11231 1511 4840 2580 11284 2133 9222
7386,14264 14547 14538 11366 101 3055 10715 8999 611 4426
7387,14939 1619 10321 8748 14391 11366 5037 234 4758 1618
7388,11004 4576 14144 8585 11042 13822 11003 11039 11040 15107
7389,14545 11725 2853 15145 9406 11366 13282 2844 2854 3486
7390,12536 8454 14181 11366 12168 868 2650 11333 6191 5059
7391,14341 10381 11366 3055 10715 8999 611 10380 4426 11419
7392,11482 1334 7727 742 837 10283 10806 9035 9929 12222
7393,13282 3486 9422 14545 11366 9412 9406 4399 7015 8999
7394,2198 10551 9481 2027 9929 10712 9909 8503 11969 5149
7395,3036 5542 12095 3032 3033 3698 11366 9068 1653 11170
7396,116 11479 12139 12140 112 12141 11719 132 4628 123
7397,8498 9992 9184 3236 3301 8180 7561 7729 3870 3869
7398,5606 12540 12507 9783 2070 12539 646 10217 12541 8868
7399,4177 10962 2775 855 8945 4257 464 1441 775 478
7400,5689 1861 8149 8155 12075 8157 8154 11799 14464 4693
7401,15265 344 11289 11366 3055 13656 13657 351 10715 1094
7402,13388 14543 14585 5216 14163 14566 14686 14839 14841 3063
7403,7385 7386 6817 2810 7384 11366 6468 298 6684 7391
7404,14337 1532 13006 8803 11899 13319 6969 399 6477 2614
7405,3055 7116 8369 11184 108 8370 7125 13953 7132 15062
7406,2552 2542 1497 2528 2546 2543 5147 4284 10480 1647
7407,3055 1287 15205 5517 11838 15029 7119 11366 2125 11678
7408,7530 14093 1669 2866 3535 14090 2845 2855 9824 2852
7409,13855 11112 8869 1532 15153 15097 13351 11366 4711 13320
7410,9054 14555 7124 14166 78 14824 8999 14551 10483 14165
7411,3844 2876 8191 3843 14105 5450 3846 1826 10815 11366
7412,1893 3088 11709 2906 1891 10869 1895 14414 13732 11366
7413,1573 13434 34 9815 2120 12052 9097 9099 13436 8801
7414,775 821 7300 2324 843 3224 831 833 817 790
7415,12702 12701 12704 15267 6748 12705 12699 12700 12703 12706
7416,7553 4135 9751 1827 4693 11892 4607 6557 13702 3694
7417,6668 6659 109 14098 14097 10394 14096 11366 3055 10715
7418,2614 1532 3465 2742 11366 2820 1323 5998 11112 7686
7419,7703 15268 13337 11366 3055 13390 10715 3587 12797 8999
7420,8477 2887 14464 15126 11787 11366 4626 12756 5689 4133
7421,6614 12651 7881 14730 11366 14160 12833 6611 6607 14731
7422,9187 8243 6972 786 4944 14344 5980 7279 2344 823
7423,15204 7313 15007 11366 3055 10715 8999 611 4426 53
7424,7313 2511 12514 15084 14272 10018 5309 7726 8048 2493
7425,14344 3873 2134 9783 15159 499 949 8950 8176 779
7426,12666 3599 49 734 3595 10058 11960 8018 12667 12918
7427,11078 11077 11491 11492 10449 11489 11487 11488 11490 11366
7428,8600 11562 305 2034 8593 152 3143 8558 8594 5457
7429,7469 1549 9623 13107 3489 12547 11366 1862 1480 3055
7430,7002 13137 7171 5246 14911 14143 11366 7950 7169 15121
7431,3596 794 1219 3964 11759 6411 3595 3599 15023 12086
7432,12518 14178 12521 8264 12523 9556 12524 13254 12525 4629
7433,72 8239 7350 13847 94 80 73 12057 15240 76
7434,3560 7146 938 6523 13310 715 6522 11478 11931 6419
7435,14981 12422 13125 11366 363 983 3055 7675 7267 6786
7436,12436 12434 15269 12435 6522 6523 8846 14870 7130 12433
7437,13756 13272 323 237 13759 13757 13758 6387 10107 2417
7438,9262 8466 1819 11817 8464 11459 8643 5663 4934 11818
7439,5779 9165 13129 5780 5775 11366 5781 6860 4131 2757
7440,2116 2508 10618 7290 10531 3715 2943 2113 7836 8954
7441,4791 11822 11111 10733 11897 1534 12501 10041 8808 408
7442,15027 14736 2869 1724 12935 14750 12934 12227 11366 14791
7443,1369 3298 4341 5835 8484 164 1295 1371 5816 5806
7444,10999 10630 10997 10993 11000 6804 5845 13209 10998 10994
7445,5298 5301 12420 9016 9019 10837 5306 289 9159 6901
7446,3288 11855 2570 478 1090 549 2526 3349 3297 11995
7447,7264 13770 13177 10560 13879 14752 11366 11219 6171 6537
7448,6990 4791 9788 12070 11111 6995 11366 14803 11897 11108
7449,7818 9644 2873 2871 10748 1000 2872 12731 4691 9640
7450,6622 4962 6544 11366 13892 1664 6189 2979 13456 5486
7451,10625 10633 2706 2581 12558 14740 10632 715 15034 11997
7452,9773 12446 10612 10965 12130 14037 8480 7726 3403 12764
7453,8248 2477 6197 6674 9105 5996 9114 3312 2471 11366
7454,10369 10920 14707 10374 3014 10375 10906 10380 10378 944
7455,637 8701 11361 4390 4394 688 11366 4392 4412 4391
7456,15013 14578 13587 15270 101 14407 15002 15001 3060 15012
7457,15079 14612 14823 14559 14296 14867 14866 8413 14865 641
7458,7566 10274 5834 5828 3381 8180 2539 4635 4906 4898
7459,4486 8113 7475 4313 3922 5799 542 4932 7473 7471
7460,15060 15063 13414 15028 8370 15001 14826 3056 15061 3054
7461,14776 13528 5824 14622 6679 6672 12938 13251 12924 12208
7462,14578 3055 14826 53 15013 14825 13587 8369 15270 14320
7463,14997 5682 8873 1480 8780 14986 14718 645 11366 3055
7464,4424 4435 4433 4432 4429 4421 14647 4431 100 12031
7465,15271 11366 3055 10715 8999 611 4426 53 2820 13885
7466,12765 11140 12573 1147 12229 14237 11366 9939 6163 149
7467,5425 5427 4482 5424 7133 10419 11175 12382 11366 874
7468,8845 2018 4119 997 6419 12841 1016 1545 7463 5507
7469,8144 12588 9806 12587 11366 5707 10052 10707 12523 6781
7470,8525 10866 8486 1133 15169 13050 15218 15170 15219 11366
7471,7404 6809 11348 11724 11351 3442 11366 4606 2884 5450
7472,10715 14702 52 14100 1351 15274 13436 15273 3865 13827
7473,12922 10497 1548 12921 3377 5825 4912 5217 3319 6300
7474,6969 14337 9681 2292 8803 13420 10135 6468 9330 7798
7475,12322 13194 1839 10747 10857 10753 11366 13193 12231 3055
7476,12575 14685 7322 11814 184 11058 9117 9121 7127 11970
7477,14144 8817 2509 1880 10654 1291 23 12106 2549 9929
7478,9054 14555 7124 8999 14166 11366 78 14824 14551 10483
7479,469 5558 1758 11975 10623 4291 3468 493 428 1417
7480,4295 918 9518 8194 7089 931 9671 9676 9673 927
7481,6135 11172 8339 4495 11017 2067 3560 8665 6032 611
7482,5275 471 3502 8693 3641 1285 2340 1766 5070 2329
7483,740 10124 14979 9511 1351 15274 14980 14348 833 15273
7484,7236 11410 529 13296 13298 13291 13299 13295 13292 13297
7485,8351 10960 9221 14419 1572 7398 5621 3924 9284 3973
7486,5215 12018 5217 5306 12813 4635 3319 187 4636 2037
7487,2739 11366 10704 6868 13015 6800 5719 3131 5479 7710
7488,15255 2154 8413 13891 11366 3055 10715 8999 611 4426
7489,1919 4370 10283 10016 9709 55 97 99 9069 181
7490,4300 15162 15161 1846 4306 568 6238 14830 4432 4435
7491,10190 1846 13391 6698 1857 11227 10189 8430 2813 9877
7492,3952 4468 13358 3951 9014 11366 3950 5713 7939 9655
7493,2192 10144 9909 9899 2198 5568 69 8503 8502 3159
7494,15272 11366 3055 10715 8999 611 4426 53 2820 13885
7495,13346 13347 11051 13005 13345 14599 13717 1167 11366 12008
7496,9052 14869 14320 14929 3890 10078 3611 14220 6848 14221
7497,75 15215 15211 11060 15214 94 15213 80 3063 15212
7498,14578 15013 53 13414 15270 14510 14607 15028 12877 14407
7499,10409 11010 2715 11011 11013 11009 11012 505 10408 2184
7500,7913 6580 5322 12848 10974 4977 13228 14601 3973 14602
7501,10780 379 13973 1160 11366 9496 2783 9476 6957 543
7502,3980 5366 8106 1458 7408 2914 13113 11366 4044 10311
7503,760 3937 4221 3916 4184 11366 4212 4190 7361 4218
7504,14870 7153 12436 12434 13013 14869 14554 14868 14558 14867
7505,3055 7116 8369 11184 108 7125 8370 7132 13953 3056
7506,6836 12062 9260 13360 14452 12064 11027 12428 10362 12060
7507,1351 15274 15273 14720 14089 1350 14307 14702 14703 740
7508,11366 14486 13885 5266 14481 12850 5267 14913 14499 12528
7509,14479 5267 14486 14491 11366 5266 13885 12850 14496 14499
7510,11366 3066 7849 13885 3065 14486 12850 5267 3064 5266
7511,11366 13885 692 14486 12850 5267 5266 14481 14913 14131
7512,11366 13885 14486 12850 5267 5266 692 14481 14913 14131
7513,11366 13885 14486 12850 5267 5266 692 14481 14913 14131
7514,11366 13885 14486 12850 5267 14404 5266 692 14481 14913
7515,11366 13885 14486 12850 5267 5266 692 14481 14913 14131
7516,11366 13885 14486 12850 5267 14404 5266 692 14481 14913
7517,14404 11366 15228 8377 14843 3176 3177 14449 13885 13912
7518,11366 4027 13885 14486 12850 5267 5266 692 3055 14481
7519,11366 13885 14486 12850 5267 5266 692 14481 14913 14131
7520,5267 11366 13885 12850 14479 14506 14491 14130 5266 14486
7521,14486 11366 692 14499 12528 14481 5266 13885 14491 14913
7522,11366 13885 14486 12850 5267 5266 692 14481 14913 14131
7523,11366 13885 14486 12850 5267 5266 692 14481 14913 14131
7524,11366 13885 5266 14486 12850 5267 692 14481 14913 14131
7525,11366 13885 14486 12850 5267 5266 692 14481 14913 14131
7526,11366 692 13885 14486 12850 5267 5266 14481 14913 3055
7527,11366 13885 14486 12850 5267 5266 692 14481 14913 14131
7528,11366 13885 14486 12850 5267 5266 692 14481 14913 14131
7529,11366 13885 5267 14486 12850 5266 692 14481 14913 14131
7530,11366 13885 14486 12850 5267 5266 692 14481 14913 14131
7531,15061 15062 8370 8369 15001 3056 3054 3059 3058 3057
7532,7124 13912 8377 15244 15228 9054 14427 14555 11366 13587
7533,8139 3308 14675 11366 14419 15012 3324 3281 1027 13546
7534,14578 14825 15013 53 15270 15029 12877 3060 15012 14607
7535,14668 15029 11366 11320 4280 10528 10616 4211 9215 1479
7536,14577 14576 15277 10741 13513 11366 3055 14036 1670 10715
7537,14163 14668 14866 14868 14865 15029 14867 14612 8999 10528
7538,14984 11126 11366 3152 3055 714 13388 10715 15285 14992
7539,15121 15123 15124 15122 7002 11366 15154 3055 692 11485
7540,7580 1332 7577 7578 7579 11366 12192 5488 9081 10617
7541,14163 14391 14939 14866 11366 14868 14865 5037 8999 14867
7542,9054 15076 14792 14296 13369 7904 9227 12013 3041 15072
7543,739 14852 15230 9035 833 14553 10806 834 15147 800
7544,14555 14081 14553 14852 15288 15184 14850 9054 12427 14166
7545,8999 7121 11184 11366 1368 3055 14166 14670 13912 7325
7546,9052 14166 14929 14930 14427 13134 14869 3890 12513 11366
7547,13884 9227 14865 6836 9260 59 7516 2534 13913 14792
7548,1622 1621 8048 1617 1620 1618 12014 234 235 1619
7549,3906 1374 3907 3900 2043 3898 14166 11366 14278 13588
7550,9200 9210 46 12545 3474 9208 9196 2904 4466 5121
7551,7632 8690 8391 11398 14165 12876 8282 13637 6610 11366
7552,15278 15279 12878 11366 3055 10715 8999 611 5179 7524
7553,692 12386 11366 8250 12388 14136 693 12387 3055 14208
7554,8121 8123 8459 3951 8135 8125 6533 8117 5506 8130
7555,14159 14157 7581 1131 14160 14158 11746 5513 11366 3395
7556,692 11366 8250 14136 693 14208 13838 6608 12340 14248
7557,13388 10715 547 10891 11126 12931 14686 14841 14839 3063
7558,3055 7116 8369 11184 11366 8370 108 7125 7132 13953
7559,15067 15066 15249 15068 14597 13174 103 11125 9777 13173
7560,12850 13885 11366 5267 14538 553 14537 14938 14506 12849
7561,10715 14702 52 14100 1351 15274 9097 15273 3865 13436
7562,14143 7141 857 14911 14667 7002 11366 10011 3055 6329
7563,14209 11120 14596 14595 11366 14213 13680 15188 14458 5673
7564,14862 14654 14334 11308 5183 11366 14389 14904 14941 8586
7565,692 14654 11366 8250 14136 14862 693 3055 13838 14208
7566,2016 6966 917 15019 12512 3800 11836 8580 4570 4632
7567,4688 4687 4132 10992 4138 7784 2875 7057 4135 6705
7568,1033 3321 12976 2253 12062 11366 1056 1025 1017 10362
7569,10513 10514 10511 10512 11010 2715 12774 12778 10877 12780
7570,14370 12184 13382 14369 14372 4566 14468 9034 5330 12645
7571,3916 139 4184 760 11938 11366 4212 4190 6209 2103
7572,1834 10711 5398 9204 14121 2102 1811 6862 5623 13958
7573,2717 8619 4119 11366 8132 8124 8117 8130 8129 8125
7574,14355 13632 3494 4454 4582 14356 6511 14608 11366 5288
7575,12848 7913 11366 13228 4977 10974 3973 14602 14601 6428
7576,7215 2375 9853 5845 13111 2371 4599 11347 7064 11351
7577,7270 11623 3504 11957 8837 7820 1869 1686 3223 715
7578,7128 12054 9928 91 2572 7122 12515 3735 12514 2104
7579,13053 9107 3374 4780 3730 9105 11047 11217 11366 9114
7580,2527 2546 2529 2511 2524 2544 2535 2552 2518 10013
7581,2521 11240 163 12189 4999 2513 2153 2487 2524 2511
7582,2374 7062 3674 1001 6742 11325 3415 10856 10854 2370
7583,12625 12624 4652 9110 13021 9559 11858 4649 6797 7738
7584,4797 7372 3461 11233 9923 6900 1232 9159 7762 5278
7585,14954 9553 6135 9269 14955 10566 11366 9549 15240 9550
7586,12295 6134 2185 9891 12294 2535 6593 11196 7812 7813
7587,10552 5760 9425 12974 3023 3128 9985 3335 5587 6204
7588,5628 8632 8630 8626 8633 5626 8625 8117 5259 8129
7589,9601 9441 9599 9598 9597 9596 1507 3314 6384 12278
7590,3811 9246 11366 1995 12581 10347 764 5725 2309 9247
7591,1541 4718 4713 8274 14377 1538 1536 1539 1542 1537
7592,7324 7325 100 15215 15211 11060 14605 14604 7308 15212
7593,15028 14578 12877 15013 15063 13414 15029 53 10383 15270
7594,7491 6676 11255 8062 8064 12095 739 11366 8066 13649
7595,13366 8057 10813 2979 3017 14743 6780 11041 11366 14040
7596,1389 6030 4602 5419 3370 2448 6832 9309 6579 2761
7597,5545 796 5539 14391 12423 4201 5543 11366 7338 7503
7598,8797 5048 12305 10709 4761 2578 93 1059 3713 3345
7599,15042 12944 15043 2441 6015 4088 14608 15021 10883 1536
7600,11970 5209 4640 4878 13274 5393 3359 5829 6199 5996
7601,2609 15280 2608 11366 2607 3055 10715 8999 611 4426
7602,7695 4282 5346 3157 6333 10499 7694 13987 2280 13199
7603,1153 4132 4688 4687 10957 10947 5442 10937 5439 10949
7604,12110 1090 2563 1018 9121 3582 9910 10342 7758 9899
7605,7681 7247 6437 7670 5146 5582 7201 7677 6271 4020
7606,619 1698 7439 7512 1446 11834 5219 10019 3253 8872
7607,966 9880 967 9879 4589 12761 4590 12760 2442 12946
7608,10223 10222 1130 5304 10978 14368 12067 10182 10081 3563
7609,2574 9815 87 9913 6917 130 9900 2506 181 9909
7610,8515 3848 1042 1083 12280 2063 4902 9833 9839 1060
7611,7571 13950 10257 7573 12048 11366 8116 13692 12047 6779
7612,15245 8708 4127 15116 14120 4788 3222 15140 15139 2626
7613,10095 13737 14458 1859 14582 10934 13682 7467 1132 9410
7614,1044 15281 14141 1073 1029 10263 3503 11391 11366 1032
7615,1721 1723 1155 5440 4407 1156 11366 8152 5443 5442
7616,784 8995 5016 6596 2508 8704 5507 625 176 4826
7617,14383 14384 11403 693 12081 11366 6228 692 3055 10715
7618,457 6032 2586 497 4184 7918 7043 11366 6870 4241
7619,2615 4661 6799 4659 4658 8701 8700 14402 4647 8702
7620,14702 10715 14703 14220 610 14100 2204 2031 106 1351
7621,2880 1709 8150 12914 14745 11366 4037 4039 3038 5449
7622,9610 9317 4263 1130 4153 5706 8621 410 2838 6316
7623,12140 12139 11719 116 12141 4903 1371 3234 7326 7559
7624,10890 6915 10549 1496 9925 7465 2516 2491 13724 11874
7625,1323 405 13330 14122 12426 2820 13333 11366 1535 2614
7626,10389 12043 10704 8857 2127 10703 5892 10697 6690 10706
7627,9084 12757 10246 12376 2014 11022 12558 14677 10808 9749
7628,8835 14662 11548 14879 2743 2742 6353 2815 8831 8833
7629,8605 11407 6483 11408 11710 10764 2437 11366 6849 3055
7630,275 7286 593 8558 334 7483 3826 3398 9679 13797
7631,8748 4437 9316 3149 8673 9086 2564 13883 9240 14149
7632,9689 11162 7402 7272 6370 459 3987 827 814 12448
7633,1999 11014 6865 293 8552 12462 4664 947 4765 10642
7634,6114 9321 13752 2962 1302 6112 2520 9337 2808 4161
7635,437 5386 3328 11366 483 497 12086 2159 2139 5392
7636,4584 14779 4715 10978 13067 12618 9575 4586 4582 4587
7637,15282 1650 6218 6219 43 6208 11366 3499 1647 1645
7638,5853 806 8403 871 1646 504 1209 5870 5861 5855
7639,3055 7116 8369 11184 108 7125 8370 7132 13953 3056
7640,7238 7243 10462 10520 10521 2550 11366 10518 10519 7211
7641,2472 6434 4726 9768 9767 9765 9764 256 9766 9484
7642,2158 12449 4007 3812 163 3338 7149 3905 6648 6375
7643,4299 10329 3207 3307 1454 3292 6373 3518 1477 10473
7644,12977 13304 10860 11366 12976 12975 12974 5833 13302 13296
7645,14259 9946 6863 5828 3494 7331 8957 7329 5996 14685
7646,4881 7319 11366 7308 7312 7307 895 2158 7311 7323
7647,12127 6306 11298 4902 10066 6369 5817 7551 4158 3047
7648,14158 11949 4762 1885 14157 14160 585 14159 1131 11746
7649,2653 6638 585 1406 1170 4241 3190 11985 2690 3810
7650,1160 11377 10430 11366 2334 11151 6912 4895 8073 11374
7651,6408 8317 5134 6403 6405 8569 1768 10882 2530 11250
7652,9421 3486 9419 9413 9415 9411 9416 9408 9417 12794
7653,7208 8376 7203 7204 6319 2954 13593 11366 7207 7209
7654,6516 3254 8914 10854 8924 12102 13595 4942 4938 8920
7655,8667 6453 1865 8644 13909 3485 4307 728 5455 12192
7656,887 7956 9470 6053 826 10240 3182 5575 4270 15055
7657,11059 2154 11058 7115 3019 11366 3055 10715 8999 611
7658,12895 12908 6245 7069 12731 13075 7451 13985 12080 10543
7659,14890 13538 4375 12653 9214 6228 6923 14588 15098 14446
7660,7001 170 10451 6999 5577 216 13055 1768 10882 7003
7661,6380 11155 3343 3629 9905 4324 3791 4505 9983 6383
7662,2369 2372 1357 6551 11347 11366 2376 1355 1354 12733
7663,6954 8188 3705 3362 5422 1643 4212 3707 11366 2468
7664,1213 4220 794 9587 3226 7460 787 4231 464 476
7665,161 166 5362 8368 12813 9802 8499 10342 124 10341
7666,6581 14688 6582 14575 14964 6584 8250 11366 10384 14492
7667,6259 7115 9223 3019 6239 6256 6188 6249 6252 6258
7668,10288 6318 6043 2525 6270 929 12023 7838 7741 3712
7669,11298 12560 7499 11297 11926 7933 357 13958 7278 11366
7670,1354 1357 7215 1355 5845 4134 5686 10199 9194 7425
7671,2763 1095 2778 1519 5160 7307 7308 3129 2749 5154
7672,9642 9636 4316 2996 9641 9634 9635 9632 9630 9633
7673,5436 7280 2675 8939 847 8366 5760 2682 73 8002
7674,1475 5345 12672 11366 12671 12535 15210 13522 13671 11965
7675,4711 13320 15097 14183 8869 13855 13321 14662 15210 13319
7676,13462 2663 4662 13463 14797 12593 4909 11366 14041 3330
7677,1763 6879 9390 3637 328 8915 4942 8919 1458 8924
7678,11816 11347 2377 43 12077 10275 1719 1280 1081 12731
7679,394 13077 558 11045 4878 3055 14666 554 14667 7276
7680,15243 992 4469 4639 3509 2721 9498 9285 12097 7927
7681,8999 75 15215 15211 15214 15212 11060 15213 14670 11184
7682,9662 1915 9665 11578 1914 2622 8165 10191 7064 12731
7683,11313 11314 11308 11307 76 11309 11312 2803 11311 10038
7684,6038 6026 10310 5547 12438 6426 10742 3206 3699 6596
7685,15283 11366 3055 10715 8999 611 4426 53 2820 13885
7686,4969 9135 5305 9930 12995 9005 6423 2027 9929 1496
7687,2563 8500 1090 8307 2509 2205 2156 7461 70 11739
7688,11567 12131 13386 1840 1666 13387 10610 13360 13385 5979
7689,8954 5212 11812 7280 8794 8107 3316 8947 8665 3690
7690,6897 2549 10965 7726 12995 12106 1880 2529 2509 6895
7691,3051 3052 3053 3054 3056 3057 3058 3059 15001 15061
7692,5075 3211 842 12246 1457 826 10364 10164 839 489
7693,1722 1145 1136 1146 1725 1150 1703 1706 1718 1717
7694,7325 7324 10651 15215 15211 15212 15214 15213 11060 7312
7695,3383 5812 10715 3368 5820 5806 5816 3827 5822 4898
7696,15073 14894 3953 11366 5261 11296 7953 6766 10522 3055
7697,1755 7698 12865 14112 10413 9800 9048 8923 4942 8915
7698,6705 1008 1777 1826 5876 4134 9191 6364 1006 9194
7699,13201 2822 13202 11366 13561 13562 1324 13347 13330 1167
7700,11738 1818 5866 5494 434 2238 697 2704 6347 1548
7701,14419 13012 1483 1806 5415 3308 299 1492 1485 15012
7702,9030 5990 10985 15185 12819 9028 5993 11813 1449 15159
7703,3835 121 5835 3836 7315 2292 9681 10135 3826 9330
7704,7835 5057 796 6157 7211 6149 5025 10478 4212 2759
7705,11899 5998 2614 14337 11366 11898 1532 2820 8803 13319
7706,14898 101 15023 7159 13952 15226 4391 14603 11939 11936
7707,6962 4828 1583 6966 2053 496 5977 6643 5040 2704
7708,2571 2026 130 6896 2576 11874 2562 2574 13411 2549
7709,2645 9495 2644 2647 2648 2639 2640 10147 13904 2649
7710,11954 1367 10341 2531 10547 5310 11374 9905 8503 11377
7711,3465 1529 2614 2820 2742 11366 11121 4514 13578 1166
7712,10140 1383 7465 2528 7762 2522 10016 1919 2185 5314
7713,7121 11185 14406 3022 8999 10651 7111 7114 12876 7120
7714,1529 3779 9366 11366 2364 4514 13578 3783 3776 3780
7715,3151 8648 3027 4155 4156 4165 988 3167 3166 11366
7716,10715 14702 52 14100 1351 15274 13436 15273 3865 13827
7717,3289 11016 1870 3349 2476 5392 3324 3281 295 3301
7718,3465 2742 2820 2815 2614 13327 1166 11366 1165 2814
7719,8451 1454 843 3985 3313 662 11010 11162 2715 8040
7720,2614 2742 1529 2745 2820 3465 5998 2743 13540 4515
7721,3256 6767 7840 778 820 5153 822 6682 3372 894
7722,7681 768 12232 3205 5054 7670 6437 7677 5146 7201
7723,4035 10071 10073 8645 13380 13426 10074 10070 11420 10072
7724,4885 5392 3328 4905 1082 4636 4904 3348 4900 3325
7725,4270 5575 1448 9577 12246 1652 6265 13051 5756 7149
7726,15054 3912 15053 3617 15052 7655 12943 12946 8263 11366
7727,11808 11805 6432 13185 6810 11028 1135 6557 12080 13985
7728,12793 13224 13835 14126 8382 3981 9950 11366 7795 13833
7729,15284 11366 3055 10715 8999 611 4426 53 2820 13885
7730,9207 15084 9204 9210 6533 3474 9208 2904 4466 9196
7731,612 8500 618 11366 2120 2139 3295 11823 9105 11828
7732,771 100 15215 15211 14849 15212 11060 13190 15214 15213
7733,4797 9216 475 13825 4784 6530 11366 4197 7005 9156
7734,11535 11366 3055 10715 8999 611 4426 53 2820 13885
7735,10086 12068 13822 12647 7825 11945 11366 5324 12310 12963
7736,7121 8999 15069 14406 11185 3022 10651 12876 12874 91
7737,91 14612 15184 7122 94 12054 80 14865 14555 14166
7738,3970 5613 11468 3961 654 4013 228 11366 213 8914
7739,6572 6355 14884 14882 13693 6570 14883 7120 14401 14368
7740,626 15100 5113 5709 4966 10337 15171 5108 5103 5102
7741,7115 2125 10651 14553 108 7125 15244 7117 3022 2142
7742,3019 108 10651 9480 7115 13952 7132 13953 45 7125
7743,2139 3575 1072 11366 13579 1105 13580 588 13582 5094
7744,3687 11778 3666 3074 1354 2380 12912 4141 3688 3416
7745,13577 13268 12552 9017 10620 12028 11709 5261 12828 12371
7746,5948 15030 1736 5930 5924 5936 5944 5939 5926 5949
7747,7552 13677 13676 227 12730 9171 11366 3945 8553 6858
7748,625 12178 9296 11366 13517 6633 6030 14585 6023 4488
7749,8669 12108 13411 11720 2588 3608 9464 11234 5610 10915
7750,5281 742 7732 2509 9157 6906 12995 11366 2572 2541
7751,3664 961 3008 3007 4078 966 12762 4094 12760 12761
7752,13412 9901 11646 13724 8801 10889 1033 2538 10890 11045
7753,549 9709 9585 9043 2533 9586 2536 5574 2522 2528
7754,5314 10539 10019 97 6898 6917 9913 9315 12515 1383
7755,740 14979 1351 15274 14980 14348 14907 14089 15273 833
7756,14345 1145 3414 10750 11366 1721 11340 1136 3413 1146
7757,4782 834 824 1457 7513 6031 833 3811 832 828
7758,380 4437 12014 4248 377 6942 14713 4294 11366 15057
7759,796 860 163 7512 1690 828 790 760 833 11366
7760,2255 3935 7836 6682 5888 3939 11300 8769 4253 6443
7761,1351 10715 15274 15273 14702 14089 14720 1350 14703 14307
7762,5412 4863 6475 12822 4096 5470 5469 4384 5476 7280
7763,15110 15166 10083 14372 11191 14622 12092 11095 14600 14777
7764,2131 7138 9182 3822 2483 3494 2488 3018 4637 2127
7765,7386 4712 8064 8062 8061 2674 7090 7385 2810 7389
7766,10666 3961 9222 8260 11732 13714 14928 11366 11815 8249
7767,15042 15043 1540 6015 1536 4088 10883 12559 14608 15021
7768,6898 5281 8607 13851 14052 6901 10379 11366 6906 12097
7769,9354 9111 11166 7738 11858 9559 9361 13427 7735 8897
7770,994 12324 14961 6271 876 11087 11366 3801 13943 211
7771,4664 1999 4656 6865 8552 12462 947 6167 293 13634
7772,3857 5299 11366 10265 11690 8419 4457 627 12297 1260
7773,14163 14866 14868 14865 14867 14612 8999 7118 12427 14647
7774,14306 12206 10215 14427 14865 6106 11366 14320 1858 9055
7775,11126 3055 13388 14990 15285 12206 14988 15069 14984 14989
7776,14163 14866 14868 14865 14867 8999 14612 11366 7118 12427
7777,9054 14551 14555 14553 78 14166 11366 14554 9740 14557
7778,739 14852 14555 14553 15230 10806 833 9035 9740 14554
7779,2206 7301 3600 15147 7154 6917 1490 1880 2507 7297
7780,58 4426 8050 13411 94 80 14604 14605 15068 15249
7781,14166 14929 3021 14427 14930 13134 14081 12513 15244 14553
7782,11126 15285 58 14899 14701 13388 3055 15069 11125 14990
7783,14560 14851 11045 3960 11718 13015 14850 3471 8999 9510
7784,14899 14701 15285 11478 11366 8367 11126 3867 9899 10155
7785,2544 2146 2541 2524 2535 2518 2511 2527 2552 2530
7786,10750 14345 3414 3413 11340 1009 7075 9537 9538 10855
7787,13966 13965 13964 13967 13707 13963 6751 11366 3055 10715
7788,8413 13891 2154 8414 14612 15255 8420 8417 8412 8406
7789,12877 15112 14578 14519 15247 12876 12874 7120 15028 4363
7790,14930 15244 14931 14427 2189 15250 12513 110 11959 2203
7791,13414 13952 7159 15226 14607 14510 15063 14898 15028 14826
7792,15284 11366 3055 10715 8999 611 4426 53 2820 13885
7793,8999 7121 11184 1368 14670 14166 13912 7325 7116 14163
7794,3235 4823 4884 7332 4813 3234 9105 3239 7326 9114
7795,6911 11675 10435 1819 2992 2051 6894 8643 11467 3638
7796,3055 11126 7116 8369 15069 14989 14990 14991 14988 14992
7797,13414 14826 15226 15063 7159 14510 14607 13952 14898 15028
7798,10715 14163 14702 52 14100 14307 1351 15274 9487 9097
7799,14108 12668 14210 11366 3055 10715 8999 611 4426 53
7800,14080 15287 1500 8310 6409 14604 14605 9989 11965 11366
7801,14391 14939 5037 11366 5545 10321 3055 14163 796 10715
7802,15288 14555 14081 15184 14553 14852 14850 9054 14166 91
7803,8903 3318 12993 5222 11207 11197 11366 8758 11200 13975
7804,1947 8041 6943 9128 1092 4520 4526 9127 4522 4525
7805,12481 8997 2009 8389 11055 5413 11366 8203 1082 5024
7806,8077 7739 4665 14257 8076 8079 8080 4651 2746 8078
7807,5347 8467 13195 5346 11033 13799 14414 8993 12269 11366
7808,15129 5929 14471 8735 14217 11366 8736 3055 5924 8733
7809,4660 4663 11368 4650 11370 4653 2804 4646 4655 4657
7810,4426 13016 15263 12054 4433 4435 4432 15118 15002 10536
7811,10124 3403 13753 14452 14127 11366 13335 5615 7684 5229
7812,7124 14559 13912 14612 15079 14867 11366 14866 14865 14823
7813,12060 10930 12062 13193 10362 12064 12063 10563 2330 12059
7814,12308 856 9801 12306 9276 12307 7212 12305 3360 1096
7815,11122 2820 14324 3465 8904 11121 1532 1166 13344 11366
7816,14826 14827 13587 14825 53 8873 8587 15134 11366 13414
7817,2497 9284 10265 5278 2585 1381 2180 6650 10526 5795
7818,14555 14081 14852 14850 15288 15184 14553 9054 14166 91
7819,53 12877 14578 7124 13912 8377 15228 7120 15112 81
7820,58 14824 14827 11366 93 14607 14868 14165 14554 14869
7821,8872 13412 8871 14668 11366 11320 4211 9215 4280 10616
7822,2566 11016 7332 7564 124 150 7561 12325 3237 3234
7823,53 14578 8377 15228 14987 10502 10501 80 94 14826
7824,12336 1316 10158 7330 12185 11366 3717 9493 10678 7317
7825,14700 15289 11045 11366 15274 11047 14560 6917 15273 8801
7826,13640 13798 9306 9856 11237 14959 11366 6161 279 2983
7827,15061 15062 8369 8370 15001 3056 3054 3053 3057 3059
7828,3843 1826 2876 4416 5662 11797 11801 3844 6811 11800
7829,6364 1826 11802 9192 11366 12737 1777 12644 11532 12643
7830,10364 494 13755 5064 1392 1081 3211 5075 12246 1457
7831,13310 10123 13309 13311 3405 14315 10879 13431 11366 4118
7832,15290 11366 3055 10715 8999 611 4426 53 2820 13885
7833,975 7322 927 958 965 911 945 7760 10460 915
7834,7128 15276 13891 1367 2125 13808 12054 13952 11184 13913
7835,4820 3055 11605 10468 11604 6317 907 11588 13947 13948
7836,14550 3471 15184 14619 14081 15065 14092 11820 11366 3373
7837,2191 5642 2198 88 13411 10958 12054 2513 2209 9928
