user_id,recommendation
0,20 21 22 24 17 1 11 14 15 18
1,37 38 39 35 3746 2719 7021 9546 2641 12795
2,92 80 94 76 77 15064 60 57 50 90
3,169 132 170 171 172 157 123 168 130 165
4,204 205 206 192 207 195 200 194 199 203
5,221 220 223 222 224 218 213 212 214 215
6,229 232 230 231 3862 13950 7195 11292 10485 3859
7,246 247 249 248 250 236 238 245 244 237
8,256 257 258 9484 376 11903 6204 2344 8918 5509
9,262 264 261 263 1556 13709 4023 4549 11774 1560
10,270 271 273 272 269 274 268 8175 8174 8173
11,279 278 277 280 5997 14959 11237 6600 13668 4521
12,293 292 133 291 294 283 288 286 289 290
13,321 313 307 327 303 305 316 300 302 311
14,351 339 348 349 343 346 350 340 341 317
15,354 355 356 14411 7173 7588 5506 3890 2020 15141
16,359 361 360 15258 15094 14333 15259 12098 362 11533
17,363 364 365 12051 2061 11561 3872 11562 11916 8696
18,367 368 13198 13197 6218 4806 13199 5473 1672 10896
19,377 380 387 386 388 389 371 376 372 382
20,395 401 394 402 396 398 393 399 400 397
21,403 404 405 406 12475 1166 9791 12426 13625 1323
22,409 410 296 411 7522 4156 9317 4263 3558 4155
23,498 497 470 499 501 336 500 446 459 474
24,535 533 532 530 534 537 531 525 526 536
25,543 51 547 548 542 545 539 540 544 549
26,554 558 556 555 557 552 553 6712 6720 6709
27,564 566 565 574 562 571 573 570 568 572
28,581 582 578 583 577 323 579 12403 580 1392
29,596 598 597 600 599 591 592 588 593 595
30,623 627 608 628 615 610 606 604 619 614
31,634 169 14297 8074 165 7428 9706 6471 4857 2262
32,642 643 644 638 639 645 636 641 640 637
33,648 649 650 10177 10172 958 927 5816 965 5806
34,658 659 660 654 653 288 657 661 655 656
35,665 666 667 10245 7195 985 7194 6003 3479 2350
36,669 5943 5944 5945 5946 5942 5956 5949 5947 5951
37,672 671 670 10089 10090 10074 10091 5868 10087 12657
38,706 705 707 708 682 675 709 691 681 677
39,721 720 719 718 15276 5949 5948 5960 5952 5950
40,584 730 731 732 733 729 727 723 728 725
41,833 831 830 832 834 800 828 829 763 783
42,885 886 887 882 869 889 888 872 867 874
43,899 898 897 15276 5943 5944 5942 5946 5941 5948
44,902 903 905 904 906 901 900 8917 10322 1629
45,958 927 965 959 962 963 981 940 916 913
46,1012 1004 1000 999 1006 1010 9640 1005 1001 1008
47,1085 1086 1065 1032 1025 1049 1087 1068 1066 1064
48,1113 1107 1112 1114 1109 1115 1108 1891 1110 1106
49,1121 1120 1122 1124 1123 1119 1125 8021 11772 5244
50,1132 25 1131 1130 1129 1128 12062 13309 13311 10934
51,1142 1139 1137 1149 1150 1147 1144 1157 1153 1138
52,1159 1160 1161 1162 4986 5816 5806 4981 4716 4987
53,1165 1166 1167 1168 12007 13200 23 2742 2820 3464
54,1173 1171 1172 1174 7293 13031 14947 11162 9364 8439
55,358 1179 1180 1170 1178 626 1458 1177 9983 10588
56,1183 1184 1185 9938 6529 5404 9940 9941 4234 9272
57,806 1211 1214 1212 1188 1213 1210 1189 1197 1209
58,1228 1220 1221 1223 1224 1227 1226 1225 904 13074
59,1233 1232 1231 1234 2773 10301 12023 467 8875 8975
60,1239 1240 1241 687 1242 1238 686 1424 1421 14431
61,1244 1245 1246 6292 6291 6283 6272 6288 6285 6289
62,1248 1249 1247 12555 5428 18 2414 12556 12554 12552
63,1255 1253 1254 1256 44 1252 1251 10255 9488 13555
64,1264 1263 1265 1266 1262 1260 1259 1261 13686 13688
65,1279 1274 1280 1281 1081 1275 1277 1270 1276 1278
66,1285 1286 1287 7330 3830 3834 3733 8273 3828 657
67,1289 1290 1292 1291 13362 8607 13363 993 10013 3145
68,1303 1299 1304 1297 1298 1300 1302 1295 1301 1296
69,1308 1309 1312 1310 1307 1313 1311 1305 1306 5968
70,1316 1317 1318 1314 4625 1319 13982 10817 1141 673
71,1323 1324 1325 13330 405 13333 13854 13334 14122 1168
72,1328 1330 1329 1331 1327 2948 0 2946 2945 2949
73,118 611 1333 392 12109 117 8503 10342 5574 12051
74,254 1337 1338 1340 1339 1335 1336 9210 5675 9208
75,1283 426 1343 2590 11906 11789 11827 1623 11765 9941
76,1345 1346 4357 5589 3619 10474 2328 8028 11821 9429
77,1351 1350 1348 1349 14089 15274 14720 15273 13454 14719
78,1355 1354 1353 1356 1829 4140 1357 4141 6741 12894
79,1363 1361 1364 1359 1362 57 1360 1365 980 9288
80,1369 1371 1370 1368 1164 3238 13313 4883 4899 3237
81,1379 1380 1376 1375 1381 55 1378 1373 9292 1377
82,493 1442 838 1443 1425 1408 1401 1410 427 1218
83,1463 1465 1464 1395 1462 1461 15227 9222 8260 15000
84,1468 1470 1469 1473 1472 1471 5950 5949 5951 5948
85,1489 1488 1487 1490 1486 1481 1483 1491 14107 885
86,1498 1500 1501 1502 1503 1499 14868 6026 11965 9989
87,1507 1508 1509 12815 13130 10475 1597 1598 1599 9621
88,1512 1513 1514 9497 9955 6693 6697 430 2715 11010
89,782 747 773 419 763 833 1517 828 804 831
90,1521 1522 1523 6492 6480 6486 5987 6509 10931 959
91,1533 1531 1532 1534 1526 1525 1530 1528 1527 13329
92,1538 1539 1541 1542 1540 1536 1537 3663 14608 12762
93,1545 1546 1547 11162 4499 2018 459 9689 8845 6370
94,1550 1551 1552 9266 1819 8943 9561 11933 8643 3643
95,1556 1555 1557 1558 1559 1554 13655 9324 9323 264
96,1562 1563 5946 5947 5948 5949 5945 5957 5951 15276
97,1580 1581 1582 598 1428 1583 596 1567 1579 1574
98,1591 169 1593 1592 1594 1590 686 685 241 4857
99,1615 1616 1607 1597 1599 1598 1617 1605 235 1609
100,1627 1628 14711 8411 11405 5945 5946 5947 5948 5944
101,1629 1630 1631 1632 8027 8117 8121 8129 8130 8124
102,1634 1635 1636 13801 13800 13802 13803 10605 13451 10079
103,1647 43 1648 1649 1650 1642 1643 1645 889 1640
104,1654 1655 1656 5702 5705 5704 5698 11326 5701 5384
105,1658 1659 1660 10704 13552 10703 8845 10228 5892 10706
106,1662 1663 1664 2394 10226 13704 2438 6253 3424 2390
107,1667 1668 6803 8769 11300 3939 5888 12909 8225 7836
108,1675 1678 1676 1674 1672 1671 1677 1673 1626 7645
109,794 1688 1689 489 1690 942 738 1682 1685 8925
110,1698 1695 1697 1087 1699 1694 1693 11961 1696 10934
111,1146 1136 1145 1150 1725 1717 1726 9537 1722 1710
112,478 1732 1733 1734 476 10436 464 483 494 435
113,1736 1737 1280 1063 5948 5924 5930 5936 3530 5933
114,1740 1741 1742 7684 5230 15038 5232 5231 5227 5229
115,1746 1745 1747 1748 6118 1744 342 13888 2919 2007
116,573 196 566 12372 565 564 1750 574 9847 11467
117,1515 1761 1764 1762 1757 1763 1754 1758 1759 322
118,1774 1773 1770 1724 1775 1776 1704 1772 15041 7217
119,1785 1782 1781 1786 1784 1783 4174 13522 10974 11459
120,1790 1794 1792 1789 1788 1791 1793 1787 12214 12217
121,1799 1801 1800 1802 1197 15161 15162 1199 4306 568
122,1814 1815 1818 1816 1817 1813 1807 1808 1811 1810
123,1826 1825 1827 1823 1822 1821 12920 12919 1824 4414
124,1833 1832 873 1835 1834 1831 1830 5855 5870 5861
125,1841 1853 1842 1849 1843 1857 1854 1838 1851 1856
126,1860 1861 1862 1863 1864 1859 1858 14759 12375 14758
127,1867 1868 1869 10636 6472 3504 10649 939 10202 6681
128,1872 1873 1263 13774 13772 13773 13775 13407 11525 12550
129,1876 1875 1877 10704 5160 5154 3129 7710 10697 13987
130,1879 23 1880 3159 3166 3174 6875 0 9899 3137
131,1882 1883 1884 1885 13002 5327 13247 5328 3481 9074
132,1887 1888 13662 1611 8822 6734 9629 9754 1010 12058
133,1892 1891 1893 1895 1894 1113 1896 2906 3088 8515
134,1900 1390 868 871 1901 1570 1899 11831 11823 11829
135,444 1906 1907 1908 1909 1904 1903 1905 497 472
136,1915 1914 9662 1916 9665 1913 8165 5671 9663 7064
137,1640 1918 1919 14602 14601 10015 2146 9582 2559 41
138,1921 1922 1924 1929 1930 1923 1928 1926 1927 1925
139,1942 1941 1943 1944 15232 8206 15231 8204 1940 6297
140,1945 1946 12217 12372 12214 902 2942 11467 1794 12215
141,1950 1954 1955 1953 1884 1956 1951 13925 1949 1952
142,1975 1976 1977 1959 806 1973 600 1968 596 1961
143,1985 1986 795 5522 8134 10837 10044 8135 8121 8125
144,1989 1990 1991 3764 7143 10912 1992 250 10511 10512
145,1044 1994 1996 1995 1997 5310 1993 15281 6013 5149
146,2002 2003 2006 2004 2005 2001 8961 2000 1263 5658
147,1354 2014 2015 2009 1303 1357 1355 2011 2010 2012
148,2030 2031 101 2020 1093 2022 2019 2027 8819 2025
149,2039 2040 501 2034 998 2037 2038 2041 2035 2036
150,2047 2052 2053 2054 2056 2055 2051 2050 2048 2049
151,2060 2058 2061 2059 7951 11228 13882 3671 12228 13394
152,419 2062 2064 1079 2063 875 11804 9529 497 10063
153,2073 1692 2074 2075 2076 2077 631 2072 2069 2070
154,1367 2085 2084 2083 12711 7134 12710 7191 5587 7458
155,2092 2091 2090 2093 2094 2086 2089 2088 2087 1578
156,2007 2102 2097 2103 2104 788 2100 2096 2098 2099
157,2112 2114 2113 2115 2116 2111 2110 2109 5820 5816
158,2146 2147 41 2149 2127 2148 2150 2123 2120 2143
159,2166 2167 1902 2161 466 2168 2162 2164 2160 2163
160,2178 2179 2177 2176 2171 2173 2183 2181 2180 2172
161,2199 2033 2198 374 2193 2191 2192 2190 7160 2549
162,2242 2243 2244 2245 2246 2233 2237 2207 306 2223
163,453 2256 2257 9621 497 14275 481 281 459 446
164,1987 2259 2260 2272 8328 8331 8330 8329 8333 8327
165,2261 1902 169 9405 11958 5147 466 3524 12429 2715
166,721 720 719 718 15276 5949 5948 5960 5952 5950
167,2267 2264 2265 2266 8965 6117 8496 1936 4793 8969
168,2272 2283 2289 2292 2279 2273 2280 2290 2291 2269
169,2297 2298 2035 2300 2299 3927 3929 9496 2039 3625
170,2318 2320 2319 2321 2315 2314 2310 2303 2316 2306
171,2327 2328 873 9333 9329 9332 9328 9330 7213 1838
172,2351 2353 2352 2355 2336 2330 2348 2354 2339 2335
173,1088 2362 2363 9993 13799 14414 8993 5772 501 7118
174,2005 788 464 2366 1481 763 801 463 814 827
175,2374 2370 2375 2369 2371 2372 1354 10856 10854 7064
176,2384 2383 2385 2386 2387 2388 2389 2382 2392 2381
177,2403 2401 2404 526 2402 14641 12899 4421 11941 12276
178,2406 15276 5944 5945 5946 5947 5943 5957 5950 5948
179,2407 738 480 2408 476 6815 497 6312 435 833
180,2433 2432 2434 2431 2435 2419 2410 2429 2423 2426
181,2442 2441 2443 977 4590 12761 967 3281 3324 4086
182,2446 2447 268 2448 2445 12319 10044 6601 4104 12047
183,2449 2450 2451 1262 8993 13799 14414 9128 1088 501
184,2367 780 775 331 2452 455 2462 2460 2461 792
185,2030 2466 2145 1047 871 2465 2027 8819 2536 2524
186,2475 2476 2474 2471 10101 14863 2469 3305 3476 10665
187,2555 2524 2557 2029 2552 96 2530 2523 2556 2481
188,2577 2578 5048 281 12305 8797 9915 3645 3923 9743
189,2579 2580 2581 2583 2582 12306 10479 5916 2188 10712
190,2586 2589 2588 2457 1521 2587 1238 11081 9318 6032
191,2594 2596 2595 2598 2593 2592 2597 2591 15202 7407
192,2601 2602 2603 7955 11345 8961 8458 9151 5658 9890
193,2605 2604 14402 12485 14401 2837 9346 10836 4659 3013
194,2607 2608 2609 7960 7537 7534 7535 7961 15280 7542
195,2611 2612 2610 2613 4059 8629 8625 8630 8632 8626
196,1730 2620 2623 2621 1729 2622 2619 2618 369 703
197,2626 15140 15139 2625 10287 15142 10481 15143 15137 15136
198,2628 2629 2630 4315 7339 4163 3371 8484 997 3493
199,2632 2634 2635 1173 2633 2221 10560 3220 9404 5939
200,2647 2646 2642 2639 2640 2648 2644 2643 2649 2641
201,2655 2296 2651 10044 3853 2656 2657 2293 2650 10042
202,2663 2664 1635 2666 2665 2662 4056 14026 12544 12183
203,2672 2671 2673 2670 2669 9991 4498 9098 8973 1804
204,2712 2713 2076 2711 2714 2678 2693 2698 2710 2691
205,2724 2729 2725 2727 2723 1840 2726 2728 14501 8676
206,2733 1687 2734 2735 7823 11995 11998 11999 12000 6308
207,2739 2740 2741 2742 2743 2738 8603 2034 305 1494
208,2751 1247 2753 2752 2754 1815 2749 2747 807 2456
209,2776 2777 2778 2025 2757 2771 2760 2775 2773 1386
210,2801 2803 2804 2802 2788 2786 2792 2787 2791 2794
211,2812 2813 2811 8430 1857 10189 10190 10188 5943 5957
212,1535 2819 2820 405 1166 13648 2821 13659 2817 2818
213,2825 2826 1626 2827 12688 1871 3521 10762 12185 9457
214,2832 2833 2835 2834 2836 2829 2831 2828 4420 2830
215,2839 2840 2841 11610 12684 13176 7650 9137 10757 9379
216,2862 2854 2844 2860 2861 2849 2850 2853 2851 1716
217,2872 2873 2874 2875 2871 12731 12728 2876 12732 7081
218,611 10893 11483 6016 11484 14621 12051 8303 3213 9781
219,2885 2879 2893 2884 2882 2881 2890 2889 2892 12378
220,2895 2906 2907 2909 2908 2904 2910 2898 2730 2902
221,2926 2927 1747 2917 2916 2919 2928 2925 2922 2918
222,2936 2937 2759 2938 2939 2934 2933 2932 8765 8764
223,2944 2943 8965 5262 5263 5265 1601 4274 5174 4425
224,1328 2199 61 2948 2951 0 1660 2946 2949 2950
225,2958 482 2959 2960 2961 2955 11915 2956 9337 2957
226,2976 2965 2966 2967 2968 2970 2972 2974 2975 2964
227,2985 74 2986 11331 11335 11338 11327 7097 10619 5616
228,2987 2719 7453 4017 10165 3684 9886 10494 5520 5074
229,31 2988 2442 2989 30 4590 6003 35 8813 3281
230,2257 2991 2993 2992 625 12306 2895 3646 3654 1056
231,2997 3001 2996 1321 3002 2998 3000 12375 6808 2995
232,3010 3008 3007 3009 3011 3005 3012 3006 3004 8627
233,3014 3015 2024 1569 3016 3711 5551 4239 5981 3710
234,114 3018 9400 13953 11586 14430 15226 9398 13952 9401
235,3023 3024 298 2225 3335 5760 12974 6684 9425 10597
236,3032 3037 3039 1653 3038 3030 60 3034 3031 3027
237,3043 3044 2560 1752 1751 4863 4634 5132 2270 4852
238,3045 3046 1529 15010 14327 13356 13540 2745 13334 3463
239,3047 960 3048 10691 4158 6312 6008 1509 6308 3806
240,3055 3057 3058 3059 3054 3056 3053 15001 3052 8369
241,3067 3065 3064 3068 3066 13166 12900 11401 13431 14315
242,3069 3071 3070 3072 12218 8746 12220 4546 12221 3512
243,3082 1314 3081 3080 3078 3083 11536 2889 12736 12737
244,3086 3087 3088 1893 3089 2732 5899 3090 1267 11074
245,106 3092 3093 2204 9019 10178 14703 14702 11595 183
246,3094 13572 10098 8269 5778 4597 9439 9757 3001 10072
247,2236 500 3101 3102 1684 3096 2926 3098 3095 3099
248,3106 3107 11106 11103 11104 11100 11101 10543 8156 11107
249,3114 3115 2692 12362 2293 3113 13132 3112 3108 9343
250,3118 8234 5649 5648 5646 5647 5644 5643 5645 11475
251,3125 3126 3127 3123 3128 205 203 1547 1881 2945
252,3166 3155 3175 2603 492 3143 3137 3158 3133 2214
253,3204 3207 3206 3208 3185 1976 467 3193 3198 3196
254,478 744 3222 761 3223 1646 3215 3218 833 430
255,3232 3227 3229 3231 3230 909 3234 3235 3228 3233
256,3243 3240 3244 3019 243 3242 3241 8859 4318 5624
257,3141 15031 3166 12783 3137 11868 3158 3133 987 3154
258,3252 3253 3254 3255 2709 3248 3249 7439 3251 3247
259,3260 1311 3263 3261 3262 3259 4585 14845 1310 1312
260,3266 3267 3268 6698 13824 5013 11924 1499 12796 12795
261,3269 3271 3270 2794 3272 174 8717 247 10527 9320
262,3360 3324 3281 3361 3363 3334 123 3349 3362 3195
263,3388 3387 6305 11145 8884 2280 13987 3269 7706 14102
264,3389 7280 3390 5760 8987 1494 847 8366 8989 5436
265,3393 3403 3404 3392 56 3391 12516 3394 3399 13373
266,3407 2187 51 3408 3406 12202 8838 2198 9002 55
267,3410 3411 3412 14623 12028 13759 12296 1448 9577 5575
268,3415 3414 1887 673 3413 6734 7059 12199 8824 8822
269,3417 3418 3419 7761 305 8593 8600 2034 5926 10248
270,3421 3425 3426 3422 3424 2908 3423 7942 7745 9806
271,3428 3429 3427 1119 8016 13403 4350 5743 11771 8021
272,3434 3433 3432 3430 3431 3435 14739 943 5948 5946
273,3436 15276 5945 5946 5947 5948 5944 5958 5951 5949
274,4 3440 1390 3441 3438 3919 1389 3439 9984 1424
275,3447 3448 3450 3451 3445 3446 3449 8320 6566 12984
276,3452 15276 5945 5946 5947 5944 5949 5943 5951 5948
277,3459 3460 1099 343 2563 57 3456 10342 2120 10550
278,3463 3464 3465 2614 1166 11052 14327 2820 15035 15010
279,3466 3467 2537 3695 11838 2672 1555 4174 11837 9679
280,3469 3470 3471 6925 6926 6607 14733 9126 9828 13962
281,3472 1982 1550 3210 3473 4946 2790 5476 5470 5469
282,3477 128 3478 3479 3049 2159 11761 5094 7501 172
283,3480 3481 8646 8244 1703 14369 8645 2182 11096 14155
284,3483 1720 3484 3084 1718 13684 13685 13682 11186 12733
285,3487 1978 3321 4488 841 4501 4483 12022 3922 542
286,3491 9138 3490 13776 13777 8115 3489 13778 5945 5946
287,3502 3504 3503 198 3505 3496 2164 3493 2469 3499
288,67 3512 3511 3510 3513 9002 3409 3968 12218 8746
289,3517 3518 3186 3519 2781 3514 3516 3515 5855 9549
290,3540 3542 774 3541 3521 2357 3523 3535 3537 1089
291,3555 3242 1514 3557 3556 3551 3550 3554 3552 3553
292,3569 3567 3568 3570 2791 3564 3563 3562 3566 3565
293,3574 3575 770 3577 3576 1875 4248 4253 3376 2772
294,994 3578 3579 876 6271 9364 7670 7293 14665 14773
295,3585 3584 3586 3587 3588 3581 2233 3582 3583 7454
296,3590 3592 3593 3198 3591 3204 2355 3208 13757 4265
297,3597 3595 3599 3598 42 2738 3594 3596 9899 10958
298,3608 3606 3609 3610 1868 233 1765 3601 3603 3605
299,3615 1171 3616 4400 14955 14979 15108 9618 14393 14907
300,3625 3628 2055 594 3639 3630 3638 3626 3640 3631
301,2421 2414 3661 2422 3660 3647 3646 567 3655 3659
302,3666 3667 1007 3074 11892 9536 11626 8154 8149 8157
303,3669 3670 3671 3672 4070 7951 4066 4065 2060 4064
304,3687 3688 3689 3686 3690 3691 3673 3677 3683 3680
305,3705 3706 3707 231 3708 1566 3700 3702 818 1972
306,3717 3138 3716 968 3714 3715 3166 10860 3133 3137
307,3722 3721 8279 8289 8284 8282 8276 8267 6405 8285
308,3734 2692 3340 3740 3741 3737 3115 3733 3725 1066
309,1943 3748 3750 3749 1080 2911 3747 3745 3454 2826
310,1667 3753 1435 500 3754 8769 3939 5888 11300 8225
311,3758 3757 3764 3759 3763 1098 3761 2682 1278 1050
312,3770 3771 3769 3772 3768 3767 5454 13555 9488 13553
313,3780 3783 3776 3778 3775 3782 3777 3784 3786 3781
314,3790 3791 3792 3406 11558 11162 11559 7022 11557 1624
315,477 3794 3795 3796 476 427 459 8865 5333 736
316,3799 2430 3798 11998 11995 11999 7823 12000 2434 5925
317,3806 3807 3808 3804 3809 3802 3803 3800 3801 3805
318,3810 3811 884 4083 4078 2329 7507 1854 7245 846
319,3815 3816 3813 3817 3818 3263 3814 14137 6998 13512
320,3824 3835 3834 3836 3830 3833 3832 657 3828 3826
321,3516 3843 3844 2767 3845 2876 3842 5662 11801 11797
322,3849 3847 3851 3852 2673 3850 3848 1878 3396 11603
323,3407 246 3856 399 3855 9013 242 6294 247 12406
324,3861 3862 2830 3863 2831 3860 230 629 3859 1629
325,3867 3868 3870 3869 3871 3866 30 7729 4989 6875
326,3880 3884 3885 3886 3883 3877 3887 3888 3873 3879
327,3907 3906 3900 3898 2043 3905 3895 3904 3586 3899
328,3252 996 2153 851 383 3909 9615 9002 12202 9616
329,852 811 3932 3919 3809 3912 3929 3927 3922 3914
330,714 732 3881 3945 3946 3944 3942 3940 3943 3941
331,3950 3951 3952 7805 5285 4261 5284 3133 6937 6938
332,3954 3953 8093 8094 5560 8092 15073 8102 8091 14894
333,3228 3968 3969 1292 3970 654 3956 3961 3957 213
334,3979 3978 7473 9336 729 9502 10170 10434 29 9710
335,3980 626 3981 3982 358 13113 1458 2914 7408 6712
336,3984 3720 3985 3986 4588 7983 5176 7982 211 7981
337,3989 3990 11670 3991 9186 3992 13143 4247 11935 11904
338,3993 3994 1095 7430 14665 14773 9443 13768 5262 3900
339,3996 3998 3997 3995 7893 10408 7894 15131 14012 9400
340,4005 4004 4006 4007 4008 4003 4001 1811 4000 4002
341,4012 11468 4013 7814 8914 7812 7707 7813 7811 1876
342,4014 4015 625 4016 3945 3374 6409 8310 4394 4390
343,1648 4026 4027 2935 4022 4018 179 8856 163 4019
344,4034 3442 4035 4036 4037 10073 10071 10072 13426 14038
345,4047 4042 4043 4046 4044 1372 4040 4041 1051 4045
346,4051 4050 3111 3108 11363 10722 4049 10725 9073 3131
347,4054 15276 5945 5946 5947 5948 5944 5958 5951 5949
348,4055 5945 5946 5947 5948 5944 5950 15276 5952 5949
349,4056 4057 4058 2663 13451 4059 13818 13944 11631 2612
350,4060 1778 6363 6362 1779 1320 4061 9192 1321 1319
351,4070 4067 3670 4064 3669 4065 4066 4072 4071 4069
352,4078 4094 4091 4092 1908 4083 4084 4088 3664 4079
353,4115 4114 4098 652 4100 4102 4103 4105 4107 4097
354,4117 4118 4116 4119 4120 15050 3040 203 3498 4581
355,4123 15276 5945 5946 5947 5948 5944 5958 5951 5949
356,4125 4129 4124 4128 4130 807 4127 4126 1684 3811
357,4144 4142 4143 1778 2378 1356 4140 1829 4141 4136
358,4148 4149 4150 4153 3648 4152 4151 10837 10838 3647
359,4165 4155 988 4156 4160 4161 4164 4162 4163 410
360,4168 4173 2108 4172 4170 4171 4169 2982 1123 5486
361,794 1213 483 478 494 4177 464 476 435 809
362,4248 4255 4258 4256 4257 4240 4259 4253 4193 4202
363,4272 1176 4273 4274 4275 6395 6396 9823 6398 6399
364,4294 4296 4297 4287 4289 3554 4298 1436 4277 4279
365,4311 4310 4314 4312 4304 4313 4308 4306 4305 4309
366,4321 998 4324 3730 4325 2910 4319 4323 4322 593
367,4328 1866 4329 2820 4330 3846 8279 12426 6405 8284
368,4331 2243 4332 5870 5861 5855 5856 7061 7060 5874
369,4333 4334 4335 5341 13918 2423 13543 505 12955 12954
370,4337 4338 240 9129 6401 13551 12464 14470 6514 14172
371,2488 4345 4346 4347 928 2486 4343 2540 4342 3339
372,4351 2305 687 4352 4350 6532 7864 1403 3662 1805
373,4353 4354 4355 5051 5055 11269 6633 5038 3208 5048
374,366 2614 618 287 6112 14429 8575 612 1094 5382
375,1222 4358 282 710 14116 7936 6692 10323 7950 14115
376,4362 4361 12217 4733 12214 4737 4734 12216 4735 1941
377,4363 7120 1453 2155 81 8494 447 6572 3510 7113
378,4364 1568 4365 4251 209 11804 2768 4366 4213 5025
379,4367 412 2916 2919 10048 15144 4066 14847 15145 11619
380,4376 1764 4375 1798 4377 4372 3920 4374 4371 4373
381,4380 4381 4382 1452 4383 14871 10854 10856 14872 3690
382,4394 4390 4412 4393 4389 4391 4400 4392 4407 4411
383,4414 4415 1306 1826 4134 11349 11348 11346 11350 7427
384,4417 4418 12563 5954 9255 10483 12379 14529 11117 10559
385,4432 4435 4433 4421 4431 4429 4428 4420 3279 4423
386,4438 4439 4440 707 4543 4539 4542 11236 4540 4538
387,4443 4444 4445 9700 9704 3999 9705 508 6691 9701
388,4448 4449 4446 936 4450 4447 11852 14580 8258 11807
389,4453 2686 6858 11789 11906 11827 12592 5031 6857 2809
390,623 4456 1823 4464 1927 4460 2866 4459 4462 1827
391,4501 3966 4502 486 3922 763 542 4503 4491 4488
392,4514 1529 4515 1340 2814 14799 13671 13189 3465 13324
393,4517 2569 827 1466 11785 5908 15261 1465 1464 4628
394,4530 4529 4524 4522 4525 4526 4520 14266 4527 4521
395,4533 4535 4531 1731 981 955 4532 4534 12484 11655
396,4543 4542 4540 4539 4538 4536 290 4546 4549 4438
397,4556 1257 3092 4557 4558 4552 4554 4555 3769 541
398,4562 4563 4564 569 4565 11744 4560 4561 11743 11742
399,966 4087 967 4586 4587 4583 4582 4584 4573 4086
400,2875 4607 4604 2881 4598 1322 4597 4603 12259 2889
401,4610 698 4277 6752 10271 9401 10028 8412 13536 7963
402,4620 4623 4621 4613 4614 4615 4618 4619 4622 1148
403,2462 4633 3639 559 4628 1231 4631 4630 4629 4632
404,4637 2483 1275 2539 3380 1163 4636 7138 4635 2524
405,4657 4659 4658 4656 4655 4649 4646 4653 4650 4647
406,4666 4667 12330 13406 9210 9196 4466 9208 6533 2904
407,4668 4669 2556 11566 5709 5710 5708 990 5712 5707
408,4672 4671 14720 13793 11248 10488 14229 14719 13947 13848
409,4675 15276 5945 5946 5947 5948 5944 5943 5951 5949
410,4676 4685 4684 4683 4682 4681 4686 4679 4677 4680
411,3443 4692 4690 4689 4132 4691 2873 4688 4687 11892
412,4492 4376 807 9688 4487 763 9687 9684 542 11838
413,4702 4703 4704 4701 4698 4705 4706 1699 4699 4697
414,3121 4711 4712 13581 13582 13583 13580 1105 13579 3614
415,4718 4716 4719 4717 4713 4714 4715 8252 14788 13383
416,4722 4721 4724 4723 4720 4305 137 9462 9461 2480
417,4728 4727 6930 11982 7713 11981 2444 4586 6726 7714
418,4730 15276 5944 5945 5946 5947 5943 5957 5950 5948
419,4737 4734 4733 448 4738 1193 4735 4739 4732 4731
420,4741 4742 4575 13057 9616 9139 12099 12372 7439 9363
421,4743 4077 1296 10996 11348 5846 12915 10993 10630 11351
422,4749 4748 4747 2894 4745 4746 6224 2982 6059 10220
423,4751 4752 4754 2947 4753 15171 4955 4964 4962 4967
424,4262 2700 4762 3711 4759 2271 383 1418 1569 4756
425,4766 4767 4768 3097 894 2366 1458 4200 10515 2294
426,4777 3386 1960 4779 4778 4775 4773 4772 12462 4776
427,4781 3525 4782 1513 7667 7666 7665 6180 7661 5715
428,4784 4800 4801 4802 312 4783 4786 4793 4795 4794
429,4810 4811 11674 8956 11679 11678 11677 11682 11672 3686
430,798 3219 3397 4814 1392 4812 184 4813 2607 10053
431,4818 4819 3110 4061 4820 4817 6317 13583 13581 13580
432,4824 4822 4823 4825 5014 14713 11458 11460 5552 4821
433,4830 4831 3363 2751 1060 4827 4829 4828 3297 890
434,4837 4835 4840 538 4839 526 4834 4838 4841 4836
435,1751 4862 4863 3044 2560 4852 4853 4854 3043 4846
436,1657 251 2150 2775 136 4879 5888 3939 8769 11300
437,393 401 402 398 397 400 396 394 395 399
438,4903 4904 4895 4901 4905 4638 4900 4890 4885 4898
439,4919 4920 4638 4921 4901 4915 4916 4913 4918 4912
440,4924 46 4925 12318 12709 7372 392 12343 2057 7775
441,4931 2323 420 813 3513 4928 4499 9016 4476 1020
442,4371 4935 4376 8357 1764 4372 1910 13391 2400 11773
443,4942 4944 4808 4945 4938 4943 4927 2008 4936 4941
444,2770 4949 4950 8579 8583 1046 9458 2356 7110 11932
445,4963 4955 4964 4965 4967 4958 4966 4954 4960 4952
446,1014 1041 4976 3544 3546 4974 3108 4972 4050 3819
447,3287 1399 4989 4990 1369 135 4988 8249 4342 4983
448,4996 4995 4994 12202 8718 10504 8019 8696 9615 9356
449,3553 5002 89 3366 4158 4999 4998 5000 4997 5001
450,5006 5007 5005 5009 5008 5010 7659 11781 11146 3246
451,5055 5056 5057 3936 5048 3208 5058 5024 4732 4308
452,5086 5090 3916 5091 2066 1653 5085 4825 5081 5084
453,5098 5099 5097 4729 5100 2285 5096 8229 7991 7728
454,5102 5103 5101 5108 5105 5106 5113 5112 5110 4630
455,5115 5945 5946 5947 5948 5944 5957 5950 15276 5952
456,5120 3121 5121 5122 2703 3245 5119 5118 3167 5116
457,5128 5127 5125 5126 5124 5129 12558 11781 7659 4803
458,5160 5154 3129 5071 5167 5168 5131 4326 5136 5158
459,5182 5181 3557 4085 2714 14601 14602 7765 3556 9255
460,4369 5185 5184 4090 753 4021 6388 1293 1633 2786
461,1461 4038 5191 5192 1620 5189 5193 5188 5190 5187
462,5197 2699 5196 4465 2705 9091 14423 12758 5899 13458
463,5198 5200 5199 5201 5202 15125 9404 5939 10580 8006
464,4033 5204 5205 3129 5160 6079 5154 1603 11605 10468
465,5219 5220 3316 5214 4976 5208 5213 4979 3329 5218
466,26 5224 5223 5225 7992 9677 9676 9105 9673 9670
467,5230 5227 5232 5231 5228 3449 5229 1740 3447 3448
468,5236 11882 5237 11906 2806 11935 5235 11606 180 9916
469,5239 5240 5241 5242 5238 5938 5956 5950 5952 5951
470,5245 5246 5247 5248 1119 5243 5244 7899 10926 10927
471,5251 5250 10502 13273 10501 5341 13918 9931 3349 3273
472,5254 5256 1886 678 5252 5255 5253 8593 3562 8256
473,1799 5260 15162 15161 4306 568 723 10257 274 7952
474,4274 4021 5265 5174 2013 5263 5262 2944 1601 4425
475,1492 299 5278 5279 5280 4313 5272 5276 5281 5273
476,2268 5282 4273 2272 3933 10457 10455 2279 2280 2273
477,5285 5286 1897 5287 5284 1177 3950 8011 8010 8015
478,5294 2830 5295 5289 5291 5296 5293 5292 4409 5943
479,5310 5311 5149 5303 2492 1994 3136 289 5308 5304
480,5320 5318 5319 5317 8002 7808 9971 2923 9962 2624
481,4224 5322 467 5323 5324 5321 1391 4236 6633 8279
482,1882 5328 5327 3482 5326 5330 5329 13002 3481 9074
483,5333 5334 2901 1979 3794 6401 2900 9129 2895 15055
484,5336 5337 5338 2673 5339 5335 13181 7258 7136 13083
485,3385 3384 5342 11998 7823 11995 5432 12000 5429 11999
486,5344 2824 1533 13926 15096 10741 13635 5999 14331 6571
487,5346 5347 5348 5349 13799 8993 14414 7695 501 1088
488,5356 5358 5357 5355 576 5352 5353 5354 13024 11341
489,5359 5360 5361 3550 436 3428 1101 5856 5870 5855
490,2169 5375 5378 5372 5374 5377 5371 5366 5370 5373
491,5391 5389 5394 5390 2540 3289 5212 3332 3359 5387
492,5396 4188 5397 4091 2101 253 6980 10571 3911 11906
493,5399 12300 1933 12892 12520 5944 5945 5946 5943 5948
494,4937 209 5400 4946 10704 4475 1992 5892 7710 10697
495,5401 5402 685 4951 3875 8884 10781 6391 295 2469
496,5406 5405 5407 5404 5408 5403 147 8058 13729 13728
497,5410 4878 5411 1686 4908 2470 466 4891 4992 2482
498,4228 3043 711 5419 5420 5417 5418 5416 1752 8252
499,5426 874 5427 3453 3529 5425 5423 5424 1611 1484
500,5428 2422 2414 2421 1249 12555 3661 12552 12553 18
501,5429 5432 2000 5434 4202 3384 5435 5433 5431 1405
502,5442 5439 5443 5441 5440 5444 5446 5445 1153 1776
503,5447 5448 5449 4139 5450 5533 5532 5530 7819 10199
504,5454 1104 5462 3770 5460 5461 5459 5453 5456 5457
505,5463 5464 5465 5467 5466 991 8707 6144 13097 13087
506,5476 5469 5470 5478 5483 5484 5412 1677 5479 5472
507,5489 5490 5488 3042 5082 5487 6689 595 6690 6157
508,5492 5493 5494 13549 13719 13934 13941 1897 11021 6393
509,5496 5495 15276 5945 5946 5947 5948 5944 5957 5951
510,5503 5502 5504 5501 5505 5499 5497 5500 5498 3909
511,5510 1749 5511 1684 10262 9210 5509 4547 5507 2702
512,5513 5515 5514 5516 14159 1131 15163 3395 13431 5183
513,5518 5519 5520 14581 14424 10163 14379 14380 10165 14204
514,5528 660 4816 5524 5526 478 5525 5523 5527 12202
515,1140 5532 5530 5535 5534 5449 5448 5529 1148 5533
516,5547 1232 5548 5546 4031 5543 1570 5028 4366 5539
517,5556 5557 5558 638 344 5555 1254 5554 2795 416
518,2309 5561 7814 774 1409 5957 10347 2317 3811 466
519,5563 5564 4644 4642 5566 5565 4641 6797 4646 4647
520,5571 5572 5573 1553 879 2192 5569 5269 2669 2553
521,5576 5577 149 5433 481 5475 3837 10647 8855 4335
522,5579 1690 4925 466 5578 5580 13820 13581 13579 13583
523,5582 5583 7670 7201 5146 7677 6271 3193 6765 7472
524,3913 3519 5588 5590 5589 4478 5591 5585 5587 2331
525,5592 5593 1836 5594 7053 9210 14356 1401 11935 7246
526,5605 4750 4747 5604 5598 5603 5600 5602 901 5597
527,5607 5609 5606 5608 2081 932 937 12540 3973 11576
528,5620 357 5612 5621 5617 5615 1297 5619 5616 2266
529,5626 5627 5628 12310 8625 8633 8626 8630 8632 12646
530,5636 664 5167 1419 5637 4983 5629 5635 5631 5633
531,5299 8747 3714 14054 6325 14052 13851 10358 10360 5176
532,5648 5644 5645 5646 5649 5647 5643 5650 5659 5651
533,5665 5666 12592 1098 13894 12195 3545 9492 3344 4928
534,5669 5671 5668 5670 1773 9665 5667 1914 14748 14747
535,5675 1337 5676 1748 4386 5674 1360 6982 5678 9178
536,3101 782 5683 5682 5680 177 5434 5679 5681 3515
537,5684 922 5685 648 642 11037 13580 211 13582 13579
538,4132 4134 5688 4688 4687 4602 1861 5686 4138 5447
539,5693 5692 5691 5697 5694 5696 5695 5948 5957 5947
540,5701 5705 5704 5698 5702 5703 5699 5700 1654 10007
541,990 569 5712 5713 5709 4668 5710 5708 5711 3886
542,2309 741 873 4765 5723 5722 2589 5721 5717 804
543,5682 5734 5735 5727 5737 5736 767 5731 1402 5732
544,5499 3532 2064 13057 190 8238 15172 562 5497 10558
545,5752 3403 2270 3043 5750 1752 13373 12516 3044 5132
546,5758 5759 5757 5235 1247 8918 14733 4217 2761 8324
547,5762 5767 3719 450 5769 5761 5763 5768 5144 5200
548,5772 5774 5773 212 5771 5770 3933 4104 14414 8993
549,3028 3038 5780 5781 5775 5631 5782 5778 5779 5777
550,5786 5787 7000 5788 11868 11364 3177 12641 9345 13784
551,5789 3467 4558 8067 3607 9527 9322 10 9183 9187
552,5791 5792 4764 5992 6045 5987 11690 5990 1065 3832
553,5797 5800 5794 3137 5796 5801 4099 5799 2857 4339
554,5806 5816 2478 4640 4898 5829 383 5820 5805 5807
555,5847 5841 5849 1826 2884 5843 5842 5840 5848 5844
556,5850 2221 5851 11157 7393 7403 5596 12062 7280 11982
557,5870 5861 5856 5855 5868 5875 5873 4331 5869 2184
558,5884 5886 3411 5885 5878 1674 5879 2405 1175 5883
559,5891 5177 2723 1329 586 5620 11546 6598 2724 3995
560,2993 5894 2736 3342 226 3286 5862 5811 1075 5893
561,4710 4595 3982 5898 2131 5897 5895 1753 5896 4964
562,5908 1466 5915 5916 5918 5906 1464 5900 5912 5910
563,5930 5924 5936 5933 5950 5951 283 5925 5931 5932
564,5959 5960 764 3811 5961 5957 5958 885 5956 745
565,5963 5965 5966 5970 5969 2903 3125 5968 5964 5967
566,1341 1340 3499 249 5580 7624 606 9712 6536 389
567,5977 280 5974 5980 5975 5973 5976 5979 5978 3681
568,5983 4709 5984 1366 4518 11412 11414 11413 11411 7640
569,5992 5988 5990 5993 5994 5987 5826 5991 5175 5791
570,6000 6001 2820 5344 2742 5999 1166 12426 13327 405
571,1957 5324 6002 3213 46 7182 4452 578 7181 618
572,6006 6007 6009 6010 6011 6008 5677 9506 7606 11835
573,3705 1612 1649 1450 6015 1440 6018 5211 3385 6034
574,6049 6050 6051 2652 4366 5073 5072 5065 5034 5067
575,1416 6054 6055 5416 1684 1458 3341 1401 493 1417
576,6059 6060 6058 6057 684 6061 4748 14048 14047 10220
577,2133 6063 6064 1977 2082 8555 8549 10138 4269 7959
578,4687 4132 4138 4688 3083 1317 1719 11724 7067 7057
579,6069 6068 11411 11412 11413 11414 7640 10024 13631 11415
580,231 6070 5638 13950 230 13406 229 9190 4504 6979
581,6072 6076 594 578 6075 6077 6074 6071 6073 202
582,6082 6081 6080 5943 5944 5942 5945 5951 5947 15276
583,6083 848 1732 11037 9778 11036 7248 12872 8690 6303
584,6092 6091 6093 893 5598 5272 4207 752 4225 3514
585,6097 1898 6096 5729 7886 7894 7882 13840 11244 1786
586,6099 6100 6101 13996 8757 11207 1294 14795 8212 9025
587,2186 6103 3863 5837 6104 5997 412 1471 10622 11326
588,3556 1238 1239 3557 6221 9981 1208 7005 9156 4764
589,3983 6112 6115 5727 6116 733 6110 3883 6113 6111
590,6123 6121 6124 6122 6120 6119 10589 7620 11239 12886
591,31 1423 30 6129 6003 6126 3222 6127 6128 665
592,6132 6131 1282 6133 1765 6130 3933 11999 11995 11998
593,2680 3029 3938 12192 2714 2696 2694 10617 12193 2678
594,6137 6138 4890 6139 4903 8252 6136 2018 7557 7563
595,4912 3312 3727 4918 12921 9222 8260 13274 4342 3331
596,3692 3602 679 6142 4830 9210 8422 12153 3474 4318
597,6144 6145 4458 5463 9956 6524 5892 8917 10445 9155
598,6156 6148 6147 6149 6153 6154 6155 6152 6151 6150
599,6158 7884 11661 11660 7885 604 614 6512 11336 6085
600,1662 6167 6169 3089 6161 6160 5445 6164 3665 6159
601,4000 6176 6178 6177 2772 5396 6175 11194 2107 11082
602,6186 6180 4781 6173 6187 6184 6182 6096 6185 6183
603,6199 4988 6200 2470 144 6195 5209 6197 140 7331
604,6204 6206 4877 6205 6207 6203 9985 5760 12974 9425
605,806 4475 6220 6221 6219 6218 1520 1682 1650 6208
606,4749 6225 6226 6227 6224 6479 10970 1767 13638 11964
607,1302 6229 6230 141 213 6237 6234 6233 6232 6231
608,6188 6249 6239 6256 2983 6250 6170 6238 302 6258
609,5801 3876 2151 5452 5794 5797 9981 9982 12174 3880
610,6268 6269 15089 12417 13927 14398 13018 6276 14019 10695
611,1712 1673 6271 994 7670 10808 14677 1705 876 10943
612,6272 6291 6292 6283 1246 6279 6282 6273 6275 6277
613,6293 6294 774 4532 6295 624 6296 246 6837 4281
614,1844 6299 5600 6173 6297 2723 5894 6298 4068 5603
615,3381 4951 6301 4344 3826 295 4636 5828 5825 3371
616,2482 2221 6304 3350 5813 4918 8260 2524 5816 9222
617,6316 6307 998 2541 3806 6310 6308 3507 2583 6313
618,1564 1565 1577 6374 9273 9322 9527 1576 1571 1582
619,6324 6320 1136 6321 4597 6323 6322 310 1145 5686
620,636 6331 6049 4583 6328 2831 6332 6327 6330 4581
621,3342 5362 6345 6346 6338 6347 6344 6337 6339 2144
622,6350 6351 6352 14802 13339 9761 8831 13325 4356 14124
623,917 6354 2594 965 958 927 13394 13393 957 909
624,1145 4596 1011 1146 1136 2628 9537 12378 10751 1725
625,6357 6358 318 211 8455 8456 5988 4555 6672 5894
626,1778 6362 6363 1320 1319 4060 1779 1321 9192 6361
627,6373 1206 760 3916 4190 2151 4184 2467 6370 5739
628,2356 1019 1250 2248 1046 1057 1039 5061 543 9334
629,6384 324 3169 1648 6385 6377 6378 6379 6383 6382
630,6390 6389 6391 6392 12516 6388 13373 12918 5752 7280
631,4272 6396 6395 6397 6398 6399 1176 10109 7536 12194
632,1426 3908 1300 1215 6403 6405 6404 1213 6408 6406
633,6414 6415 6416 1529 5754 12028 12583 12581 12582 8078
634,4508 6422 6424 6359 6425 6418 6420 6429 6430 6419
635,6431 6364 6432 4598 2624 5317 9962 14283 4574 12643
636,1280 3530 149 3751 3108 12652 3521 11396 3539 1737
637,4507 4241 6442 6441 6443 6440 6438 4250 6436 815
638,6446 6447 5449 9750 9852 5448 1135 9850 9194 6705
639,6458 6449 6450 6452 6448 6456 6461 6454 6455 6459
640,5653 6465 6466 348 5654 6464 6467 5652 6463 737
641,4639 5487 6470 6054 6471 458 6469 2509 5135 11813
642,6056 6474 6114 3905 2808 4161 4577 50 1608 3233
643,6480 6492 6226 3087 1680 1681 6490 6481 907 6509
644,6530 6529 3609 6528 6527 6518 6524 6531 3603 4938
645,6534 15276 5944 5945 5946 5947 5943 5956 5950 5948
646,6536 1014 6545 6544 1341 2969 6541 6538 6539 6543
647,4357 6548 6549 8028 9838 8786 3261 7967 1327 4074
648,1357 2014 6360 6550 6551 6552 9851 2369 6554 1913
649,6566 1196 3237 4887 4891 6558 5837 5223 3049 6563
650,7 1303 6568 1299 13367 1134 1 24 14398 11717
651,6570 6569 6571 6572 10822 14273 14271 6634 12505 5589
652,6575 6577 6579 6576 6578 6574 6030 2445 8717 5833
653,6582 6584 6583 2013 6581 5147 14567 4803 7849 7842
654,1591 3102 6589 6590 1211 6588 1479 6295 6585 6587
655,873 3943 1203 775 794 3224 422 7958 462 1194
656,2768 772 1568 6595 3206 4366 3185 6594 6593 6592
657,6598 6597 431 1237 2723 4696 11468 497 7535 7534
658,6602 6601 2857 6599 6600 2167 2854 5797 2844 935
659,6621 6620 6622 6619 5486 6612 6611 6607 6609 6603
660,6630 6631 6627 6626 6628 6632 1110 6629 11546 4465
661,3362 6644 6023 6633 3773 6519 5064 6635 6641 841
662,6666 6665 6656 6662 6653 6664 6655 6661 3652 6667
663,4368 6669 14207 7475 7476 4932 1117 7484 7473 7471
664,994 211 6679 6680 6681 715 4555 6357 5894 6672
665,341 973 6686 1600 2221 351 345 927 965 958
666,6690 1686 3165 3039 6157 2139 5490 3370 5489 595
667,4017 6546 6373 6498 6694 6693 6697 6696 1856 5184
668,6700 6156 6701 6702 6147 3354 6148 6153 8310 12102
669,6704 3076 2890 3078 6703 4134 2883 3077 3079 11057
670,6709 6720 6712 6723 6711 6715 554 6710 6722 6724
671,6728 6729 4595 9210 254 6533 12247 5640 4466 10584
672,6731 6732 4013 950 1855 5951 5947 5948 5958 5952
673,6739 6737 6736 6740 6734 6735 4136 8165 6733 1015
674,6744 14411 6743 15141 13551 13023 7662 5288 354 5943
675,6747 6746 6745 15276 5945 5946 5947 5948 5949 5943
676,6749 104 6673 3908 4080 1804 2266 13903 11672 9764
677,5917 632 5904 6750 6751 2005 5908 12086 1466 5900
678,4771 6753 6754 4200 10453 6025 4510 9397 2938 6436
679,6759 6758 6757 6756 2971 6760 6761 2968 2970 2967
680,751 4876 6765 6766 4480 6762 3199 6764 6580 3926
681,943 6774 6773 4309 6501 934 6771 952 6770 6772
682,6776 6779 6184 6778 6777 6775 6783 4281 6780 6782
683,6787 1128 6788 6789 6790 6786 8793 11363 2221 14676
684,6795 6797 4594 6796 4641 6798 5564 6794 4646 6793
685,6801 2235 3909 4477 6802 1429 6800 11740 5497 2213
686,2997 6808 6810 6811 6809 6807 4604 6804 6806 9643
687,6697 6812 6813 6693 6694 6696 4017 6692 1856 5184
688,6815 949 6816 3163 3548 6814 2407 958 965 927
689,6819 4897 1871 4985 1869 1890 6818 11425 4885 4901
690,538 4844 6820 531 536 14808 537 530 535 532
691,167 133 4182 5053 697 6821 6824 6030 6822 6823
692,6831 3361 6830 6519 6832 444 6827 6828 1570 6829
693,6837 6838 6839 563 4787 6835 2931 2918 7809 1263
694,6846 6840 6845 6843 6841 6844 6842 3492 4379 3609
695,6364 6847 12737 11802 7081 12732 12736 12728 9192 11532
696,6851 3151 823 5884 5584 6848 6850 11162 6849 827
697,6853 3225 420 2211 10165 1641 19 487 1646 3682
698,4453 4131 5398 4006 6859 6860 2757 6858 1834 597
699,404 6866 6867 9791 12426 1166 9784 13422 9792 6941
700,6878 2661 6875 6871 3871 186 1295 6872 6869 6874
701,3185 6676 4251 5858 3453 6851 3208 6645 1393 3206
702,6883 6884 6885 15131 12923 8032 11979 12318 10450 9232
703,6909 2527 6910 2234 6911 6894 2529 6907 6892 6906
704,1071 1899 6919 832 694 6918 4208 3839 781 702
705,6922 6921 15276 5945 5946 5944 5948 5957 5950 5947
706,6927 4894 119 6928 6925 14676 3469 6302 6926 9678
707,336 207 6938 6937 2274 5403 6933 3133 6935 6932
708,6947 6951 5600 6547 6499 6950 6948 5603 6945 6949
709,6643 2053 496 1766 6962 6966 6439 5977 5040 6958
710,231 4504 6979 5186 6985 4121 6986 4258 6974 4475
711,6989 2815 1529 12301 13701 13960 14150 3464 2742 1166
712,4515 6992 6993 8810 6991 13455 4330 8826 8904 12747
713,5194 6995 6990 13671 12786 15010 12271 13328 14799 15095
714,494 142 5191 2516 2538 7003 2792 7004 5030 6918
715,7009 7007 7008 7010 14010 4990 7011 8736 9808 2483
716,7013 7014 7015 14445 12803 12632 9308 9307 9412 4062
717,7020 7019 6114 6345 6769 4952 683 7018 7017 11756
718,7035 7024 7025 7026 7027 7028 7029 7023 7030 7032
719,7042 7036 7041 1436 1273 6970 1987 7037 4950 7039
720,6445 465 7044 7043 7280 3839 8949 4490 454 483
721,4993 4992 185 7047 3348 2488 4834 6263 7048 7046
722,7051 7052 7050 7053 4850 14356 15000 10509 11935 5593
723,7060 7061 4142 4136 3077 4608 556 7074 7063 7055
724,4956 225 7082 4955 4952 8330 8329 8333 8331 8342
725,7084 5943 5944 5945 5946 5957 5948 15276 5950 5947
726,7085 13545 14726 13044 9436 13541 13459 964 13544 13543
727,7087 4553 3588 6399 1104 7989 11699 5541 9314 730
728,145 4776 7089 157 10966 123 132 5453 121 167
729,2616 4461 3774 6551 2372 7092 7097 7093 7100 7091
730,7103 5978 7106 1169 7105 4964 6163 7104 6159 7951
731,6196 7109 7110 14482 6195 14243 14246 14244 14247 14245
732,7120 7113 7111 7114 7124 5310 7119 7112 111 7126
733,3899 6973 7138 7137 4637 3377 3901 9041 88 14406
734,3546 4979 3543 1602 2297 3544 7139 39 6308 3539
735,3598 385 3470 742 3811 9899 11176 9909 3159 9929
736,2663 4056 1635 2662 7142 8214 8216 8215 13817 13812
737,2689 1766 7145 1989 3764 7143 1684 644 1990 250
738,7149 685 433 6445 787 3937 1448 9577 4270 5575
739,243 3931 592 3240 5624 3243 10797 3244 247 10972
740,2720 2697 2799 7151 1251 3324 3281 3358 3355 3303
741,4426 7159 7158 7127 7123 7154 7156 2507 7157 2125
742,7161 7169 6612 7170 7171 399 7163 7162 7167 3997
743,865 138 323 10143 4868 875 880 10144 882 869
744,3969 7176 3455 10806 9035 8794 2032 8793 654 8796
745,7178 7179 7180 1367 7177 4307 10553 5827 9182 5011
746,7182 7181 2321 1957 3149 7307 7312 7308 7323 7318
747,677 6348 6814 7185 7186 5586 7184 7183 732 2215
748,7194 7195 7189 985 7196 668 1093 7191 7188 3607
749,7199 7200 10186 10187 5945 5946 5947 5948 5944 5950
750,4354 5511 4802 953 6939 7201 2858 3852 546 3285
751,7204 7203 6319 2954 7208 6585 7207 7209 7206 7205
752,5483 1677 7214 7213 5882 1873 5469 11600 5470 11601
753,7215 4596 7216 4599 2014 11351 11891 5845 12378 5686
754,7219 14882 6355 14884 13693 11848 14368 13440 9808 14883
755,7221 6704 3075 11057 3077 6324 2870 6703 12237 3079
756,7228 7224 7225 7227 7226 7223 12124 12125 12122 12112
757,6303 7230 9768 14620 11037 2273 11036 12338 9778 2263
758,7232 5740 3168 7233 873 7231 4027 6149 14636 6157
759,6755 7236 7237 4889 7238 2791 12344 12346 12345 13066
760,7242 7243 4382 7240 7244 782 7241 7239 4859 5755
761,4920 7247 2739 4454 11999 12000 11995 7823 11998 4919
762,7202 7250 6465 7249 4836 8011 8008 8010 8015 8017
763,7251 7252 3793 7253 2082 13036 7255 3647 6319 5975
764,7136 7258 7261 7262 5710 5979 7257 5909 4788 7260
765,7271 6222 3730 5681 1458 5144 2300 7268 1739 6831
766,474 3301 2078 2234 7283 4721 7282 6934 679 4377
767,1419 6651 3203 7290 7291 7286 2767 7289 6014 7288
768,7292 1473 1471 7938 1470 1472 1468 1469 7942 15105
769,3680 7300 3043 7299 363 2512 7298 7297 7294 7296
770,7312 7308 7307 3320 2115 187 7306 4983 7311 7323
771,1345 3892 7333 7334 3897 9761 4356 8486 13614 9001
772,446 2452 7338 7337 848 7335 370 459 497 7336
773,4071 7346 7347 7343 6729 7345 7342 7344 6365 2466
774,7350 7352 7351 7349 10610 10609 13386 1666 13360 13387
775,4489 7356 6265 5599 7357 7354 7353 7355 2143 5885
776,7358 1916 8011 8008 8015 8017 8010 8013 8022 12896
777,7363 7364 4858 484 775 6042 2760 7360 728 7361
778,37 7367 7372 3741 7368 12799 299 12795 12794 12796
779,7376 7375 1180 7382 916 2661 4943 7379 7381 7378
780,2810 964 205 7390 7391 7384 7387 2217 7388 7386
781,7395 7396 4495 7397 2742 7394 4346 7393 11365 13327
782,7401 7402 7253 11940 11568 12138 11372 10955 11772 11637
783,1778 7404 1319 6362 1779 1320 6363 4060 1321 4606
784,7406 6246 7407 7405 684 4563 2594 5657 2427 6528
785,3223 7422 2711 6373 5315 3116 7419 1439 4269 1236
786,7426 2869 1826 7425 6364 6707 1777 4416 4134 7057
787,6471 611 634 618 7428 4764 6045 612 5487 14297
788,7435 5947 7436 6186 7433 887 7431 7432 3295 7434
789,90 4864 3738 7438 1410 2556 7437 6813 5613 94
790,7442 333 7443 2068 7225 7440 7441 303 307 321
791,7447 7446 7445 3189 5942 5941 5944 5950 5946 5943
792,7449 7450 5599 2887 7451 7448 13878 12656 11433 9384
793,7452 3903 3899 3901 9041 8310 3907 6409 14406 2951
794,3055 7455 5869 6909 7453 7454 1517 5855 5856 5861
795,2489 7462 1212 7463 1610 1188 7459 7458 5860 6177
796,7467 7466 2013 1892 1132 10934 7738 11961 10798 708
797,1549 7469 1480 9287 9288 1133 2670 3040 4550 13107
798,7475 7485 3948 7486 7473 4932 7476 7484 7471 5799
799,7492 7491 6151 6153 487 6154 4346 7490 6149 6152
800,6463 2706 6671 4789 3973 13124 12752 10592 6464 6650
801,7355 7493 7283 3368 5096 7353 8815 12539 308 646
802,5859 7494 7496 5501 7497 3497 7314 1618 3213 7495
803,3824 5452 7499 3830 14314 14215 3833 3832 657 3828
804,2478 7513 3042 1164 2784 7245 814 7509 7512 7503
805,7517 7521 7520 7518 7519 3851 10152 11408 901 9154
806,7377 2313 1573 715 33 211 7376 7375 15154 1420
807,4465 7528 6058 7529 7525 7524 3591 5179 7526 6494
808,7534 7535 7537 7536 411 2607 4808 7542 7541 1577
809,72 7545 7547 7546 12057 94 80 73 13847 15240
810,7549 7550 7548 2523 10140 7465 742 5281 56 5948
811,1867 7551 3479 2245 10636 6472 10649 12127 1486 10650
812,1827 7553 1354 1136 2875 2377 1355 2376 7072 4135
813,7562 7563 2667 3239 7564 7557 7555 4895 7565 4908
814,7567 2981 7568 2394 8235 5842 5382 8412 1094 5900
815,6768 7570 4933 4978 195 5609 1474 2081 7569 7917
816,6484 6779 7573 5375 7575 7576 7574 6485 7572 6776
817,7577 7578 7579 7580 11914 15074 10171 744 4191 14307
818,7582 5944 5945 5946 5947 5943 5957 5950 5948 5952
819,7584 7585 7586 6549 7249 1700 12344 12346 603 602
820,7594 7602 7601 7600 7599 7598 7603 7596 7607 7593
821,7611 761 5074 9402 810 2987 6961 8073 7210 4422
822,7617 7360 7618 3144 6830 7615 7612 3622 5274 2214
823,7621 6153 7622 6154 6152 11827 11670 11906 11789 6149
824,7627 7342 7628 7629 7624 7626 7623 7625 13906 10093
825,7631 7632 7633 13598 13599 13596 15000 7610 13061 11130
826,7636 7634 7637 1595 7638 7635 7639 7640 7641 7642
827,226 7645 1626 2827 7151 1675 7644 3290 1250 148
828,7647 3529 1035 4220 2021 6024 6559 7646 1495 3760
829,7650 6165 7651 1855 4073 7648 7649 7643 10757 12684
830,4087 7654 10636 6472 1486 1652 599 7617 7618 10887
831,7657 7658 1416 6950 14093 4530 7656 2072 8791 13783
832,6963 6036 4189 219 11326 9294 1424 1968 6961 2934
833,7665 7666 7661 7667 4781 5597 1940 5715 7664 7662
834,1375 7668 7811 1376 1378 1379 9508 9507 6157 7933
835,7670 5582 3193 3170 5146 6271 7201 7677 667 7673
836,1741 5607 7687 7249 2304 7684 1740 7685 2834 7686
837,648 4395 7688 10172 10177 4405 4390 4394 4404 664
838,4132 4687 4688 4138 12071 9753 3083 1317 14760 4690
839,1002 1011 1862 1005 999 1009 1001 1000 1012 1004
840,7690 5942 5943 5944 5945 5956 5947 15276 5949 5946
841,7692 7693 7791 4152 6723 8528 8527 8529 2402 5468
842,7695 6333 5346 4282 7694 3157 10499 2280 13987 13199
843,853 4235 1206 879 1418 1452 1569 4232 3712 6821
844,287 9105 618 10347 6005 11480 7700 8871 9114 281
845,748 1645 6799 6194 1437 3224 814 827 11162 1408
846,6 7701 7702 10248 5926 7907 11268 7905 5 1
847,7708 7709 7710 5763 7707 7706 10521 10520 1819 7705
848,7713 7712 7715 4728 7714 14723 12599 12595 12596 12598
849,7717 7718 624 7719 5719 466 686 10922 11659 5888
850,586 1191 2415 4859 6402 5986 10840 11316 5891 10507
851,1259 7724 3209 1229 4239 7419 1398 7721 7722 8654
852,2511 2541 2544 7734 7728 2524 2518 1381 7156 2535
853,4660 7737 2779 7735 7736 780 4653 4663 2804 11368
854,1985 5713 6825 7746 5522 6299 4836 7740 7744 7742
855,7750 7751 7749 7752 3677 2170 10973 10674 4984 7565
856,7753 7755 7754 7756 8508 12313 1343 10723 12314 9760
857,611 385 3181 7765 3904 10893 7761 7759 7763 7764
858,7772 7775 1810 7777 7776 1548 7774 7773 7771 7459
859,7780 7781 7782 9352 9353 9347 5308 9360 4812 9359
860,3085 1003 7784 9969 1318 11889 10854 10856 13621 12655
861,7794 7788 7792 7790 7797 7787 7789 7793 7786 7791
862,7243 819 7798 2535 1573 1329 833 12166 3738 9991
863,7802 7803 7801 2728 2898 6146 12081 14161 9234 10637
864,6749 2266 1804 4080 3908 2264 15023 4079 11939 14603
865,7806 7807 7165 12401 12792 12402 3890 5706 2020 12400
866,7814 4490 2295 3112 7811 7812 7813 4012 1876 7668
867,4599 7818 4693 4403 11348 11351 5450 3845 10748 7554
868,4189 2985 7820 545 7821 11331 11335 11327 11338 7097
869,1955 7824 6790 1950 1951 1954 1956 1953 1952 1949
870,7826 7827 7828 939 3427 14170 7005 9668 9156 4797
871,7829 6406 6407 8333 8332 8331 8330 8342 8329 11740
872,811 6157 806 1505 1519 6149 3915 4473 4211 4496
873,7846 4727 7849 7848 7842 6584 7847 7841 7845 7843
874,7850 5943 5944 5945 5946 5942 5947 5956 5949 15276
875,3142 7864 7863 1523 7854 6329 7853 7851 7861 7858
876,7871 7870 7873 7874 3125 6080 7872 7369 11657 11591
877,7875 7876 4861 13596 13599 14859 13598 7610 13061 14860
878,7882 7894 2846 7883 7884 7891 7890 7885 7879 6531
879,1836 4146 6985 4182 1219 6861 3115 7042 3529 1079
880,3642 1432 7362 7907 7905 2458 1648 3545 5002 6051
881,4175 7246 5592 1401 1836 13580 13583 13582 13581 1105
882,7916 3908 7917 13907 7293 8214 2662 3830 14947 13031
883,177 7922 7923 6399 5053 7919 7920 7335 7921 6042
884,2996 4604 7094 6807 1001 6808 13060 2997 9633 9635
885,6588 7926 7927 1048 6590 6587 6586 6585 3102 1591
886,5580 7929 7930 5167 836 7928 7538 12047 10044 12319
887,6085 3088 6074 353 1893 10231 6092 6158 7885 7884
888,4068 5157 7942 6228 1847 7948 7947 3422 7940 7943
889,5105 7953 7952 6312 2407 2447 5106 15162 15161 576
890,6813 5290 463 778 805 7954 5606 7421 6862 4926
891,7959 3182 7689 760 6254 4902 7956 4187 6064 1977
892,5902 1607 7963 5206 5908 1466 11732 1713 1597 1598
893,7965 240 7966 12758 12759 6468 11867 2600 9481 13514
894,2249 7968 2363 780 8196 2078 2352 2247 1093 9253
895,3682 3110 241 789 803 799 791 7969 4869 792
896,7977 7978 6187 7936 7976 3821 6251 9833 9839 5157
897,7982 7981 7983 3401 7984 3984 5485 10177 10172 3392
898,7985 7721 9327 11774 11773 3489 5942 5943 5944 5940
899,5171 7987 4309 6774 230 7543 7018 7986 684 10862
900,7992 7137 3194 2069 10704 3345 7991 7993 7710 10703
901,656 2023 297 13161 7805 10361 653 4261 8573 654
902,4383 7996 7997 5502 3468 5972 8963 4382 11804 8961
903,8003 8002 2653 8001 2172 7998 5920 8004 8000 6838
904,8011 8008 8010 8017 8015 6982 8013 7202 8022 8034
905,6471 811 3928 8046 1071 2326 8045 2195 10302 10307
906,4726 6198 6263 5311 112 8052 8049 476 5962 8053
907,8054 8021 8055 11307 8456 1122 1119 12948 10116 1120
908,8056 8057 2560 8058 3862 5021 5408 3973 11041 6650
909,8060 5944 5945 5946 5947 5943 5948 5957 5950 15276
910,8062 8064 8061 8066 2260 8070 8069 2674 8063 7386
911,8072 6277 6272 6283 6291 6292 6273 6287 6279 6282
912,810 7611 8073 832 11300 833 5888 12306 8769 3939
913,1568 143 64 2748 7420 8654 3258 2756 7413 3188
914,8075 5634 7231 14663 9352 11201 5808 2805 5636 664
915,8076 6587 8082 8083 2746 8084 8080 8079 8077 8078
916,8094 8092 5560 8089 8091 8098 8093 8096 8102 8090
917,4858 8107 1869 5218 4399 8106 3552 5925 5932 8947
918,8108 8110 8109 14590 13671 3551 14196 14799 14325 15095
919,6187 8136 2686 8137 2393 8124 8117 8135 8121 8130
920,3500 8146 6322 12516 13373 6390 12918 5752 12573 14553
921,8147 8148 5679 7628 15276 5944 5945 5946 5943 5942
922,8149 8157 8154 8155 1138 8151 8163 8162 8156 8160
923,4384 4729 5412 6475 7280 4096 5469 5470 5476 5098
924,8173 8174 8169 8175 8171 8172 8178 270 5291 996
925,306 8180 2005 8181 6677 8179 2036 313 327 329
926,8187 2749 2458 8186 5092 3986 8185 8184 4214 788
927,2111 8190 1697 1500 8189 9030 23 9028 15185 5990
928,8191 4011 1206 9986 9520 10495 1102 10498 10496 2348
929,6342 8201 651 1164 8181 2330 3631 1270 8198 7838
930,8206 8204 8208 1942 8205 6503 8207 8209 5729 274
931,8210 9280 995 14666 8389 5413 14667 11372 9124 13728
932,8214 2662 7916 8215 6798 8216 8211 8212 7444 8637
933,8217 5389 15276 5943 5944 5945 5946 5947 5942 5950
934,3643 6596 8219 3675 6035 8018 7915 2044 6107 6580
935,3937 1643 8223 8224 8225 8220 8222 5152 3768 8221
936,7042 8226 4775 3109 6942 11396 12652 4972 7036 7041
937,8236 8237 8235 7641 6621 7642 5788 8233 8232 8234
938,2447 8239 3692 8240 4217 11826 11829 11828 11825 11831
939,5343 8242 4346 3541 3526 8241 6971 3385 5342 6697
940,1083 1687 1501 1042 14518 3375 1060 11298 1043 10739
941,3251 2556 1290 49 55 181 490 9097 3865 5806
942,2495 5388 3379 5996 8248 5637 8246 8247 7312 7308
943,8250 692 14572 12340 14575 6581 12339 14573 14964 14580
944,7570 8251 1112 3751 9500 5340 9832 3352 9445 373
945,8254 8255 3407 5568 4778 11703 8253 2624 9962 5317
946,8257 888 8259 8258 8251 5256 8936 9711 8256 678
947,8262 15276 5945 5946 5947 5944 5949 5958 5951 5948
948,3927 2298 8263 8264 3912 3922 3929 3919 852 3914
949,8279 8168 4774 8290 1275 7557 8289 8276 8282 8267
950,1993 3418 8301 4085 10974 10601 216 9301 9298 9304
951,8306 3361 4319 8307 516 8304 441 8305 5203 7902
952,8313 8311 8301 8314 8315 8312 10172 12062 10177 10617
953,8316 4447 5570 4448 936 8713 4446 13314 10680 14353
954,8318 8317 7878 2861 8319 12925 4707 12923 14134 8532
955,5985 8321 6290 8322 7436 10506 6272 6292 6291 6283
956,8323 1387 8324 5759 7249 7961 4701 1885 10660 7349
957,8327 8330 8331 8332 8333 8329 8328 8342 8341 8338
958,3301 8348 8349 337 8350 8346 3316 3380 13274 3349
959,6381 8352 6577 1419 466 126 11243 9888 10601 7914
960,8356 8354 8353 8355 441 7205 9288 1362 9790 14588
961,8359 8358 8357 8360 9449 9450 9453 9452 9455 9454
962,8362 611 2149 10876 14805 10878 49 11555 13315 8361
963,219 3634 8365 3609 2055 4485 8364 3628 3625 694
964,3055 1490 8368 8369 8367 10342 15061 15062 8370 10546
965,3938 5768 6854 382 4695 8371 9981 921 5769 5200
966,8373 12303 8374 11701 10632 10633 9275 2650 3242 14638
967,8375 7525 5178 5945 5946 5947 5948 5944 5942 5951
968,8376 13909 2204 3485 14702 14607 14703 5351 3900 10712
969,8384 8380 8379 8381 7747 3786 8383 8378 8388 8385
970,4057 4058 8392 4056 9012 13451 11164 14372 11163 13818
971,8394 6769 8395 7020 4952 7019 14291 14293 14294 14292
972,7533 5114 7534 7537 7535 7542 7541 14289 7536 4585
973,5185 7646 4884 4369 10548 1294 3547 6388 2786 1633
974,611 10893 11483 6016 11484 14621 12051 8303 3213 9781
975,5468 5138 578 3112 8397 2685 6723 4152 7791 7693
976,8400 5945 5946 5947 5948 5944 5949 5943 5951 15276
977,4348 3583 2329 5275 3286 8401 4906 7021 14676 1626
978,8425 8414 8424 3864 8426 6567 8417 8412 8406 8420
979,1856 8430 6586 1857 1849 1843 1848 1841 1842 1819
980,7822 8431 8434 8432 8433 10297 10306 10302 595 7429
981,8435 8438 8436 8437 8746 12218 12219 4546 1920 6937
982,5261 3794 8439 6632 6413 5333 12028 14894 7293 7953
983,5808 8441 5044 5936 5806 5924 5816 1819 5930 8961
984,1347 4071 6441 8442 8448 8951 9222 13198 7280 13197
985,8443 5845 4413 12644 11348 11889 10993 10075 10099 10994
986,4237 7040 3678 8451 8449 8450 5081 8040 6440 1906
987,8458 2322 5580 3097 774 5988 6357 8456 6012 8457
988,8475 8470 8466 8396 11330 8465 8460 8468 8459 8472
989,8478 7016 4605 8476 8477 12550 4133 8164 9198 1327
990,3811 2309 2755 1875 883 3131 12051 12050 7957 764
991,7324 7325 100 15213 7308 7307 7312 14604 14605 15214
992,3329 8484 3316 5386 8481 5392 6028 5822 3325 5207
993,2833 5554 8488 8489 8486 3897 8487 13614 13054 14892
994,5386 3339 2473 3316 3329 5214 3325 3289 2540 5392
995,7760 3009 8498 8082 3795 3005 8497 8495 6590 8496
996,8502 8504 4959 2192 8505 8501 1290 8503 2124 2579
997,8506 1742 5360 528 8507 5213 3953 8301 4836 4295
998,8511 8510 5943 5944 5945 5946 5942 5941 5948 15276
999,5145 5968 4748 7415 1591 1308 7416 5736 8512 3323
1000,8513 8514 5163 14083 13955 11857 10093 4048 13956 1023
1001,5945 8516 1441 1519 4223 1894 8515 283 14059 5924
1002,4809 8518 8517 8519 1877 7809 9448 6944 11925 4274
1003,169 5719 8522 5962 4930 7717 6050 2752 4859 8521
1004,690 8523 2334 3298 8484 3302 3282 294 14322 5394
1005,5998 8526 2742 2614 13339 10127 14007 1529 13340 405
1006,4152 8529 7791 7693 6723 2402 8527 8528 4148 4149
1007,4210 5548 4130 1206 1207 1903 6753 6029 4919 4283
1008,2294 8533 2067 3642 3931 12359 8418 2290 1430 10837
1009,6986 1237 8534 6979 6974 4121 4258 6442 2994 6985
1010,8537 8538 8539 1725 1011 4401 8536 8540 8541 12912
1011,8543 8545 12 8544 5559 14 11 15 13 22
1012,5002 3949 8366 3386 8547 7305 8552 7974 1461 3344
1013,698 4470 3498 1458 6833 849 804 10176 14248 14245
1014,8561 74 8562 3031 8388 7082 9770 2986 3803 6823
1015,1092 1520 1430 8573 8570 8569 8564 559 4254 8567
1016,8579 8583 8586 7110 8587 8584 8582 8588 3013 8580
1017,7518 5913 8278 7808 7998 7809 3851 7642 8237 5908
1018,8452 5834 7344 6409 8310 6205 7566 10274 3374 6034
1019,3168 3963 972 4365 3143 976 2034 8600 8593 305
1020,8615 1335 277 6117 8611 8610 8609 8616 8294 5661
1021,8521 8620 7514 8622 8621 8618 4185 5142 8619 6210
1022,8633 8625 8626 8630 8632 3567 5221 8637 8636 8628
1023,8639 4441 2242 10922 11960 10702 11659 6047 10415 8468
1024,8642 8643 8641 4854 4702 5430 1819 11581 11582 13054
1025,3079 3078 3076 10626 3075 3077 1354 6703 2870 2616
1026,8244 8646 8645 1703 3480 2182 10071 10073 10074 11420
1027,6949 6172 8650 8649 6478 8648 3038 10714 12937 11649
1028,4002 1970 8657 3703 1584 8654 4209 2771 3696 8656
1029,6033 8660 8661 7340 8662 163 3139 8659 5247 8566
1030,2560 5027 2722 4863 5055 3044 3043 4634 5021 10123
1031,24 689 8185 8664 8663 1 0 22 21 14
1032,3618 3517 3970 3923 8668 594 2578 2003 1689 8667
1033,4188 8672 241 8673 1419 5040 7837 4243 4193 7508
1034,8674 2346 7207 8675 7872 5969 2355 6307 3198 9742
1035,6728 8677 9210 9208 6533 12247 3474 12252 9196 4466
1036,1600 6340 7270 5163 8678 2234 7363 4928 8546 11269
1037,8682 8681 7652 8679 8683 8684 8686 8685 8680 3858
1038,6087 8689 4179 228 4178 4496 9089 3514 5272 2278
1039,2044 1061 8692 8693 687 8691 1458 849 11170 10588
1040,7470 1905 7301 8694 363 8698 8696 8697 7896 4082
1041,8700 8701 4661 4659 6799 8702 4658 7430 9443 2615
1042,176 1796 3713 3711 8704 3015 8703 4761 1452 3697
1043,2587 8705 3710 12306 9210 2765 9196 2866 1096 14093
1044,8706 8707 13093 13092 13095 13091 13062 13089 13096 13090
1045,8709 8710 8711 7022 11559 11558 1624 11557 12114 6417
1046,5066 8451 662 6030 512 5833 8717 8714 8715 6976
1047,2538 56 8724 7762 7153 392 9923 8722 9908 8721
1048,8725 10187 13195 5945 5946 5947 5944 15276 5950 5948
1049,8727 3465 8728 8729 405 8726 2742 2820 1323 1166
1050,2040 5066 6794 2039 10391 2034 9344 501 10060 4911
1051,8738 8733 8739 8736 5929 8735 8734 12639 12638 1737
1052,8745 1642 1460 4212 2711 1643 8742 6594 1982 821
1053,8673 8747 8748 1419 6325 1404 10358 5176 10360 5299
1054,2649 8753 8754 1080 3232 4290 8750 8752 8554 4833
1055,5277 8757 4736 7792 7794 1492 7793 7786 7787 7797
1056,2667 418 8758 7562 7558 11202 4895 6279 7555 497
1057,5229 1740 5232 5230 5231 5227 8760 5228 7684 14127
1058,1968 842 788 826 8768 8765 4477 6366 6963 816
1059,8773 8771 8774 8772 8770 5136 11887 14437 4151 12142
1060,3104 8288 2168 6020 7004 8775 585 184 6198 8284
1061,8779 7962 8640 2355 1411 7492 4265 3257 10504 5798
1062,8780 1670 14036 6722 6371 14997 13037 8964 13740 13612
1063,7835 7211 8783 778 2897 8781 1396 8782 7238 304
1064,6626 6728 6501 6849 6773 8784 7944 6500 8786 8785
1065,7878 1896 8788 7166 7165 7882 7887 7894 12925 8318
1066,6983 8790 8791 7657 757 2072 7137 2163 2934 7929
1067,951 8801 2505 2490 2032 8793 8796 8797 8800 8792
1068,8805 8807 3882 2816 8811 8803 8806 8760 8804 12534
1069,8813 8814 8812 8815 2989 1661 4965 4589 2442 11206
1070,7257 7822 769 3916 8816 7136 7258 8432 8434 10306
1071,7294 8817 2959 11915 11917 7300 6252 2958 2512 7298
1072,590 7683 3553 8818 488 5804 8146 6856 1733 1972
1073,3777 5480 910 5863 1603 5883 3780 3783 3776 3775
1074,3602 8823 3584 6135 11866 8665 9877 9876 12698 11863
1075,3012 3011 8825 2015 8627 3010 3005 3008 3007 3006
1076,8831 3779 8834 8835 8833 8732 8826 8829 8827 8832
1077,732 2253 8836 8800 6266 5851 6383 5055 5053 5019
1078,8841 8843 7519 8842 5265 8840 8839 6287 11590 12982
1079,7373 2497 3118 8846 3998 7377 8234 12435 4846 10172
1080,1863 8849 8847 1709 8848 14269 4625 13713 8850 1859
1081,248 8851 6574 436 8986 244 9484 9482 9485 497
1082,8664 7334 24 8185 689 8663 7293 11270 7333 13031
1083,8859 4869 4318 8860 1855 4026 476 6305 8855 8852
1084,1201 452 8865 8659 5074 4232 6694 6222 6215 7207
1085,192 8341 8869 194 200 204 8328 8342 8332 8333
1086,8873 8872 8871 8874 611 14827 14825 2185 14997 12875
1087,3713 503 7435 3576 1584 2747 8879 6044 1759 8878
1088,4852 8882 1751 4854 4853 4851 4860 4850 4856 4849
1089,8884 8886 8885 8887 9128 11693 8913 5402 3387 9129
1090,8896 2599 8893 6004 8895 5372 8888 3929 8483 8889
1091,8899 8900 7218 8901 7562 7742 6615 6624 4534 1894
1092,6351 8905 8906 8907 4515 13539 11749 8904 13235 1741
1093,8912 8911 8910 8908 8909 8913 8886 11693 5942 12904
1094,8920 8930 8919 8929 8915 8927 8881 8916 8924 7930
1095,7280 5436 8366 7403 5760 8939 847 7044 964 8949
1096,8962 8963 1516 1734 5140 8200 4382 1242 4383 2278
1097,8969 2267 1191 8965 6117 4848 8496 1936 4793 3651
1098,2780 8742 8974 1580 8970 5028 4227 1969 8745 8973
1099,8976 3888 2600 8977 11580 11582 11581 14321 5106 11585
1100,4238 4194 4227 3712 4248 4251 3710 4245 4235 9298
1101,8981 8980 8979 8982 12262 11798 1317 11802 7102 8159
1102,5858 8984 3528 6979 5861 5856 5855 5870 189 5424
1103,8990 272 2740 984 8989 1494 8987 2042 8603 3389
1104,8994 2809 7417 7696 6373 7419 1038 11830 1103 4299
1105,8995 6013 180 6028 5016 1055 11745 12002 12395 5588
1106,1251 1274 1482 1432 9012 9021 8506 9006 2799 456
1107,1367 7132 13952 7128 9117 5311 7134 7125 15068 15249
1108,1739 4162 9044 8655 5558 7268 2300 3987 7272 7271
1109,454 6958 227 7044 2139 6439 9045 776 7506 5032
1110,6444 3386 9048 9049 7392 9050 5323 5084 2227 9047
1111,9055 2520 6063 1392 3611 581 2949 3221 9053 518
1112,9059 9060 13886 1949 10559 14529 10483 4003 276 8926
1113,7422 5033 6030 9069 5029 9063 4826 2248 4200 2103
1114,1780 1320 4060 9192 6363 1319 1779 1321 6362 2375
1115,1191 9072 688 9071 4974 4848 6767 5292 11361 6402
1116,9075 9073 9074 8761 8710 8593 3562 5254 14023 9108
1117,5425 6998 7133 1296 8349 4874 4873 4875 5424 12382
1118,9076 9077 9078 8215 9079 1536 3721 13915 5228 14398
1119,9081 9082 5411 2304 6870 9080 10617 12192 503 10129
1120,9083 9084 912 5565 4643 12558 11022 12376 10246 12757
1121,2255 7836 6443 855 4253 8442 6193 9096 3939 11300
1122,9100 9101 7556 10429 14010 9798 10428 15133 9797 13620
1123,5204 576 9103 6781 7108 1662 11604 10468 11605 12048
1124,9117 9105 9119 4823 9109 9114 9108 8524 9113 9107
1125,9122 2291 3111 559 11200 3581 319 10702 3108 7282
1126,995 9124 9123 704 7868 5938 6713 8386 2953 8210
1127,1947 9128 9126 9127 8885 7259 14394 8029 8041 12808
1128,2048 9133 5234 9134 9132 5859 9130 9131 2585 9899
1129,9136 7653 9137 9138 7650 10757 12684 2840 11611 14181
1130,6195 1063 2713 9140 9141 3749 6199 1081 1048 6197
1131,625 4756 6633 13517 9296 6023 12178 6030 14585 9144
1132,9145 9146 551 10 5945 5946 5947 5948 5944 15276
1133,3933 5282 9017 3169 1610 9018 109 391 5774 9148
1134,8961 3576 7912 6800 1980 2550 5658 9156 2002 9162
1135,9172 9173 9174 13488 14673 14671 14672 13956 11577 14439
1136,9176 9178 9175 5676 9179 5617 9177 6217 7960 434
1137,6985 4001 9186 9187 2480 9183 2485 9185 7011 9182
1138,2476 612 618 2475 3295 3324 3281 3289 3312 2471
1139,9190 8027 9189 1631 8007 7658 8008 8010 8017 8015
1140,9193 7065 1012 9194 6462 7062 2999 1322 1780 11989
1141,9210 9219 6508 2904 4491 9220 3474 9208 4466 6533
1142,6266 9230 9232 8966 9231 5339 9229 14184 14188 14187
1143,9235 9237 9236 2378 6361 10365 10366 4141 12919 12920
1144,9238 6877 2981 3778 13428 6724 7455 9960 6909 1886
1145,2856 4126 4205 2844 2854 2862 5123 9890 2850 2853
1146,443 478 9249 4383 9240 9243 9250 8951 9242 9245
1147,9256 13925 14020 11945 6278 13364 3569 14021 3428 14019
1148,9257 15276 5944 5945 5946 5943 5948 5957 5950 5947
1149,1819 8755 2992 9271 3643 8643 5663 495 5546 2025
1150,9277 9278 5140 7143 1193 10166 202 1516 2346 7527
1151,386 2550 9280 2350 2922 9284 6335 2499 2536 3357
1152,2670 9287 1133 1549 9288 3040 4550 2671 3839 2672
1153,8055 9291 4446 4428 9290 7615 4048 9289 4836 8054
1154,8865 9295 5049 464 3269 6215 477 9294 1638 762
1155,9304 9298 9301 1587 9316 9033 9302 4262 9303 9311
1156,9321 2794 8280 6514 9320 64 4853 13752 156 153
1157,9326 9325 633 4083 9327 2750 9324 802 3855 9323
1158,9333 9328 9332 9329 7213 4817 9336 5761 1838 9335
1159,5366 323 3891 3873 5378 383 9357 8897 7142 9338
1160,9367 2595 3500 14910 10263 6358 14669 12800 3610 10264
1161,9369 9368 15276 5943 5944 5945 5942 5941 5948 5946
1162,9371 4799 3858 4404 9370 4784 7652 8683 8682 8684
1163,7234 9373 9375 8977 335 9374 2017 9372 2015 10640
1164,9377 9379 9381 9378 9383 9376 9385 9386 9384 9382
1165,3055 7716 7116 2159 8369 11184 7125 8370 108 9117
1166,4235 7737 795 1582 7338 3518 8447 507 5543 9388
1167,3086 8647 8612 9395 7796 9394 5248 9392 9393 3087
1168,2721 7327 9397 4725 2338 9396 5069 7189 4469 992
1169,9400 9401 9399 9398 502 9161 7432 9320 114 3996
1170,7611 7210 9402 5074 2022 13036 12988 7280 2987 6961
1171,4800 9404 5939 2632 5198 9403 4784 4793 4783 4786
1172,9413 9408 9411 9415 9417 9419 9416 9420 9414 9418
1173,9423 5441 7748 4552 5439 5443 5442 10897 5440 5444
1174,9424 6919 1204 14985 4930 1020 4176 1197 781 796
1175,423 145 3518 172 168 441 14601 497 10704 14602
1176,9428 9427 7290 3163 5630 2584 9426 3715 7701 5926
1177,9430 1271 6128 8404 6336 6003 14381 160 14970 13522
1178,9434 9432 9431 7086 9433 12902 15276 5943 5944 5941
1179,7816 251 8623 6682 662 8769 3939 11300 5888 2255
1180,8550 5784 9441 1758 9438 9440 8509 3683 7410 2301
1181,9445 6394 6649 4186 5877 9446 7542 1686 8784 9444
1182,9448 9447 5292 1281 4071 10584 5640 4809 12252 12247
1183,9449 9450 9452 9453 9455 9454 9451 8359 3490 7167
1184,6343 409 8219 4940 6020 4789 7522 8705 6826 9981
1185,169 165 149 123 4857 4854 2479 2262 157 132
1186,2748 1476 4950 9458 2356 7832 1046 4221 543 1735
1187,9460 15276 5944 5945 5946 5947 5943 5942 5950 5948
1188,9461 9462 9465 4722 9464 3589 9463 929 5110 8069
1189,1868 209 9478 1231 7291 9334 9471 1057 9477 9474
1190,8851 6574 9484 9486 4286 9482 9485 2240 2851 7684
1191,338 3744 3186 4988 9489 4894 9494 9492 1027 6927
1192,9499 4900 3237 4899 3524 3836 4901 4905 9498 4990
1193,7668 9509 9500 7811 4786 563 9507 9506 9508 2463
1194,2415 1878 9510 2201 11979 3849 11353 14504 2433 2419
1195,4378 8137 6699 1810 5493 5506 8130 8121 6533 8129
1196,9512 15276 5943 5944 5945 5942 5947 5956 5949 5946
1197,9514 9513 9516 9515 2981 5942 5943 5944 5945 5946
1198,5283 9517 1467 7235 12014 11745 7841 3755 10482 8926
1199,9523 9525 2828 9526 9520 8458 4456 9522 9521 179
1200,5162 2468 1967 4231 8764 785 9529 5079 3623 6954
1201,8604 9532 1491 5663 3945 146 7336 9531 1606 5017
1202,9533 6129 10059 15036 2243 8986 11098 7630 12823 8171
1203,1145 1721 9539 1136 1146 9537 9538 9534 6742 402
1204,775 796 3191 790 2762 828 833 3224 749 781
1205,8675 6952 6235 2281 50 5604 14830 8674 6233 11979
1206,9542 9543 4551 5287 7910 3261 13252 431 9129 14104
1207,1869 9545 9546 4502 8417 871 5771 12539 646 3119
1208,9549 9551 9552 2879 9553 3415 9550 3774 9548 1358
1209,9555 3894 4700 1115 14730 14731 2978 14593 14043 14659
1210,4644 4642 9559 4594 9560 4641 9558 4647 4646 4643
1211,2707 8485 9563 3811 9564 9562 8559 7289 4970 4166
1212,4253 8252 887 9574 3821 2018 9575 6138 7557 6137
1213,1153 5689 4693 4605 1138 6740 5442 10949 5439 1139
1214,2764 2309 139 494 871 123 2777 2761 3293 3281
1215,1384 2597 851 4004 5133 160 9581 5831 9579 9583
1216,2234 2240 4769 4228 2560 9061 1504 2460 863 9592
1217,7515 9593 5286 9594 5888 9621 3939 12306 11300 8769
1218,4910 125 150 4341 9595 5809 123 4640 5829 2963
1219,9597 9599 9596 9598 9483 9600 6384 9601 9441 9602
1220,9605 6684 5727 2276 5682 9604 4890 2359 9603 2736
1221,8259 8497 5461 9607 8257 9510 1458 11326 10622 5256
1222,1236 6019 1235 3762 230 5211 841 10301 3773 12023
1223,9610 5664 9611 7046 9509 4263 9317 1130 2838 5706
1224,2708 9612 5949 540 1422 8011 8010 8008 8015 8017
1225,7439 9616 9139 9618 2139 9363 5187 9614 9615 3947
1226,9621 277 1508 7619 9623 7515 9622 6639 9620 9150
1227,5848 9626 396 395 12374 6736 7091 12375 5847 6555
1228,9646 4139 7554 9630 9631 9632 9635 9641 9637 9633
1229,4972 3109 9648 1281 5342 1237 3351 1943 5423 3108
1230,3825 11678 11679 8961 11674 11682 11677 12539 8956 646
1231,9650 7567 6262 8059 12148 13763 7745 1937 10119 1932
1232,9561 9162 8992 8290 6699 3811 9651 9652 3875 7931
1233,9656 7689 4169 1707 3672 9655 5664 586 1852 6687
1234,5934 8396 1071 8279 11468 5936 5930 5924 8292 5933
1235,9658 4523 5174 9470 9657 585 4522 4525 4526 13226
1236,7943 7543 7945 9661 7260 5156 8372 7942 5172 6854
1237,9665 5671 9662 1915 9664 1914 1723 5669 9663 8165
1238,9667 9668 10180 986 9890 5123 12962 12961 2279 7248
1239,9677 9676 9673 9670 9671 5820 5526 9674 5220 3326
1240,2864 5246 8550 1460 6646 7171 11986 9682 6497 10301
1241,8199 3028 5784 12688 12202 8718 4996 13808 3521 5631
1242,2517 9688 9285 4322 9684 976 4492 2515 9686 8804
1243,340 9692 5764 9691 9693 9694 2144 9690 3507 351
1244,3538 9695 9696 8063 5219 1267 3963 5950 11077 35
1245,6616 4019 6949 1896 6612 6607 6611 6609 6947 6478
1246,17 9698 2899 8474 9202 2397 8128 20 4977 13228
1247,9700 9705 1816 2790 791 9701 6691 9704 4443 508
1248,620 5907 621 9714 4455 3070 7624 606 12040 5905
1249,8304 6997 7995 195 9670 9673 9676 9671 9677 2762
1250,9716 9717 9189 9718 2910 9550 9190 1631 7658 8027
1251,8668 9719 6791 5822 6199 4635 4815 4988 14676 120
1252,9731 9730 9729 9728 9721 9726 9733 9724 9727 9725
1253,9756 1320 6809 4688 9753 9757 6741 9745 4140 6734
1254,9763 9762 9482 9760 9761 1909 9759 14305 8508 12352
1255,9774 9775 5096 9766 9768 9765 9764 9767 2200 476
1256,9777 924 9778 9779 3811 927 965 958 3153 922
1257,7732 2516 9587 9780 9899 12106 2549 9909 9781 2120
1258,9785 9787 9788 9782 9783 9786 245 9552 9784 4791
1259,2484 3318 9109 10738 3302 13273 3349 3359 2558 3288
1260,8375 7525 5179 7524 7526 7529 7528 4465 3591 6058
1261,641 7748 9790 14612 14823 14559 10354 6509 10353 10352
1262,9791 9792 9793 404 9794 6867 13354 13422 13625 14052
1263,9796 9798 9797 10428 10429 15133 10311 5334 5656 10757
1264,66 4503 823 5279 60 3657 8512 9800 7926 4347
1265,7934 6251 8036 9807 9806 9477 5157 9103 6253 6187
1266,7239 5755 9811 760 854 986 5123 2279 9890 14357
1267,2613 1129 9813 9814 2612 9426 8212 2746 9812 1543
1268,6304 7989 4984 46 1288 11699 4981 13579 13583 1105
1269,9820 9821 9818 9819 5023 3457 539 4164 3772 131
1270,9825 2420 3859 230 9826 12988 1467 2413 4274 4275
1271,8613 4124 9829 9828 9830 4125 4129 8615 4128 8609
1272,9833 9839 8515 3220 7260 4455 9837 9840 5800 9338
1273,7851 9844 9845 8657 9847 6566 9846 9843 573 9072
1274,9849 611 7310 3909 3602 6176 7303 9954 14680 12865
1275,4036 9750 6447 6446 1011 9852 13982 9850 2376 9851
1276,9855 9856 7206 2983 6161 13640 6499 5943 5944 5941
1277,9870 9865 9864 9866 9867 9859 9858 9862 9863 9868
1278,9877 7336 486 3024 3584 9876 4166 3031 3027 3124
1279,1136 1145 1146 9537 10751 5667 1144 1725 9538 1150
1280,2416 1736 9561 5948 9878 7279 3303 8753 2336 2410
1281,966 9880 9879 938 961 967 4589 927 965 958
1282,3868 3287 1399 4989 8249 14832 14831 8956 11677 11678
1283,7282 9881 6802 3581 319 9122 971 9977 7609 10076
1284,476 8762 8520 7569 5091 858 9883 5060 9885 9268
1285,4233 790 4248 4214 9156 685 4221 4218 4212 4258
1286,9875 3444 4326 6912 1160 7327 8465 9887 7514 7193
1287,1540 9343 8458 2216 2323 9888 1415 5035 1440 2077
1288,9890 9414 9891 986 2279 5123 9422 7248 6266 9811
1289,9893 4576 9894 9220 9892 9895 12945 15107 9210 9966
1290,3043 3044 5275 5070 383 3959 2270 5132 4865 2560
1291,181 2572 2501 9908 9899 9907 2192 5574 9916 2531
1292,5940 9934 314 659 8599 3749 8305 9933 5924 5936
1293,27 30 31 323 128 6003 35 2231 160 1239
1294,6529 3620 6855 5404 9938 9007 700 5994 9941 4163
1295,8382 9949 9952 9948 9951 9950 8384 8379 8380 12793
1296,9911 3160 7371 9901 9923 5574 9927 9905 9907 9926
1297,9497 8931 463 9955 1516 874 5972 8482 8932 9954
1298,6524 3533 6525 5607 6144 5463 6530 9956 2254 9155
1299,1779 6362 1319 4606 1778 1320 6363 9192 4060 1321
1300,9957 10982 11227 7940 3055 5944 5945 5946 5947 15276
1301,9814 9960 9959 5329 9958 9813 14232 2613 8238 13073
1302,2624 8255 5317 7472 9962 2014 6431 9961 4574 9945
1303,9963 9964 8145 9965 1554 8414 10165 7163 14858 12247
1304,9969 5129 1151 9968 5667 9967 1709 2885 12655 1772
1305,9970 10502 10501 10500 14905 9931 3273 9218 5478 2006
1306,5319 2923 7808 9971 8002 1387 5320 5318 10704 5317
1307,2268 6093 4800 6091 2272 13446 13448 13445 13449 13447
1308,2770 6629 9972 1164 6627 4950 8579 8583 6631 3999
1309,3495 9987 9983 1749 1584 9977 3919 9979 9986 9980
1310,9993 1088 5607 5824 7118 3627 9992 14414 13799 8993
1311,9924 9909 9899 9133 9905 5567 9900 3159 2120 5574
1312,4631 4633 12409 4628 4585 10979 9999 8507 9316 2902
1313,10000 3644 5237 12930 1795 1792 13255 12306 11594 12217
1314,10003 10002 5898 10001 1861 6772 282 7408 6283 6292
1315,10004 3756 10006 5214 6200 4986 9094 5386 10005 4981
1316,10008 10009 2391 1713 10007 10010 5505 1607 12047 5775
1317,244 10012 248 4122 480 497 7831 14771 1421 446
1318,8999 7121 1368 11184 10017 14670 14166 13912 7116 7325
1319,4242 5294 3098 778 5733 4183 10024 10022 8936 10021
1320,10025 10026 541 14863 5382 2394 12188 552 5842 8796
1321,10033 10031 5158 7963 10028 10030 9401 4225 5143 7809
1322,10035 5620 1889 5380 8025 5948 5946 5944 5947 5945
1323,10038 10039 11314 10036 10037 2803 11312 11309 11308 11311
1324,8808 2816 5193 8806 8807 14328 10733 13635 13351 8803
1325,2655 3853 10044 4023 10042 10043 2296 2651 2293 2650
1326,8622 10045 2457 3963 2763 3732 7496 2025 8548 8755
1327,10046 10047 10052 10048 2288 10049 10051 5174 10050 563
1328,4834 9896 10057 10058 3651 7687 10056 7047 4835 6412
1329,10060 4772 10391 10061 14382 9344 4911 2040 10289 2237
1330,4837 10063 10062 7209 4835 10896 10894 526 6104 4838
1331,298 6684 3627 1491 3023 10065 3256 7385 6686 10600
1332,2758 10066 4818 2754 1202 9562 1192 4242 12202 2248
1333,10073 9437 8540 10074 10070 10075 8541 8645 10071 10068
1334,7282 10076 10077 3551 12778 12775 12780 12774 10877 12772
1335,10081 10083 7227 8276 10084 8812 10080 10079 10082 14372
1336,10089 10091 672 671 5868 10074 10090 10088 10087 670
1337,10092 7043 3210 13593 11270 13591 9936 4184 421 580
1338,1556 264 4023 1263 1555 262 1558 1559 1557 1554
1339,1850 881 5089 9427 5163 1853 1843 1849 1841 1842
1340,7627 10093 8514 923 342 13395 14888 13906 4954 13955
1341,2657 10094 8224 7347 1250 10580 8005 10581 5264 8006
1342,10095 6280 6272 6291 6292 9776 6410 14815 14818 14817
1343,8808 14328 8806 4056 13635 10733 12535 12501 8807 15210
1344,10096 10098 10099 7059 7098 6706 7099 10097 7058 6364
1345,10101 5192 14863 2475 10665 11533 10025 6065 9687 8492
1346,345 7402 4365 199 8740 939 927 7280 958 351
1347,10110 5126 6752 861 4803 10109 10108 6396 10105 10103
1348,10114 341 7083 5960 8220 10113 10112 7482 6516 11181
1349,101 15066 14898 15067 15270 15249 14690 15068 15013 873
1350,10117 2894 10118 10121 10116 10120 10119 1934 6262 1932
1351,7302 4966 10123 13285 12037 4955 4634 127 626 4958
1352,10125 5904 2324 632 10126 5917 14378 5900 1466 5908
1353,8713 10130 7685 10131 10129 5570 10128 5206 5681 10127
1354,6969 2494 2292 10135 9330 9681 1215 14337 9351 5661
1355,10144 10143 865 5134 8662 10141 3195 2293 8047 10142
1356,7410 10147 10154 9971 2426 10145 10146 10149 10152 10153
1357,10158 10159 1489 14107 10550 1497 5567 6917 1487 1481
1358,10165 8451 10166 510 1519 2161 5520 662 858 1449
1359,4355 1621 6177 443 1622 2358 1618 1617 3409 4856
1360,6362 4060 4415 6363 1319 1320 1779 1778 6361 1321
1361,3401 10172 10177 8574 5186 6696 10173 10170 9094 7981
1362,10181 5161 8024 10636 6472 3129 5154 5160 14715 10487
1363,10182 6960 1832 8447 5054 10223 9217 1972 1004 10222
1364,7946 10183 765 2256 4574 603 602 9156 13479 12174
1365,10034 10185 575 5354 10184 6837 7808 6501 6770 12212
1366,10186 10187 7200 13195 8725 7199 5948 5951 15276 5952
1367,1857 8430 2813 10188 10189 10190 1849 1842 1841 1843
1368,10191 7222 2376 2622 1153 7093 6542 9665 9662 1915
1369,10197 1365 10196 10194 10195 12217 12214 1941 12216 1794
1370,6707 7785 10199 10198 2883 1708 7427 11010 2715 4134
1371,10201 10202 6340 9978 10203 9476 3605 10200 12639 12638
1372,10205 11849 6510 5944 5945 5946 5947 5957 5950 5948
1373,10206 4330 10207 14806 12032 11753 14879 13623 8314 14324
1374,4014 9815 10212 9356 10213 6827 7162 3420 9206 4280
1375,10216 5195 10217 10218 10219 14354 14845 14737 14724 14846
1376,10221 15276 5944 5945 5946 5943 5948 5957 5950 5947
1377,1537 10223 10222 10182 9217 1004 14368 1536 3972 14544
1378,6354 13394 13393 10225 7576 4545 10518 13204 13391 13359
1379,3303 10228 9363 10704 10227 3354 9139 9616 7991 3324
1380,10229 2989 14724 14723 13839 7712 13942 2726 5199 2988
1381,10237 7960 2607 10235 5950 10231 10233 3624 8344 3725
1382,7939 8518 10240 4809 7942 12033 14623 10226 13704 4169
1383,8974 2408 4925 4769 323 3033 6873 9317 4263 3419
1384,10243 5634 10169 3862 230 10242 14412 13877 12678 1544
1385,5047 8959 12062 9040 9038 5055 9043 3208 12060 4548
1386,5819 7527 2420 10244 2413 10184 11468 2590 4013 2425
1387,10245 665 985 6003 7195 7194 3369 6126 7191 7196
1388,2882 4407 1729 1721 10246 5440 1146 1136 2893 11435
1389,3523 665 5280 10247 3521 1633 1294 1293 2786 194
1390,445 10248 7701 3417 5926 7761 9427 201 14431 8606
1391,10250 10251 10252 14118 6174 12626 14237 6241 2725 14606
1392,6225 1269 2982 230 9826 4749 10255 1253 3859 6530
1393,4094 411 7767 2247 10260 10258 10259 2274 4078 7293
1394,998 198 10264 38 6358 2541 4321 2039 8961 9472
1395,2990 3718 5491 10237 1611 4147 4970 5184 3527 8876
1396,8045 10266 107 6585 1809 7821 10704 14676 9935 7204
1397,9546 3539 7453 2719 6336 3216 2641 7021 1737 3544
1398,10271 2000 4610 7506 563 10272 10269 10270 10273 4277
1399,9719 122 4635 5825 6791 9861 5822 10275 7329 10274
1400,6086 5140 3974 12490 13480 10357 5095 10348 10600 10597
1401,10279 10280 715 9366 7783 8977 10278 10277 1054 13350
1402,10284 7460 5731 10282 1439 5167 4945 4372 3724 5616
1403,10285 15276 5945 5946 5947 5948 5944 5943 5951 5949
1404,3478 1836 3989 209 439 10704 10142 3194 7799 2127
1405,8934 10286 10287 9823 12484 4274 4275 9824 7809 4809
1406,1673 2114 755 3811 9670 9676 9673 9677 9671 10943
1407,2074 10289 8415 10669 7336 157 9560 3772 6313 6625
1408,2105 8601 6576 11817 6218 12430 4934 11551 6219 11818
1409,5143 9283 2417 7346 5158 5160 5154 3129 5147 10030
1410,10291 10292 8480 5750 1880 2963 10290 3214 12130 4302
1411,3510 10294 6142 6617 8719 1347 3513 3968 10520 10521
1412,9702 4468 3120 3309 769 8933 10295 11329 8991 2868
1413,9169 10309 10296 4501 9706 8975 8658 10298 10303 10301
1414,1073 9039 9466 1029 1031 1072 1044 3343 7140 11933
1415,8345 8959 3366 7488 787 5618 4808 3190 8344 434
1416,559 714 865 1201 4868 4232 3204 1092 4860 5954
1417,10315 10319 10313 697 695 10312 10318 10317 10314 2556
1418,5605 4750 10323 2437 5598 5603 5600 4747 5597 2865
1419,10325 10324 10326 10944 10945 603 10949 10947 10957 10946
1420,2691 10327 820 10328 1685 1833 10329 3117 10240 2343
1421,2035 2684 3105 764 1447 2039 3628 3625 4214 11086
1422,10332 10331 102 7671 1108 10330 6515 13754 3580 12724
1423,7671 3994 10339 10333 872 10334 2170 2143 77 4798
1424,793 2307 2139 1993 4128 833 2107 10607 4496 11194
1425,7263 10341 9915 10546 10342 3461 6889 10547 10551 10544
1426,3387 8884 3411 3388 13987 2280 10051 3269 9294 7706
1427,10345 717 10346 10344 2042 2603 10343 11910 11909 11911
1428,476 466 686 774 478 462 687 5561 435 464
1429,10352 10350 10349 10353 10351 10354 12228 641 12229 4070
1430,6364 7427 9192 1779 12643 6363 12644 1320 9191 7554
1431,5176 10358 10360 509 3984 1213 8711 5953 10356 10357
1432,873 4385 1377 10616 13371 12086 773 5055 5371 13372
1433,4069 6932 10364 1762 10363 122 13206 1388 2627 3133
1434,9236 10368 10365 4141 6360 10366 4142 1011 6320 9851
1435,10380 10379 10381 2358 10374 3525 8567 9375 10378 10375
1436,10387 6052 8767 5011 10385 7918 9612 10386 8704 5507
1437,3762 7737 6675 2233 1974 4826 6671 4001 2301 1579
1438,9344 10391 4911 7993 466 6905 2040 10060 10289 2237
1439,10399 10395 10393 10392 10404 7368 10394 10396 10398 10405
1440,8216 8215 10407 3565 8393 4057 8275 8214 2663 12092
1441,10409 10408 3998 11010 2715 505 11013 11012 11011 11009
1442,10410 2823 10411 14331 13926 13575 13260 1535 13329 1525
1443,7972 7503 5202 1732 8948 796 814 5545 8949 8941
1444,10412 10413 5640 6710 13428 10875 12901 8251 2065 2435
1445,5062 10423 1768 9167 10276 847 8556 3117 6957 10420
1446,10426 10425 8900 10427 6504 13191 1714 7895 7076 4962
1447,9797 10428 9798 10429 15133 9100 13620 9796 5942 5943
1448,4789 3857 2308 11804 4784 5726 6343 3925 10181 6691
1449,8346 488 7769 1055 1058 6013 10430 1037 9249 7772
1450,7556 10431 11208 12226 6101 12227 13066 8378 8238 4895
1451,1986 794 1071 10837 10838 2279 986 5123 9890 5298
1452,765 10239 10438 1329 10439 9896 9211 729 8261 7931
1453,8433 7429 10306 3916 9169 10308 8431 10297 10302 8658
1454,8335 8112 10441 12576 5385 5381 8113 8333 8330 8331
1455,5299 2519 7730 14054 8747 14052 13851 10662 9776 14818
1456,10443 10444 10442 2850 13368 6094 7888 5199 5951 5946
1457,10446 10447 10448 12869 2263 12867 13198 13197 13199 4806
1458,9068 9314 10452 1574 10451 6372 13055 20 9468 8705
1459,8141 7253 7401 4276 13394 13393 11940 7576 4545 10518
1460,292 4127 1836 133 127 6676 9264 291 12191 3225
1461,10455 10457 5282 2438 3009 3482 10456 3933 6253 5384
1462,5910 1601 7149 5911 1347 4740 5908 1466 5915 1599
1463,2699 249 1385 6696 14423 9091 2695 3524 9484 247
1464,4906 2474 1207 3932 1112 3497 2476 2471 8180 1371
1465,339 2689 469 351 343 346 341 340 7691 317
1466,6760 10458 8755 6917 11442 14037 11951 84 9206 10539
1467,945 2007 6314 476 10460 975 8524 466 9944 8670
1468,3298 4348 2913 2221 164 2478 5394 5813 3326 3324
1469,9194 6363 6364 10461 1320 6553 1321 4060 9192 1778
1470,1101 3300 1192 5502 3811 2063 5359 3281 3324 3297
1471,10462 812 735 450 5482 3016 3866 1217 4929 7238
1472,10466 10465 9290 10467 10463 6670 7410 10464 4446 7615
1473,5551 3100 1455 3014 4239 7413 9163 796 10472 6641
1474,9851 6360 1317 12643 1357 13683 11787 15126 7057 3083
1475,742 9917 10475 10013 7734 10479 8502 2516 132 7156
1476,5151 10481 3069 15140 15139 5160 14086 3129 5154 10287
1477,3055 10398 2519 10482 7116 7132 11184 7125 8369 7134
1478,4485 3342 8289 7414 10485 651 4923 10137 2099 10439
1479,3007 3008 3005 3664 3010 3006 3011 3009 3004 961
1480,5489 5488 9706 6691 5490 10181 9701 7821 6689 5487
1481,8354 10489 9288 9782 1362 10488 10490 8353 8355 13181
1482,10491 13312 14507 14284 5943 5944 5945 5942 5952 5948
1483,1102 9986 4077 8554 4011 10495 1306 10498 9579 8309
1484,10501 10502 7673 10504 10505 4726 9931 3273 10500 4024
1485,10508 8837 4774 6166 10507 2734 10974 12391 12639 12638
1486,3819 4181 5427 4975 2715 11010 4247 4244 4050 11012
1487,10512 10511 2810 3148 475 10510 10515 10514 10513 1990
1488,10520 10521 10519 10518 7238 7708 10294 1016 13394 13393
1489,2428 10522 8798 1660 13582 13580 1105 13579 13581 13583
1490,10523 10524 10525 1532 14684 6417 14683 13210 12584 12978
1491,3819 4975 1517 10236 7369 3820 9707 4974 222 11010
1492,8717 494 8952 495 6040 10527 247 485 418 5724
1493,10529 10530 6816 498 12984 9894 5650 11294 8756 14657
1494,4223 6651 1235 1219 8949 12021 8447 841 1236 1234
1495,6651 3253 1206 2307 2211 2938 9396 7973 6242 9285
1496,10534 10533 15276 5945 5946 5947 5949 5958 5951 5948
1497,7297 10536 9134 2206 7994 2479 2931 6917 10535 7431
1498,1162 4901 10542 4815 1869 3237 88 4900 9499 3236
1499,4831 5362 10327 2799 8197 3624 10430 7189 10238 8303
1500,8982 10355 10990 6805 10994 8981 11922 12731 7554 10627
1501,10549 9911 10342 5568 9927 8503 6913 9901 8724 10341
1502,10237 9221 10552 10235 5666 2990 10233 10231 12592 3545
1503,10553 5815 7178 5011 2021 13797 2658 5827 5806 12214
1504,4596 10554 1828 10555 10987 11351 12378 11434 11339 5686
1505,1320 6361 6362 6363 1319 1779 1778 4060 9192 1321
1506,5343 10557 10150 1467 3385 13541 13545 13044 5342 13544
1507,10559 1738 9439 3028 3946 10227 6036 10483 14529 1865
1508,2635 10561 10560 5364 228 2634 14147 2632 2633 6090
1509,4329 10563 4398 8768 10562 1443 12534 12062 11108 12060
1510,10565 1701 2029 48 685 10564 1100 11354 12391 11353
1511,9075 9249 10567 8704 8593 9073 3562 5254 9108 2088
1512,10568 10570 14746 12807 14749 14747 14748 5871 10569 14750
1513,10572 1480 4005 10571 6032 3601 12327 3911 9391 2101
1514,5451 10578 1824 10577 4608 10574 6737 10576 10367 7079
1515,10579 5142 9296 9177 1520 3129 5160 5154 3941 7820
1516,10580 10581 8005 8006 4518 6771 10582 2181 10583 5918
1517,413 8719 208 6682 466 7280 251 7816 6862 2368
1518,10469 4513 9392 10472 12095 1455 10908 10471 5551 1580
1519,10588 3205 9425 5756 817 3224 10586 5585 10585 4739
1520,7066 7070 10589 8598 10590 7060 7061 7074 556 7063
1521,3248 6649 1585 6034 6968 3041 2782 5077 2911 3249
1522,745 9943 10591 3742 5957 5958 750 10348 10600 833
1523,2284 5916 10335 4795 10593 4381 11024 2272 13921 13922
1524,4479 4930 10594 5549 542 763 3922 849 804 4499
1525,618 7716 10595 612 12855 13373 11480 10540 287 2120
1526,10348 10597 10600 5095 10598 298 5087 4835 9622 5420
1527,2294 846 9051 2290 8418 12359 2067 7341 4106 98
1528,9389 10602 7491 5568 4194 9388 5981 3276 9927 3139
1529,10604 10603 6793 13812 11186 6288 14110 13811 14111 13815
1530,10606 4978 8558 336 10288 6043 8279 6318 305 7838
1531,10492 10498 2993 7088 9986 10495 8309 4011 10496 1102
1532,3358 7416 2988 2697 7415 3336 5100 2720 3324 3528
1533,4532 3445 6293 4533 3448 3450 3447 10516 6294 1731
1534,10607 3472 4286 2219 1302 4128 5623 2107 8818 5573
1535,8925 1689 7274 6591 933 8927 8929 8919 8924 8920
1536,8264 10609 7352 10610 3838 3927 14178 7350 12518 2298
1537,3202 336 8480 10613 10612 10611 2224 5134 7906 928
1538,5994 4037 1987 5814 10615 4880 1623 5631 10616 7856
1539,10624 4926 2368 3660 9500 3988 10623 1442 1214 1171
1540,6804 10627 10628 2996 10629 10991 10990 10630 10626 5873
1541,4744 4923 1511 6625 578 10632 10633 10631 922 2675
1542,6694 10635 7429 3602 83 6546 5597 10634 5864 4462
1543,4941 10387 7382 10113 9234 10637 10638 7801 4943 4936
1544,7818 10072 1317 10748 13702 6557 12643 1000 10075 11922
1545,8297 10639 5494 8051 13784 6311 8655 12789 12791 12790
1546,7234 8977 10640 335 9373 9375 2017 14857 9372 9374
1547,2375 1320 1321 2869 6363 9192 1779 4060 1778 2371
1548,7456 4485 5591 738 7314 2355 3614 809 7458 3257
1549,9088 10642 11466 6532 9030 3470 3225 514 15159 12050
1550,10643 5944 5945 5946 5947 5943 5948 5957 5950 15276
1551,10644 10514 3854 11983 1174 9521 5969 12985 2287 10513
1552,10646 15276 5944 5945 5946 5947 5943 5957 5950 5948
1553,8945 6295 1198 779 3837 4876 8618 4870 2411 10647
1554,2527 2497 7733 2245 8802 9878 10650 1064 5433 2544
1555,2473 122 4889 7275 7197 5837 3944 6880 591 9685
1556,10669 9166 5937 9560 157 6313 10667 10668 3772 6625
1557,2551 3309 9000 10675 9161 10674 4954 3302 6916 2522
1558,203 964 10680 10679 2304 10678 3127 205 199 5733
1559,10683 10687 10688 10689 10685 10684 10686 10681 10682 3660
1560,4414 6735 1826 4134 6734 6740 4415 4416 10199 11851
1561,10693 10692 15276 5943 5944 5945 5942 5941 5948 5946
1562,10694 10695 10085 5805 10677 12814 13924 13923 15089 14770
1563,10704 103 1658 47 10228 10706 2127 5892 7710 8845
1564,9968 1011 2893 1776 9969 2885 11816 11768 9967 2882
1565,1345 4357 5589 8028 10474 11821 2328 3619 9429 2360
1566,3041 10718 9267 970 10717 7145 4269 456 4879 6135
1567,1377 450 5893 9569 4493 191 6854 760 414 3922
1568,6905 3104 9715 1076 2221 10391 11364 2024 12706 7725
1569,10720 5776 10010 6979 6981 8131 8117 4258 5775 8130
1570,10722 9073 7868 3131 10721 10725 10723 2134 4051 10726
1571,4414 1826 7218 10199 10627 4134 4416 7427 6804 2864
1572,10727 10729 350 825 10728 887 2251 3099 10579 514
1573,10730 1331 10731 13850 407 1328 13650 1330 1327 12747
1574,10733 8809 10734 15210 8806 14328 14877 13441 12883 13635
1575,2494 1161 7316 3398 2558 5813 2484 3359 4716 7196
1576,10621 1188 1412 1069 7353 5500 7815 13918 5341 1214
1577,10741 8811 5344 14577 13074 14576 14434 8805 10876 8807
1578,1646 789 3195 10601 163 761 790 1210 3678 2777
1579,10745 6146 10120 10744 10215 8051 9104 6490 10119 10117
1580,3371 5835 8492 9538 5388 10751 10747 10749 10748 7076
1581,10755 8082 10032 8076 8498 8079 2250 8080 3795 5063
1582,7167 8921 2649 9796 6477 5334 10757 10311 5656 2648
1583,10760 175 5501 4980 5859 6433 10758 9271 3385 4832
1584,10762 2024 7831 3748 1103 2826 1871 3255 1413 12185
1585,10763 2925 10765 10766 10764 8052 9442 5143 10042 6103
1586,10768 10770 10771 10767 10776 10778 10772 10774 10777 10775
1587,7489 5180 9789 10779 3864 6335 12363 14032 6329 3749
1588,388 3328 5779 10739 377 3350 3300 8549 3288 3297
1589,7490 3943 3472 10780 4998 7501 2783 543 6957 2159
1590,5361 4020 1257 4015 432 5176 10358 10356 10360 509
1591,10783 8787 4359 10782 7705 5886 2276 10781 9085 8183
1592,1660 324 8616 3637 10789 8598 5370 332 10788 10787
1593,3761 4827 8294 3757 3758 12267 11933 3763 3764 12395
1594,10793 10795 10794 10791 10792 10796 5945 5946 5944 5943
1595,9990 10797 5624 9490 5625 3190 8937 6708 4077 243
1596,10799 10800 10801 15276 5946 5945 5956 5949 5947 5951
1597,10802 10803 10804 10805 9229 7899 10450 9232 9230 13460
1598,2881 1723 10807 5129 1776 1000 12736 9664 7425 14438
1599,1665 6165 7651 6780 9809 9810 10810 6781 6887 4069
1600,5875 4603 3085 5855 5854 5870 14349 5861 14350 5856
1601,10811 10816 10812 10817 2370 7092 1354 10813 1710 9663
1602,7124 13912 15244 15228 8377 9054 14427 14555 13587 3176
1603,4862 702 3016 1649 1219 8946 6018 6919 1569 2935
1604,10828 10830 10825 10826 10827 10829 7476 6243 5951 5947
1605,4310 7144 4267 12231 957 9581 12232 9183 9742 3947
1606,10835 6202 10836 9511 8221 10833 10834 2262 4857 12012
1607,6372 1978 8083 10840 7299 743 8616 10061 8782 2477
1608,3678 489 3419 6587 8791 3614 4291 7820 2583 10841
1609,10842 2433 2432 2426 2434 2423 2419 2410 2429 2435
1610,26 3910 4467 7992 2117 3922 4487 5926 3194 5943
1611,8164 10843 4605 7064 4413 4133 4609 10854 10856 7072
1612,10845 10844 12677 14679 11688 12184 9102 12998 8085 12676
1613,10846 10848 10847 5987 5946 5947 5948 5949 5945 5959
1614,10850 10851 10853 10852 10849 260 13061 4537 5391 6189
1615,10856 10854 2374 4402 5672 10859 2370 10858 4578 4039
1616,10861 10862 2868 8991 10864 7987 10608 10863 5294 8854
1617,5914 1177 10868 10869 1864 5597 2045 7172 10867 2984
1618,1447 6576 10871 8303 3172 488 1474 9491 14431 4817
1619,10872 10873 10874 14516 12616 14515 14412 7759 14234 2099
1620,715 10790 10078 10876 10878 10877 10875 10879 3965 11558
1621,10881 9179 9392 6545 10029 3811 12654 8966 4281 11410
1622,10883 10882 7245 10884 4205 3738 1206 3724 4159 9981
1623,3699 4821 10567 6689 992 5589 2721 2328 3619 580
1624,10887 10503 9928 10888 9900 2523 8718 10544 7263 6896
1625,8552 1079 5046 1614 1112 1014 3352 1999 12462 8547
1626,10891 2281 6233 15068 15249 103 15066 2325 14597 15190
1627,1300 3881 1329 8439 11294 8756 1299 14005 7293 12205
1628,4604 6808 9638 4398 12255 9641 9631 6807 12256 9630
1629,7847 2928 10310 5938 12321 13181 6584 7842 13083 7849
1630,3395 701 8083 9140 1081 6472 10636 3392 3394 1486
1631,495 2262 4579 10835 6155 5958 4505 497 5055 2001
1632,10897 7244 6897 2550 4837 10894 6104 10896 10788 10239
1633,6519 8278 6644 1579 6517 6633 841 4826 3362 6530
1634,287 6005 10347 12667 4303 12516 12666 11480 4256 618
1635,5367 4605 7071 8164 7055 7058 7061 7060 10949 10946
1636,10900 9814 10901 8212 3563 14368 13306 10081 12067 2088
1637,10902 10473 3099 8879 9981 3556 3098 8614 204 11474
1638,5679 7628 8148 9210 5372 8895 2904 2599 8888 3474
1639,10904 10905 363 12770 571 11192 13977 4588 13522 1951
1640,7855 569 10438 4787 8987 4570 10907 7853 566 565
1641,625 6836 3222 6030 9296 13517 6633 6023 12178 14585
1642,8449 7920 10909 5053 8415 7502 4211 10908 8836 126
1643,8065 10139 10885 3386 3973 12688 8062 8064 2328 217
1644,5576 3881 3130 8855 7681 4335 5433 3837 10647 4870
1645,9407 10912 2659 5784 931 1989 13682 10911 9411 9416
1646,4949 10914 10915 8458 5660 1606 2602 6214 486 9131
1647,10916 10917 9374 10918 12964 12288 1134 14600 13432 9373
1648,182 1568 10919 4757 6216 7420 4209 7696 2766 2448
1649,10928 10927 10926 10925 10923 4967 10929 10039 10922 10924
1650,10934 1738 8832 2215 2459 1132 7467 7738 11961 10798
1651,10949 10938 10937 10942 10935 10939 10957 10946 10940 10944
1652,2142 7374 9901 10549 2125 5574 9905 9911 5234 2500
1653,3973 6650 217 3676 1079 1518 8584 7566 2328 10632
1654,2113 10963 10964 11828 6112 11823 11825 11831 11826 11829
1655,4493 5050 2755 2480 5453 10966 467 2759 7969 10967
1656,10969 10970 13034 13687 13689 13688 13686 6841 12827 14117
1657,4031 3984 782 9875 1387 10972 419 5055 4366 1995
1658,8685 8682 8681 7652 8679 8683 8684 8686 8680 3858
1659,745 5170 5172 807 477 8621 8644 9593 5802 7543
1660,10975 9342 10977 10976 3834 1884 12310 14516 9350 9351
1661,5119 3050 748 3699 10983 6175 7145 8652 5804 9049
1662,5676 5199 10986 6640 14116 9176 9178 5678 9175 5675
1663,8152 1153 1721 8156 6740 1156 1138 10949 1142 1139
1664,10990 10993 11000 10994 10999 10996 5845 6804 10554 10998
1665,11003 11004 2086 13822 11039 3561 6102 10086 6549 14144
1666,3636 9978 3635 3628 3625 3626 3638 3630 3633 3631
1667,4753 11005 11006 11007 6621 4962 6483 6492 11896 6480
1668,3690 3620 747 478 811 763 765 8943 9156 4491
1669,2715 11010 5060 505 5061 4265 8451 11012 11011 11009
1670,7123 13952 7159 2125 7127 108 7125 7117 5569 3022
1671,11020 13117 6936 15276 5943 5944 5945 5946 5941 5948
1672,11022 3635 6066 12558 9084 12561 3636 12562 13682 13684
1673,3850 11023 8962 1645 1451 5160 3129 3849 5154 12306
1674,4336 1576 11026 8477 8760 1904 11027 11025 8168 7881
1675,11028 4627 3241 10232 7859 14218 2446 4569 9850 7960
1676,11030 9781 4669 7643 2599 994 11559 1624 7022 11558
1677,11033 11031 7943 5157 1785 11032 4174 11034 5872 7942
1678,8779 10504 5246 5864 7804 9954 7815 4462 7184 9305
1679,11037 922 8690 7248 11036 9778 8578 6083 6303 8853
1680,10440 3685 6437 1407 460 4015 2216 2314 14857 11476
1681,2360 4307 6341 46 3111 2223 6383 472 1068 14669
1682,7054 5225 2457 15000 5224 418 11130 11070 8954 2462
1683,2676 8266 8279 1273 8271 1275 6405 8289 8284 8285
1684,6549 9202 2912 11039 11004 11038 9071 9837 7584 979
1685,11047 9579 5457 9705 11046 9107 11044 9614 5802 2338
1686,10204 5506 978 3441 7588 2020 3890 7173 355 7511
1687,5477 632 2305 5917 11050 5904 4385 5469 5476 5470
1688,2465 6326 6386 11053 2614 11051 12484 14357 11052 14052
1689,10956 3077 1721 10945 10949 10940 10944 10946 10947 10942
1690,3055 7116 8369 7125 108 11184 8370 13953 7132 15061
1691,287 1796 1690 9105 618 10347 6005 11480 9114 1782
1692,11059 2154 11058 15255 8413 13891 7115 3019 5945 5946
1693,11063 263 4381 275 2718 261 8414 262 8420 8412
1694,11068 11065 11067 3695 255 10139 11071 9492 10965 5456
1695,5056 4347 9590 3741 8309 4031 1031 6828 7511 6052
1696,3526 5046 11073 3311 7828 8956 6698 11682 11468 11679
1697,9696 1267 5899 2732 7803 11077 11074 3090 3087 3086
1698,11079 736 1638 5766 14175 6060 2901 828 800 781
1699,488 10884 495 459 497 1194 449 5013 814 827
1700,10716 5352 11638 11640 6244 2654 15049 12898 4674 5353
1701,3471 2781 3225 3314 4226 5422 11080 3987 8775 3248
1702,11082 8434 8224 6178 7992 4000 1832 4645 7822 9169
1703,8069 8191 3467 11084 9520 9130 3363 2348 1826 11083
1704,7474 1226 1707 6159 10785 11085 3421 1117 1036 747
1705,4867 5836 991 3348 5828 5394 5803 5806 5816 3381
1706,4187 4265 11089 2355 806 8225 3257 5798 4805 11088
1707,11091 4596 4407 5435 11434 5686 12378 11351 11891 10246
1708,612 11092 611 7538 941 6535 10375 618 9 10691
1709,6363 9192 4060 1778 1320 1779 6362 6361 1321 1319
1710,4773 3543 3544 3546 308 14602 14601 3539 7765 5182
1711,3271 3272 3270 9305 5740 174 6872 2362 7118 1290
1712,926 8490 6296 925 8330 8331 8332 958 8329 8333
1713,11094 3350 11095 1997 10149 11096 11093 646 12539 11419
1714,10031 10746 6773 13592 13591 9401 7963 10033 10030 12907
1715,11100 11103 11104 11106 10543 11105 11107 8156 3106 3107
1716,2820 10179 11112 11108 1532 11109 11110 12426 2742 1166
1717,172 7419 1959 168 3992 9988 5068 3711 9309 1450
1718,736 11081 1684 9561 3708 735 1981 754 7505 4471
1719,1717 1150 5139 1718 1703 1708 1706 1710 1725 1716
1720,5466 11115 11116 7184 2215 11113 10331 10929 7364 3866
1721,2848 7893 3997 7899 2977 13460 7887 7892 10320 5245
1722,11118 8151 2869 8160 9754 1862 6542 11119 3693 6738
1723,11121 11122 3465 14123 362 12008 14799 1532 9791 6992
1724,11125 11124 9116 8999 11126 15066 14240 9777 10053 14639
1725,9078 11128 1536 3721 9076 9077 9079 8215 14795 7309
1726,4018 9017 9018 9470 11129 9473 3933 4019 4022 9658
1727,4222 2239 2945 4498 4215 1458 2242 2098 4248 3917
1728,8820 3048 1425 14279 11053 14275 13588 14278 13264 14277
1729,10649 4011 3640 4313 2336 3629 2785 1305 10661 10470
1730,6335 9219 1313 11138 11132 11131 11133 6879 3859 11135
1731,11145 9141 2174 4101 11141 11143 11142 2644 2648 11144
1732,11146 5010 7980 6540 3367 11258 5008 5009 10359 11257
1733,6304 5218 4918 2482 3350 388 4913 7989 5217 10906
1734,9712 2045 1429 9714 620 1341 7624 12924 606 2047
1735,2575 42 7364 3205 9426 11148 8623 5466 7361 3292
1736,4063 5876 3843 1826 6705 4134 4062 2890 1777 2876
1737,5315 5853 1646 1439 3678 796 789 2001 828 7411
1738,11150 3124 4978 2063 6409 8310 12202 8723 8277 13580
1739,11114 3265 15261 11785 12611 13938 3246 14968 11116 13290
1740,238 11155 8460 8292 4673 3246 11156 10781 8012 11154
1741,5746 11157 2 5747 8700 8098 8285 5744 5408 24
1742,3219 9953 1051 11161 2935 6696 2462 11160 11159 6910
1743,4058 4057 4648 4645 4647 9012 6794 11164 4646 8638
1744,1416 1458 5091 493 7278 9983 2024 1401 10311 10588
1745,2825 8851 3321 2043 3458 9284 10841 5148 5000 10510
1746,4378 6521 11176 8137 6529 4227 2055 8973 3440 1256
1747,2285 5098 8229 2272 10502 10501 2279 3273 2280 2273
1748,11180 11179 11178 15276 5942 5943 5941 5945 5940 5947
1749,9719 11181 11182 9121 4635 10114 3492 913 11183 6791
1750,5623 10641 5573 8818 3635 10607 5080 6702 7823 11995
1751,7113 7116 6760 7134 7128 7120 2125 15230 7127 11184
1752,7121 11185 14406 3022 10651 76 7111 7114 15069 12874
1753,7423 9562 6258 7448 2980 7450 8485 6239 6256 8716
1754,4053 11187 2593 11188 8100 3330 14785 14392 8759 8092
1755,10436 4770 5140 10273 4865 8461 1734 5622 6904 1403
1756,4343 11191 4874 1687 8197 4571 2953 1760 4875 4873
1757,10976 3811 9604 14516 9605 14412 14785 14775 14392 1884
1758,2718 3251 11063 4210 9487 3865 5816 9097 13436 9099
1759,2248 5164 3374 7422 2779 7877 5033 11196 5073 5072
1760,11209 9111 11210 9110 2094 9354 11858 11207 11197 9559
1761,6434 42 11212 11810 6201 11229 2132 10564 11918 10516
1762,1017 1232 6237 6014 4587 1034 10459 10301 3773 5018
1763,4241 4243 4502 3474 1767 457 11215 11214 3581 1400
1764,6537 11218 11217 11219 11604 11605 10468 6245 907 13948
1765,8391 4866 4024 2547 11161 11223 2520 11222 8530 6917
1766,11224 2371 11225 7081 12732 12239 12731 12242 2375 12728
1767,6253 2438 1662 1663 11227 6623 1664 2394 9804 13704
1768,3471 611 14557 14552 11230 14553 12051 1965 14418 15229
1769,11232 11231 14469 13219 14805 13671 1937 1926 11702 11701
1770,5882 4767 11083 9887 2168 4263 9317 10515 1458 15128
1771,11234 4886 2352 4778 7192 10736 3326 11233 8792 3022
1772,11236 846 390 7547 469 6267 11237 11064 11238 4093
1773,2779 2100 2774 8940 4366 2758 4216 3605 3609 3035
1774,238 11239 7620 705 4804 6122 6227 8343 250 1676
1775,7778 463 1442 1436 2408 1684 3285 1424 1520 1614
1776,8788 11241 1699 6613 7804 1695 10868 10374 7052 10509
1777,11242 188 10136 2140 3160 12203 5632 8776 5830 7371
1778,11244 6097 1422 6203 13840 7882 1786 7894 1433 1434
1779,11246 11247 11210 7722 1524 11245 6795 9558 7892 11687
1780,3015 6198 176 336 11081 2586 9318 8799 8287 9304
1781,11251 11252 2011 14681 15219 15170 15218 13684 11571 2010
1782,1742 11253 12315 3073 14023 2801 9034 8508 14468 14773
1783,1371 4891 185 7326 11255 3476 2475 3237 11216 4887
1784,9079 11171 7824 11256 1058 8213 8275 1536 1458 2095
1785,7527 1596 6982 5965 5966 5963 5969 762 5968 5156
1786,3367 2767 3602 11146 5079 964 11258 189 3531 7770
1787,4568 705 3242 5862 6563 2930 9885 11259 12698 5425
1788,11262 4521 2942 6223 9394 278 12448 4334 10548 2367
1789,11264 11263 1266 11034 11265 6359 6418 6420 4508 6424
1790,11269 5051 3869 11268 7736 9491 276 2119 7440 1572
1791,2371 2374 7064 7215 2375 2370 7062 4606 11348 4413
1792,4844 538 4839 6820 531 536 14808 525 526 4835
1793,1752 8808 11271 13585 3043 14328 8806 3044 13635 10733
1794,4229 6260 4360 8697 11272 11273 6182 6071 11154 2878
1795,8153 1731 3781 11274 1728 13223 8154 8149 8157 8155
1796,11275 11276 11277 15276 5944 5945 5946 5947 5948 5942
1797,11281 11280 11279 11278 4040 6790 9620 15276 5943 5942
1798,11287 11288 11282 914 11289 383 11285 11286 11283 934
1799,5501 1030 3528 2697 4777 3358 2692 1059 1016 3361
1800,8756 11294 5148 4290 11295 11292 1781 1329 11293 11296
1801,11043 10218 2747 10960 1458 10588 7278 8066 358 9983
1802,3095 7900 7087 10650 9932 12540 8868 9878 9240 12202
1803,2255 831 7836 6166 3926 4866 7933 11297 7278 357
1804,3335 2141 6564 11301 472 8495 4780 6560 11302 9693
1805,10764 11303 11304 2288 576 14845 14846 14737 9589 14738
1806,1792 2627 1795 1852 11305 10000 1794 1790 12214 12217
1807,2920 2917 13428 10460 6710 9500 10875 10624 5640 2368
1808,11314 11312 2803 11309 11311 11308 11307 686 3097 8455
1809,7496 8971 6338 5864 5045 8937 11317 7494 6345 3963
1810,11319 11318 12756 15276 5943 5944 5945 5946 5941 5948
1811,6568 6410 11320 6681 6280 1426 12180 6376 12187 1213
1812,7175 11322 11321 13226 14714 12282 6464 1025 10414 13621
1813,732 3458 2581 3627 10664 10691 9112 3047 10281 8836
1814,467 4468 10454 10309 10296 6216 1423 6647 9169 12175
1815,11326 6103 4120 11341 996 11331 7484 11334 6234 11329
1816,6363 1321 4060 1779 1320 1780 9192 6362 1778 1319
1817,11353 11355 1878 1415 11354 5717 4871 10565 710 11979
1818,11358 11357 908 11359 4971 9392 6761 9239 12207 6170
1819,4260 658 462 416 3100 11360 812 11361 4027 171
1820,11363 3721 11362 1128 4051 3985 5556 245 8891 9570
1821,385 806 8578 785 11484 15023 11097 3839 10249 377
1822,8663 6719 11367 11366 11368 4650 4663 4660 4892 6718
1823,2614 1475 2741 2742 3465 2820 1529 1323 5998 1532
1824,8469 4226 4782 760 11372 4252 5080 4227 6020 8652
1825,11378 11376 8501 11377 11373 8793 11374 1290 10538 11375
1826,10627 11381 11382 10952 11000 7081 12732 10629 11923 10997
1827,6191 4385 773 5477 10700 1186 6365 10702 10922 3942
1828,8619 8941 7972 1452 2688 847 3550 3122 7280 8949
1829,2889 5536 2881 1157 1315 6321 12737 12736 5534 9645
1830,9094 7718 510 3945 479 11384 6408 7676 2251 4869
1831,4615 4622 4618 4619 4623 4620 4621 5537 11386 4617
1832,10424 10510 3361 3016 9592 10474 2697 2345 5539 5766
1833,11388 11389 9825 11971 9150 6652 5410 14450 10401 10402
1834,11390 4302 11391 11915 10291 11223 7295 11917 9929 2499
1835,11393 11392 6005 2739 6897 10732 8336 1530 12743 1330
1836,11395 11396 712 62 10118 12468 12652 13204 11704 5063
1837,692 11404 11405 11398 11400 11402 3771 11403 11397 11401
1838,11408 6483 2397 11409 11407 637 11361 688 7748 6085
1839,6237 4765 4939 11089 3188 598 7413 3773 10301 2159
1840,11414 11412 11411 11413 10024 7640 11415 11417 11416 6069
1841,6620 5602 1596 10220 14048 14047 6607 13761 6612 15026
1842,8423 4968 8117 12010 12009 14202 12011 12048 14064 8120
1843,1866 4328 3846 4329 8279 10843 3688 8276 1727 6405
1844,578 3943 1409 445 6826 1387 974 11076 14431 439
1845,11112 1535 11418 405 1532 2820 6996 8730 2742 14405
1846,4982 8687 1083 8347 7910 10656 5776 7387 5864 10181
1847,4724 11420 4722 4723 4720 4721 4305 137 8645 10071
1848,6298 11076 9838 1840 11421 663 6182 4745 7741 6544
1849,3620 9956 1815 7005 9156 939 3940 3030 3811 7826
1850,11422 11423 5943 5944 5945 5942 5946 5952 5948 15276
1851,9711 836 1279 6375 7362 9563 9171 9295 8936 9166
1852,11426 11427 11268 11428 6 844 11425 5071 11269 11174
1853,5401 1022 2587 4951 4944 4945 4936 1085 4938 8257
1854,11431 11433 11430 11432 935 5599 2857 958 965 927
1855,11435 10936 9664 11439 11438 5440 11437 11436 1156 11434
1856,11442 7135 14037 8260 6917 9222 84 11951 1089 3606
1857,11446 11445 269 9404 5339 5712 9165 270 273 272
1858,1387 11447 6296 1953 2955 5175 10660 5169 1195 8527
1859,11454 11455 11452 11451 11450 11457 11448 11449 11453 11456
1860,618 10340 612 287 2120 11459 1782 11460 11458 5947
1861,4461 8542 10998 4145 10994 7060 12262 7061 10990 13785
1862,611 153 7052 11241 10509 156 10290 10371 10372 10370
1863,5460 7339 6039 11465 780 8415 6237 5462 5454 11828
1864,7862 8950 11467 2992 3638 1621 6911 9834 3575 3144
1865,11468 1809 3970 762 11469 4012 4013 8914 7707 282
1866,2741 7296 2314 11470 12372 2742 12425 11467 2942 7300
1867,9805 1015 11471 6167 1077 12566 9848 2481 1025 1065
1868,8748 8201 8673 715 9086 8193 2564 4437 10601 14149
1869,1323 6352 10208 405 2614 12426 13330 3465 14122 2820
1870,1443 2358 8525 2155 5422 15169 1969 9988 5068 3188
1871,11473 13699 10662 113 9359 8853 10820 5096 5945 5943
1872,1096 5491 1073 11474 5164 8170 12306 1085 1084 3360
1873,5197 6097 6498 5196 4465 2699 6546 6499 7894 11244
1874,8045 8689 6987 10704 2195 6690 9405 10155 8845 10228
1875,3948 1837 3794 4358 1222 10323 6692 1266 6547 3152
1876,2374 2370 10854 10856 4135 7062 5672 4039 10859 2371
1877,11475 7169 1898 12938 6513 13267 7891 3118 11152 3999
1878,6698 9877 11476 3267 11477 10190 3231 135 2077 1524
1879,11484 11483 605 6016 4720 14621 385 10476 11479 10292
1880,11137 212 11133 11132 14440 6879 11131 11135 7857 11130
1881,3378 5461 1419 5825 7317 3319 295 6300 7307 7308
1882,11492 11487 11488 10449 11489 11491 11078 11490 11077 5943
1883,10932 11493 498 9894 5650 12984 10529 14657 10128 10131
1884,11512 11510 11509 11511 11504 11506 11505 11507 11508 11514
1885,4416 4414 1826 2876 3843 11348 1158 6811 10199 11797
1886,2764 3372 6380 10882 6370 6194 871 7973 6367 6912
1887,1475 2820 11524 12426 1166 1535 13575 11753 405 12747
1888,11525 9234 3853 11526 12523 10637 7382 10638 4941 10113
1889,11527 4332 2769 3752 10582 11530 4757 11531 4457 11532
1890,9939 11534 7694 10155 9405 1147 9938 6529 5404 4234
1891,11535 15276 5944 5945 5946 5943 5956 5949 5947 5951
1892,4607 3082 11536 1826 4617 1314 2889 6321 3085 8850
1893,11541 11540 11539 11538 11542 10593 8686 14039 5916 4795
1894,9358 11544 2480 11545 1160 11543 6279 4883 2787 10979
1895,11546 3995 11547 5891 11548 6630 6631 6626 1940 4710
1896,9042 10174 9038 12016 3230 10835 4548 4431 12012 10362
1897,11549 15249 15068 13173 13174 15250 103 2325 14597 15190
1898,3183 3622 11550 305 8600 2034 8593 3625 3628 3417
1899,11553 11552 7674 5941 5942 5943 5944 5940 5928 5947
1900,7022 11558 11557 1624 11559 5132 3965 10596 3402 11556
1901,1665 8143 11564 9809 9810 6887 13206 7651 11593 1939
1902,4347 11073 7828 2449 3441 11565 4911 9293 1262 11474
1903,1664 6615 11567 6624 11568 4073 11566 7743 4970 8266
1904,2750 1850 715 2491 9519 11569 5789 11048 3142 1843
1905,11572 11573 11570 11251 11571 11252 15170 15218 14681 15219
1906,11574 4961 424 7495 4960 5666 12592 11604 14874 4955
1907,8352 4031 11576 6381 1787 1908 6768 10601 126 11243
1908,11577 7342 14673 13488 7343 11772 14671 8833 9405 10155
1909,3820 222 4997 10236 4158 11164 4975 7772 12580 4995
1910,1938 9652 2908 4358 1746 710 6511 3426 7936 12965
1911,6553 4413 3083 2890 6554 12644 1357 7057 12798 12799
1912,149 2763 873 9268 853 686 2778 11162 462 466
1913,11582 11581 11580 11585 11579 8091 4588 2440 5024 8976
1914,3491 9138 3490 13776 3489 13778 13777 8115 12306 7653
1915,2131 11588 3576 3727 3359 11604 10468 11605 3018 11853
1916,8678 2054 11589 3745 9984 2056 9335 9983 9986 9987
1917,7522 9053 409 726 11591 8843 11590 14174 8218 13986
1918,6593 9817 323 236 971 3802 9983 6592 921 9977
1919,2009 6099 1883 9417 9415 9419 9413 9410 9409 9416
1920,730 4553 11151 584 10728 12447 12341 11977 3717 2254
1921,11593 11564 6349 6171 1110 753 10226 13704 3424 12890
1922,4196 3247 4483 1984 11595 5777 10299 5068 10301 6641
1923,11596 11597 4838 12346 12344 2315 12473 12471 7585 12343
1924,218 8350 4913 4889 8746 12218 5820 4901 220 2484
1925,2869 11598 12332 7498 12377 13981 6245 1862 13572 6738
1926,11601 11600 7998 7612 3851 7518 5984 11599 5883 11602
1927,11589 11606 204 10902 8614 2839 11995 12000 3549 11999
1928,1216 11609 6834 3949 11607 1436 2450 4555 5456 6386
1929,11610 11611 3489 10705 10253 11774 12282 13175 14170 13709
1930,11614 11612 11613 7702 5754 12581 7701 13369 12583 11562
1931,11616 11617 11618 11615 7883 11621 9699 11619 7976 5880
1932,11623 9474 3879 10618 177 9478 2160 9518 5540 5141
1933,9627 6556 6555 7079 5129 6554 11625 9641 9635 9637
1934,5989 5307 7923 8872 6903 8622 28 2565 9168 5312
1935,11629 11628 5944 5945 5946 5943 5947 5956 5949 15276
1936,4451 11630 11631 9660 14228 14434 11310 14580 14985 14110
1937,6520 8112 5353 6685 8575 10810 6530 6886 12572 8136
1938,11633 11636 11635 11634 12400 10467 11263 12537 10030 9847
1939,8515 1894 1895 9293 11637 6345 7378 1979 1891 5864
1940,1155 11638 11640 1151 1721 11639 1142 1149 1137 1139
1941,6493 4700 1840 6505 11642 6480 6492 6487 5379 6495
1942,1728 6638 779 900 12047 7379 11700 800 1713 585
1943,1498 880 8577 9286 9003 14868 4939 315 4929 1499
1944,9131 5574 10020 9907 9916 2531 2553 181 9917 2545
1945,11647 8142 7402 12775 6468 9185 9132 2243 9182 8177
1946,9923 1099 1420 10178 618 7372 9909 9907 11176 9901
1947,11650 1227 11648 221 11649 8650 13840 6185 1111 1220
1948,5411 3444 1102 1306 11654 4289 11651 940 8599 11653
1949,8232 3307 7224 11655 3158 9591 7104 254 4559 4531
1950,7165 5711 8967 7166 7161 11594 7167 6511 12484 5714
1951,6363 1321 1320 6362 1319 1779 4060 1778 9192 2874
1952,11591 9883 11657 7523 7871 9611 11656 2431 10506 7522
1953,11659 11658 11918 6894 6288 2409 10922 624 2734 5831
1954,604 614 2563 11660 9314 7884 7885 6158 11661 6512
1955,11664 11663 8707 5464 11662 8706 13098 13085 13095 13062
1956,11667 11666 11668 12433 3366 12514 758 3856 9020 10454
1957,9221 1392 2707 4497 4865 4770 10273 8940 3924 581
1958,10711 8047 11670 7621 6980 3990 9741 9181 11669 8433
1959,11671 3821 8660 4255 278 12398 12394 12396 12397 12393
1960,8956 11677 11678 11682 11679 11674 2561 862 2545 4810
1961,3746 4766 1993 4085 585 1964 2132 11685 9922 10660
1962,11687 11688 2800 9660 7880 11305 11686 6538 9395 8291
1963,9336 3439 11690 5270 8843 751 8340 3832 11689 5791
1964,6364 11691 13984 7080 9195 1013 11624 12737 11802 9192
1965,11692 11693 8887 12694 8913 8886 10892 8912 8910 8908
1966,11698 11694 11695 11696 11697 11195 5942 5943 5941 5940
1967,6960 4991 4640 2711 11699 1653 466 5509 452 9882
1968,11701 7962 11702 11232 1926 3781 11700 12303 13219 14469
1969,11703 8254 8255 8476 10191 11002 6550 12297 8253 9173
1970,11705 7483 1546 3127 11706 4472 6377 11704 6934 9149
1971,4251 4238 2779 1393 2453 5055 2935 3185 4216 4248
1972,2901 4750 7166 7165 7105 11708 2732 9589 11710 6435
1973,7174 304 7405 9976 5898 11711 10167 5341 13918 327
1974,3390 11713 5458 4143 7617 5462 9408 9416 9417 9419
1975,712 8473 5984 8952 4854 7846 169 4973 11395 11396
1976,11714 11715 11716 13721 3332 1996 9079 1635 13944 442
1977,10140 2580 378 2515 837 6906 5307 8208 5959 86
1978,5022 5621 1660 11584 11720 5024 5055 11582 8279 12563
1979,281 4032 8719 8714 1090 9915 6899 9903 3645 2578
1980,9277 7143 9278 10166 1193 202 1516 2346 5140 7527
1981,10075 10099 7058 11348 8443 9755 11721 11531 11722 11889
1982,10056 7249 8341 8731 14805 13671 7687 14799 15095 13038
1983,11725 2853 15145 14545 5944 5945 5946 5943 15276 5949
1984,2973 11726 2967 2972 2974 2968 2970 2976 2975 2965
1985,6029 3699 11727 3705 5083 1450 6026 6023 4919 1612
1986,11728 11730 7478 1809 11729 7529 7475 4932 7471 5799
1987,222 1014 6336 1067 5343 1051 3820 1076 1053 4975
1988,11733 5206 11238 3369 11731 8604 2054 11732 6780 11064
1989,11734 3931 3318 4876 5386 9197 3827 10972 1433 3359
1990,8699 6021 689 695 11736 11735 2239 677 706 682
1991,2890 2884 7404 9646 2883 1778 5448 5449 12643 12644
1992,190 611 1440 1646 3532 7279 11663 4261 11175 11664
1993,3089 11744 11743 4563 11742 4562 561 14623 1522 5445
1994,10378 3399 3222 743 3223 5155 10663 2454 2307 1803
1995,4303 1728 7421 5756 870 3856 11746 6997 8853 5730
1996,2221 11747 3262 7403 3034 7280 5596 12062 11627 1576
1997,3262 11627 5195 13052 5312 2565 13735 13522 8622 6903
1998,5046 9985 8984 196 3734 26 3527 5055 5025 1614
1999,1320 6363 9192 1778 1779 6362 6361 1321 1319 4060
2000,2614 1166 2741 2820 2742 3464 3465 404 1165 1323
2001,9149 8365 6382 7344 10176 3167 11750 3479 428 622
2002,4916 3329 5820 2629 8350 9184 4987 8484 186 8481
2003,11753 2614 11754 8907 2820 3465 11752 14150 12426 13330
2004,11756 10907 3659 7677 7019 6483 10107 11327 990 6547
2005,4080 2838 777 4079 4078 13161 6749 8573 4094 824
2006,1830 11759 9318 9249 7341 4949 3315 7915 6217 11758
2007,6008 11761 6680 2711 6009 6006 6007 10704 6010 1808
2008,8816 11763 11764 13547 2590 13549 11765 5303 14418 10601
2009,11766 13397 13045 11967 11984 13396 5945 5948 5944 5943
2010,11767 11371 7177 3604 5943 5944 5945 5946 5947 5941
2011,4143 1015 1077 4144 1032 1025 1065 1068 4142 1042
2012,5422 6703 1001 11768 11057 10858 3803 6704 3077 1445
2013,7389 1905 3882 11918 4487 8071 3960 2409 6894 10676
2014,11769 7209 1179 6772 12479 561 12081 10063 7203 7204
2015,5769 8470 7482 707 8931 9593 7278 11049 5762 11345
2016,8021 1119 3428 11772 1121 2843 5244 1122 11770 11771
2017,10170 4178 1191 7830 994 8622 7473 3979 7718 5147
2018,7721 11774 7985 9327 1819 11773 3489 3643 5663 8643
2019,1866 3846 3688 10843 1354 13985 4328 10857 1003 7065
2020,1778 1320 7062 1319 6363 4139 9192 1321 6362 1779
2021,7770 9531 350 4977 13228 7772 5063 7777 11396 13227
2022,9535 9536 3667 7075 11778 9537 7078 1007 9538 10193
2023,7660 11783 701 11782 11781 7659 5010 11780 5126 8992
2024,209 1761 10631 1515 2698 2076 3690 4481 9471 2343
2025,3285 6619 5716 11409 11786 9885 5700 8015 8011 8017
2026,1001 8760 11438 4136 11788 333 8604 3888 14319 11435
2027,7037 1062 4229 7036 7041 1030 1059 2693 12770 1413
2028,11791 11334 8178 11326 8991 11335 7484 11337 5583 11331
2029,7273 7269 11795 4304 11793 9674 11792 986 6404 11794
2030,900 7948 11796 13394 13393 7947 906 6174 7942 3878
2031,11797 5662 11801 9745 11802 9748 9747 8540 4401 11800
2032,9046 5490 462 768 5489 4031 5027 11803 848 4263
2033,1316 1141 11806 11807 4625 11805 1135 11808 9547 1863
2034,11810 3752 583 2677 11809 890 11527 2557 10516 2409
2035,9719 6791 8180 120 5822 4635 5220 11811 122 6199
2036,1622 1621 1617 1618 1619 234 235 1620 11814 4812
2037,11815 4479 203 7488 5166 5946 5733 10203 5396 4166
2038,9968 2375 2372 11816 2379 2371 9969 9967 2893 1320
2039,4934 11817 2067 4226 4029 11818 2105 11087 9262 794
2040,11819 3807 304 12771 6066 13784 8655 10639 2694 301
2041,912 9278 1414 11726 11820 3930 10419 4419 927 958
2042,6713 11821 3150 6720 995 6712 13955 6709 11857 8398
2043,759 11825 11826 11828 11823 11831 11829 3364 4205 7906
2044,6017 4188 4858 1963 10704 1100 7043 4269 7413 4184
2045,323 1206 3811 4256 3181 1418 879 10347 1569 4248
2046,6843 6845 6840 5296 6841 6844 6846 6842 7161 5289
2047,2558 4127 11836 2484 2524 9474 2494 7316 8350 13927
2048,5558 4310 9687 5684 11838 9688 4492 11837 9679 9550
2049,1158 89 3000 1007 4416 9748 9747 5662 11801 11797
2050,11840 11842 11841 11839 6510 10658 6513 7168 12041 8236
2051,6987 9648 5742 11844 9249 11843 6979 6974 6986 4121
2052,11846 11847 11845 13045 11983 7712 7019 6936 12038 1176
2053,6706 10096 10098 10097 10099 7059 7098 7099 6364 5948
2054,9434 9432 9431 7086 9433 5944 5945 5946 5949 5943
2055,7583 10948 2402 9517 10954 3891 10277 10940 10944 10942
2056,11849 1700 1846 9808 7219 11848 10113 8114 8122 1845
2057,8513 6806 14083 8514 8847 12917 2872 5163 10808 14677
2058,6692 11241 11574 1222 10374 7936 4747 10737 4358 10323
2059,6622 11852 10753 13892 11807 6189 1664 8551 4449 1084
2060,11853 10317 2717 417 2075 4374 10005 1388 1195 11605
2061,8856 1385 8520 6175 7969 4007 7928 1412 9249 10300
2062,8273 4427 3348 11323 121 1110 7531 8350 10648 2477
2063,4056 2663 11854 13812 1635 13817 8214 4057 8393 13810
2064,419 2000 464 578 2453 427 414 497 459 433
2065,6828 2099 1733 9082 14176 14516 13610 6832 5473 3741
2066,11855 8442 2165 2570 1090 2526 11300 5888 8769 2255
2067,1394 2305 9248 6822 1418 9833 1458 1401 9839 493
2068,11856 4535 7260 4533 12484 2279 5123 9890 12973 986
2069,11858 5933 4332 9559 5936 5930 5924 6797 12625 13021
2070,11861 11860 475 11859 7776 5991 9782 10512 10511 497
2071,1484 3539 1280 1103 11830 8294 1050 3216 1038 1413
2072,11866 11867 10740 11863 5076 11864 3902 11865 7995 9091
2073,3671 11869 7934 9826 11639 6251 2060 14048 10220 14047
2074,7357 4505 10308 495 7833 4228 11870 8433 10241 8431
2075,8908 8910 8912 8911 8913 8909 11693 5942 8886 11692
2076,4965 994 876 11871 11872 10943 1673 7941 6074 6271
2077,11740 10339 7277 9565 3102 2213 6421 6801 8319 6592
2078,4609 10843 10752 5450 2372 3842 4036 10856 10854 11350
2079,5299 2910 6466 7925 11745 8747 14054 6325 5176 10358
2080,3632 1811 2781 11193 4326 3248 5400 4422 7834 3628
2081,1050 4131 3758 1068 4263 9317 3757 1034 3351 1029
2082,11874 5503 11875 10890 4263 9317 9046 6915 6440 130
2083,9283 10150 5147 11408 10152 7517 1263 7521 9154 9617
2084,11878 11879 2815 2820 11110 1535 1166 2814 2822 13731
2085,11606 11882 8972 2806 5044 5236 12686 12687 10176 2942
2086,11883 11884 7678 15163 11911 14521 14566 12025 2391 12653
2087,11548 3882 7098 11546 12508 12505 3995 6631 11547 11918
2088,7757 10605 13802 13801 13800 13803 1634 11680 10079 5942
2089,11886 11887 2649 11888 2907 9942 11885 2644 2647 2648
2090,11447 4787 2921 2924 8527 14313 10746 8266 5619 1953
2091,9628 9399 10068 10067 11800 12348 9400 10070 8540 9645
2092,11896 1007 7078 9537 10750 9536 1009 3667 1005 11893
2093,6990 11899 11898 5998 12070 11897 8810 6995 14803 13006
2094,3202 7901 3191 11836 7519 3204 2781 3208 8856 3203
2095,3917 9619 2213 518 11465 8601 7039 5720 4215 4231
2096,875 4147 3531 10516 6591 2353 2702 2357 8364 1086
2097,9993 1647 6166 9876 2709 5550 2701 10417 5043 8223
2098,11900 4154 11901 15276 5946 5947 5948 5949 5957 5951
2099,11902 2571 3458 424 6342 4308 2585 6143 1476 2960
2100,4863 96 249 8083 9484 256 8442 4770 7922 376
2101,5031 2700 11906 11827 4323 11789 1283 7621 1623 2809
2102,11907 11908 9387 9973 14533 13841 14006 9768 13842 8030
2103,8445 3984 3043 3044 5096 11297 1906 3103 13582 13579
2104,717 11909 11911 11912 11910 11796 12444 12442 12445 12443
2105,1579 11015 4501 1452 1566 176 2057 6438 5069 3697
2106,7802 7803 2728 2898 7801 6146 12081 5899 2732 11074
2107,7294 2141 9773 3599 11915 5562 437 11917 5748 11916
2108,10473 2933 2781 1732 2368 4926 6862 1454 855 4299
2109,10556 11340 11000 11924 11925 11922 11923 10628 11921 7073
2110,5325 6909 6540 3920 6617 6894 8234 7455 6892 5316
2111,11929 11928 11927 11282 300 11926 10677 236 11287 914
2112,11930 10583 1757 8740 4360 5906 11931 5150 2175 1004
2113,1172 128 1426 4869 813 10585 10477 6193 824 3346
2114,9037 7511 4972 522 11933 1869 3109 3340 989 485
2115,4030 1973 6641 6920 3574 8317 9098 1218 4868 2772
2116,3147 2629 7339 997 3949 8366 8547 3166 7974 6860
2117,3705 9314 8566 2781 3850 800 4196 1209 7143 4439
2118,11935 8568 4227 6977 11906 2784 5236 5397 1817 180
2119,10703 11421 11940 11637 11875 9018 10704 7253 2127 10706
2120,4382 7003 5972 10169 3135 9002 4383 3933 1516 2252
2121,5185 1637 11944 4369 1293 1294 2786 1633 11943 9345
2122,1118 3498 3659 7644 11756 11229 3647 7677 3646 11053
2123,1533 2744 1165 13329 13349 4330 2742 12747 8904 4515
2124,11946 1462 1464 1465 1461 1463 1395 5947 5948 5880
2125,6363 9194 1001 1320 1321 1319 9192 1779 1778 4060
2126,7755 3838 11948 11947 7756 7753 10609 7754 10610 5336
2127,1719 1011 7427 1317 1001 7057 4138 4687 4134 7067
2128,3934 5059 3372 3224 831 6194 2530 10882 11250 1768
2129,8896 1282 2210 13522 8895 3929 13523 8888 13169 8893
2130,3055 3823 7116 8369 6897 7125 8370 11184 108 7132
2131,11754 13331 1880 12504 13006 11752 1325 13335 8894 13334
2132,7746 8471 11956 1800 14392 6299 5522 7740 8416 13900
2133,3055 7116 8369 7125 108 11184 8370 13953 7132 15061
2134,5233 2514 10295 2515 2506 10155 9405 3726 1813 6892
2135,4132 4688 4687 4060 9192 1779 9753 4138 9191 1320
2136,8745 1200 10908 3697 9884 433 8457 4212 414 5728
2137,10347 287 1649 2319 3811 6005 7814 3630 5561 6031
2138,11741 11960 10415 6047 1396 4441 237 7482 12053 895
2139,1400 6500 656 7100 4502 4243 818 6492 6480 6501
2140,2722 9475 11743 1679 11964 6226 11961 11962 1680 11963
2141,11968 7349 4701 11969 12564 11967 8323 7351 4065 4670
2142,11970 120 1338 11136 13274 8180 4640 4898 3359 166
2143,6893 5188 5316 1286 11971 11443 11388 5410 11389 6652
2144,9020 3579 11977 383 6332 8499 9013 102 386 9908
2145,9274 3935 8988 2220 482 8769 3939 5888 11300 6869
2146,11979 8033 6884 4530 3428 11978 6952 1179 9225 2289
2147,2610 3274 119 5822 352 3349 3325 8629 123 3324
2148,3555 4223 4219 8704 3100 3712 4248 4184 4212 4209
2149,6930 11982 11981 5953 4586 6107 11076 6726 2444 4579
2150,11987 10989 4707 2886 11988 10994 10999 10998 12369 12367
2151,11990 11991 11992 15276 5943 5942 5945 5951 5947 5944
2152,6086 11727 5359 4405 6948 9544 3745 11993 942 3767
2153,12000 7823 11999 11998 11995 11996 11997 11013 1372 5925
2154,8776 10540 5742 7131 5814 8247 10136 13372 12203 9019
2155,3250 760 9250 2448 463 163 1416 4230 3710 7697
2156,8291 4457 11527 11530 3752 10582 4896 11532 11531 8279
2157,1529 12006 12007 13234 13200 1168 8109 1167 8402 13232
2158,1318 3085 5447 4617 1724 11536 4623 4620 10856 1314
2159,12009 12010 4968 8423 12011 11605 10468 11604 14202 12048
2160,2326 5085 6823 9042 6155 12012 10835 12014 6201 12016
2161,11094 9188 11814 9802 9910 9187 12018 6863 9360 10480
2162,3570 10014 8802 3569 9673 9671 9677 13925 9670 9676
2163,9653 841 1233 2773 1235 3773 10301 10823 6644 12023
2164,7605 5382 5498 12025 8928 2979 12024 7606 1746 7602
2165,9848 4067 8898 3509 2721 4478 4469 224 2481 11471
2166,6586 11648 11274 14104 13281 8430 6588 6590 10226 14116
2167,12028 6414 12027 5261 4439 13577 15038 7393 3410 12581
2168,8761 12842 9123 15038 7333 7908 9073 5571 8489 9075
2169,576 12029 563 12048 5204 5358 11604 10468 5356 11605
2170,4764 6045 5791 5972 1065 12031 3362 8715 12030 4016
2171,5299 5065 473 5033 8747 14054 6325 5073 5072 5067
2172,3155 6640 2314 3143 11162 3166 6633 3144 459 9689
2173,12018 4901 4905 9499 4900 4913 10738 4510 9188 4638
2174,12033 7939 7987 5885 6621 13704 14623 10226 7942 4169
2175,8246 2472 3359 1074 6561 9181 14676 8492 10738 12034
2176,12035 11288 12036 6589 11287 11282 914 934 11285 11286
2177,12037 7302 13285 10123 4966 127 5951 5947 5945 5948
2178,12041 2845 7895 1716 12040 3859 8236 11839 7641 12039
2179,797 7958 787 803 2456 4215 833 1458 741 809
2180,7400 5596 964 7403 1766 4291 3683 4278 9044 974
2181,4857 6367 7833 757 12043 4206 136 9093 9567 1963
2182,8978 1793 11075 5793 3242 5426 12026 6389 1267 9696
2183,1411 3602 7139 170 5210 9703 12045 6054 11073 7837
2184,4322 12046 9693 9675 2348 10231 11296 7388 6677 11083
2185,9966 12047 12049 7379 11700 1728 12048 1713 5621 7571
2186,4183 2068 1239 8790 8858 4242 4201 7338 3042 4248
2187,12053 2572 2711 843 12050 12051 3131 6967 473 9009
2188,12056 15276 5944 5945 5946 5947 5943 5956 5950 5948
2189,4606 9479 8555 12058 12057 7570 10859 3808 6810 7554
2190,12062 5047 12064 1033 10362 12060 5049 9040 6836 12063
2191,3010 8624 3380 3009 8627 7237 3238 4899 4883 12066
2192,11111 4791 12070 6990 11822 14803 13321 6941 11109 11897
2193,12071 12073 12076 4132 4688 12080 12074 12072 7074 12077
2194,5957 745 5958 1252 2262 5095 10348 10600 10597 5961
2195,1629 2982 11375 12081 3861 6541 12082 7104 7625 8915
2196,7658 7002 12083 14257 9190 9189 1631 8077 7657 11163
2197,5828 4815 2480 2495 4987 5813 4635 3872 5822 6791
2198,9800 3544 1737 3546 10710 4092 5980 1051 2641 3543
2199,1321 1320 6363 2375 4413 1778 9192 1779 1319 6362
2200,6417 3465 8709 15257 10523 11122 11121 6351 2742 4516
2201,12084 10169 12085 12847 5971 866 5641 12087 15192 12062
2202,12086 8521 1951 3771 11149 5712 4385 632 3596 5917
2203,7805 4261 375 7910 373 3152 8855 4846 3950 9774
2204,6844 12090 12089 7782 12088 6845 6840 6327 6841 6843
2205,56 7465 2523 10140 5281 7549 2491 2501 10676 2514
2206,1635 7756 8215 7903 8392 2662 12092 4565 8216 8214
2207,239 11113 8544 5974 10542 1184 12093 8617 2329 5466
2208,12095 1428 12023 6237 10301 6022 3773 3036 9388 8654
2209,7173 11956 3594 3890 355 2020 5506 7588 7807 978
2210,3641 4862 2035 6470 5217 9496 10906 5832 11812 317
2211,11029 5898 12047 12319 10592 10044 13032 2446 7379 8185
2212,2742 2614 12097 12098 3465 2820 13327 14054 1165 2815
2213,8882 2657 2206 4852 5264 8005 10094 10580 10581 8006
2214,12100 12099 5944 5943 2110 11750 3493 3925 4305 11048
2215,12101 5036 8993 10977 14156 9329 9328 6930 9332 9333
2216,8603 7198 3147 10759 12002 4076 1476 1495 2740 3168
2217,12104 11652 2444 5328 12103 8315 681 4332 5377 14110
2218,9481 2529 10551 2505 10676 2565 12107 11969 2528 2522
2219,12118 12125 12124 12123 12122 12126 12120 12112 12117 12121
2220,9680 4497 7971 2250 522 6438 2245 8723 7551 2237
2221,10265 8419 12130 8493 627 6496 6247 3823 3857 6497
2222,11672 12133 5304 104 46 12132 866 5151 11678 11679
2223,4410 8859 1877 12135 4394 4390 5883 4393 4391 5878
2224,10148 10151 8228 8842 8119 12136 12137 10147 8118 11590
2225,385 3971 38 5237 7466 11951 9616 9139 1622 3108
2226,3887 11642 9458 12156 9294 3880 10701 2265 14235 11421
2227,1571 3553 9527 3517 4199 11167 11158 10100 7616 7991
2228,12141 12139 12140 3814 6946 116 11719 3533 575 5877
2229,3186 6367 7412 3037 7507 3372 1648 687 8606 11010
2230,1268 3487 4941 7106 1592 6174 14588 4488 10870 6510
2231,12148 2447 3675 11085 1749 12145 12143 7287 12147 12144
2232,1011 5687 10899 7427 5447 10199 10575 9534 4134 7057
2233,10408 9502 7292 3998 10409 7473 4786 9500 2463 9507
2234,3155 3143 9936 331 11752 6040 3166 3168 421 11270
2235,9548 12151 5535 9666 12912 9549 7785 9547 12915 12609
2236,2698 6815 12153 5611 4318 12152 2407 9498 3692 6701
2237,1393 10227 580 3768 12021 11950 4194 5018 10908 10298
2238,12154 12157 4466 12158 6109 12156 4456 11021 12155 4695
2239,10269 3999 12161 7485 8234 12162 6629 1680 7978 12160
2240,2500 2675 9259 771 8189 873 5544 9487 6201 9097
2241,8971 3244 12163 3243 3240 6041 12022 4318 8859 6338
2242,5725 11235 9620 171 774 12164 10163 11236 11278 11281
2243,9253 12165 9552 286 9488 13555 13553 3488 13554 12773
2244,4573 7816 4249 2494 831 8949 4917 3325 2194 4918
2245,2874 3668 7817 9751 2875 12731 12728 2872 1143 4403
2246,12166 3252 4994 819 9196 11168 1961 3175 1798 9616
2247,4474 4469 8190 7954 1433 3922 763 542 2721 4503
2248,1967 7508 4223 3317 12167 10474 7501 9167 3477 4217
2249,10649 6032 6967 1382 770 1768 4011 10587 1447 6965
2250,10239 11113 1302 12168 4478 5466 10333 10438 10334 10439
2251,12170 9359 11480 3 12169 7716 14629 14630 3787 14627
2252,9153 504 7088 4214 5047 3105 11811 10402 3946 1506
2253,6412 10057 8274 9289 12171 14377 8295 8279 8284 8276
2254,6647 12174 12175 1586 1446 3709 5131 10309 10296 8703
2255,2676 12127 4297 5185 4369 3547 6388 1053 3296 9475
2256,3829 1936 3830 13987 5357 2280 1592 14102 10051 3828
2257,7696 7697 6013 1569 2448 6028 1452 6026 8441 7497
2258,9032 12181 12182 3896 12180 12179 5349 12274 8102 12646
2259,4564 3380 4566 12184 14468 9034 10738 8349 12645 14255
2260,9610 1130 7760 8086 7306 4263 9317 4153 5706 9047
2261,3723 1295 4779 12186 10275 1871 12185 5836 3312 10762
2262,639 12187 6620 1896 13402 915 13145 643 642 638
2263,8475 8397 6526 11330 8396 9260 9365 1630 7544 8466
2264,12192 10617 12193 503 9081 10129 338 4497 12191 12190
2265,9438 12196 4787 7953 2859 2421 3661 567 2422 12550
2266,8692 350 2354 6153 8280 6154 6152 6150 435 2637
2267,8824 12199 826 7059 5256 8162 11668 12001 7072 5953
2268,478 3458 12202 2533 8776 4995 10136 8718 4996 9019
2269,12205 1300 46 8439 14005 1299 7293 11151 15022 6405
2270,6531 9392 9394 12207 5244 4971 7884 7885 11359 1124
2271,12210 398 6847 12211 12209 7077 13785 3084 10808 14677
2272,2762 7504 775 889 879 3224 790 6194 331 814
2273,7808 7518 12212 6770 7809 9823 10034 6501 13198 13197
2274,11073 3278 9702 7828 9345 3311 3324 3281 9703 13454
2275,12213 4796 1124 11742 1431 7896 753 8021 6621 4784
2276,12217 12214 6946 1794 1792 3439 4873 12216 12215 1941
2277,8746 12218 290 4546 371 8437 12223 12220 12221 1920
2278,12225 12224 8127 15276 5943 5944 5945 5946 5947 5941
2279,661 3700 3487 1230 1243 3709 3698 14431 4236 598
2280,11915 4302 7295 2270 5096 12510 5748 11917 12918 10291
2281,12226 12227 8378 3888 8231 638 10431 12935 14750 8379
2282,10510 323 4130 10511 10512 2043 2810 10424 10515 10841
2283,11250 8953 5612 207 3191 2530 1768 10882 8569 4505
2284,10350 10349 10352 12228 2060 11227 6169 12229 4070 6159
2285,12230 5943 5944 5945 5946 5942 5956 5949 5947 5951
2286,5922 8861 2275 8680 5930 5936 1458 5924 14028 11757
2287,12233 9581 390 9998 12231 957 9742 12232 3947 9183
2288,8688 7954 12236 12005 263 12235 5677 12859 9506 11835
2289,12240 12241 12239 12238 11225 12237 12242 11436 11891 11224
2290,2646 2642 2647 2643 6126 2640 2639 2644 2648 2641
2291,12018 1760 8273 1285 3280 8053 4510 3834 2467 9188
2292,5360 197 11706 2116 1480 14052 13851 11345 9049 199
2293,11345 1971 3180 9058 3910 10340 9981 11049 5768 5769
2294,2460 790 801 3712 5181 4212 4221 1234 4219 331
2295,1895 8279 1891 5255 1894 1893 10463 8282 11637 8289
2296,1649 2159 7716 454 12053 12245 852 10241 8652 2367
2297,5640 12251 12252 6728 10584 12247 10316 12249 12248 10335
2298,9174 3170 9172 9173 13411 7673 7670 3166 8399 3171
2299,10134 9297 2252 5036 5688 8851 9330 13583 13582 9304
2300,11641 12258 12255 12257 12260 12256 1152 1154 11437 9638
2301,9569 1433 4669 9447 2103 188 9388 10439 2459 7799
2302,4461 12262 10355 7102 11802 8981 4138 9746 7101 11798
2303,12082 6520 10716 1116 6886 4674 10810 6244 6539 8575
2304,12265 3775 6819 10456 754 633 2275 11324 2005 9769
2305,508 12267 8294 1888 1076 3968 9975 387 863 2879
2306,1997 2668 12268 1996 11095 12092 12949 10149 15110 10083
2307,11033 11913 12269 2830 6415 5365 5745 1336 4593 7783
2308,11256 2215 9523 10459 3749 2357 8185 5022 10319 10315
2309,2741 11112 11365 7395 2742 11418 6996 12425 1532 2743
2310,12273 12272 9781 15276 5942 5943 5944 5945 5946 5941
2311,12274 12182 8757 12275 13996 14772 14665 14773 2805 11207
2312,8152 8161 4597 9751 4403 1721 8156 4135 8154 8155
2313,630 12547 6409 8310 6259 14448 13808 4541 5056 9041
2314,6711 12278 9601 9441 285 12176 2059 6712 6720 6709
2315,12279 3502 9937 10634 8225 9977 10984 11049 1458 12972
2316,2767 461 6575 12280 7417 4180 8450 470 9065 497
2317,2405 12281 4121 4313 2619 12441 12442 12444 12445 12443
2318,12283 12284 3914 4160 15276 5944 5945 5946 5947 5942
2319,12285 3695 8950 3466 4174 1555 5308 3879 7780 6679
2320,1097 3112 3739 3115 3114 7814 2692 2685 7811 7813
2321,12289 12290 12288 13381 12293 12292 12675 12964 12291 15253
2322,12294 6175 12295 7812 7813 3050 10704 6048 7145 5892
2323,7329 2540 5829 7317 4986 2539 3356 3319 3378 6300
2324,7504 12297 2259 13036 4180 5085 10835 3042 12012 14520
2325,12299 10971 12300 12887 5399 1933 12892 12520 5941 5942
2326,45 4017 9119 6693 6697 6696 6694 2719 80 94
2327,12302 12301 13349 13734 13671 13189 9786 13328 14325 14799
2328,9610 1130 7306 8086 4263 9317 1132 5706 4153 7760
2329,12303 10633 10632 3242 9275 11701 8373 2650 11702 4744
2330,10988 5667 8982 9647 9758 4407 12726 10987 10993 10999
2331,4122 8179 7733 5096 2802 244 4195 10597 5095 10348
2332,12306 3360 7515 12308 3734 5916 1096 12307 12305 7212
2333,6833 173 7198 1213 3945 6678 6088 4695 10295 836
2334,4915 186 8315 4916 5820 5816 5806 4918 5813 2567
2335,8508 12313 7753 1343 12314 10723 9760 12312 11284 10235
2336,9891 4554 12317 8044 12107 744 10258 12318 3111 6063
2337,601 8658 10308 83 7357 8433 9439 11930 3291 10885
2338,11732 640 12047 2446 1728 12319 10044 7379 12320 11029
2339,12322 10857 10747 10753 11807 10855 14611 10750 10590 1839
2340,6693 11115 6697 6696 6694 4017 6692 6373 5184 1848
2341,769 686 2703 3811 11314 8716 11162 5178 466 790
2342,12323 1070 3067 14194 14195 14196 13659 2819 2947 13039
2343,511 3223 9982 5420 879 7928 6386 1586 12175 12174
2344,1169 8203 4360 7103 7105 6163 5978 8868 9240 9932
2345,12326 11708 9398 7711 7946 9824 6058 9400 2732 9589
2346,10498 10492 7088 4320 10495 9986 4011 1102 9579 10493
2347,12327 10572 1103 2101 10571 6980 5396 3766 3723 10142
2348,8712 12328 12329 14368 3563 10081 12067 12266 14664 10900
2349,2864 11986 7171 10088 7094 7056 10899 11624 5246 5447
2350,12330 4666 4667 5877 5946 5947 5948 5949 5945 5959
2351,12331 4899 6719 13781 3238 4883 11012 4900 12629 14018
2352,1721 7222 12333 9235 1011 6542 11118 8151 3693 8160
2353,12335 15276 5944 5945 5946 5947 5943 5942 5950 5948
2354,10678 3717 4905 9499 12336 2800 9660 4900 4901 13522
2355,6908 2573 7727 12337 1181 1334 5307 6901 9929 178
2356,2273 2263 2272 12338 2280 2279 2292 6467 12339 6303
2357,12346 12344 5391 7299 12342 2315 11597 7585 12345 12343
2358,7267 5730 4569 4045 6880 3242 8192 11484 631 605
2359,10661 9181 9531 4841 12347 4011 1043 10649 14518 2336
2360,10068 10069 9625 12350 11910 12348 4139 11989 10070 10074
2361,5897 10122 10337 12352 9103 11032 10785 12351 9806 9226
2362,4349 4238 6044 2779 5595 2774 3708 4235 4004 4251
2363,11523 12356 12357 12355 11342 13109 13110 13108 11925 9505
2364,7287 696 10984 12360 3634 12358 4083 12359 7860 1854
2365,4454 12361 11090 1927 4460 4459 623 13632 2866 11681
2366,1953 10456 10721 12265 6285 1955 13529 9649 1954 1951
2367,12362 3114 13132 9343 1808 3753 4757 1544 9249 578
2368,12363 1269 11189 13137 7950 5180 12354 6335 9789 14032
2369,1 12365 12366 24 0 11 18 20 14 22
2370,12369 12368 12367 9437 1144 11099 1145 11847 1136 4611
2371,1284 8782 11140 11960 8935 9087 6700 425 7829 504
2372,12372 12159 12373 4472 11467 2942 6076 3637 11105 1945
2373,322 1402 4178 3971 1491 10614 1218 1407 1425 3934
2374,396 5848 9626 12374 395 400 6736 8849 11800 12375
2375,12378 11434 9969 12332 1776 11351 9629 2885 10751 11339
2376,5152 5954 193 3294 4860 11117 12379 559 10138 4440
2377,5961 11235 11424 2148 10381 5095 10600 10348 10597 9
2378,9655 1288 334 124 4805 12382 11175 6817 10419 12063
2379,12009 12386 12387 4968 12388 5783 13387 12010 12011 8423
2380,11354 10565 12391 12392 12390 12389 1003 11353 4843 6852
2381,4085 2767 1206 1460 878 2044 3645 2940 10100 1993
2382,12396 12393 12397 12398 12394 12399 3967 12395 7914 11671
2383,9686 5735 5733 9684 7389 12128 9987 9335 9983 9980
2384,12401 12402 3889 12400 5395 5706 7806 10788 5485 3113
2385,12403 3948 12405 11789 6141 12304 3891 12404 11380 1446
2386,1385 1445 4482 2157 12128 7194 870 175 752 3201
2387,5197 4465 5196 6498 2699 6097 6627 6628 6630 6632
2388,12406 11953 8670 2033 624 8894 6329 3407 2556 8892
2389,1374 4068 7940 7942 8460 9582 8462 12939 3422 13961
2390,10088 3666 1136 13985 10089 7094 10087 2617 11892 10198
2391,12415 12413 12414 12416 12412 12408 12411 12409 12418 12410
2392,12419 15276 5942 5943 5944 5945 5947 5956 5949 5946
2393,1997 1996 12092 12949 8216 11095 15110 10083 8214 14372
2394,9349 5096 837 12420 11481 5509 5097 99 2180 6650
2395,5796 1613 10652 11705 8819 1216 9496 2299 4245 2030
2396,7529 8887 10184 11728 11730 7525 5899 2732 3087 1267
2397,9710 10357 2457 5050 3926 9700 12192 8660 11587 5303
2398,1181 2591 4056 14527 14528 1092 7376 7375 12201 7663
2399,10531 7267 2254 2238 983 12325 6786 12422 460 622
2400,8763 1685 9390 4246 4946 9983 1458 4937 9977 8765
2401,5357 3829 5356 5355 3771 5358 5352 5353 5354 576
2402,7483 3479 666 11705 9149 7475 7486 4932 7476 7484
2403,1912 7781 7946 7933 4786 9506 2727 2463 9500 9507
2404,12425 2742 2614 2741 5998 3465 2815 2820 13327 13336
2405,5852 3313 11550 4780 9033 7644 11864 929 7645 3740
2406,40 1646 870 7958 869 1488 9595 12428 3475 1489
2407,2635 10560 2634 7647 10561 11449 11457 11455 11448 11450
2408,3077 3079 6703 6362 3075 3078 3076 6704 1319 7221
2409,6302 12430 3359 8349 1370 8923 10738 5827 650 9493
2410,44 3903 4766 80 94 54 3901 3899 13953 13952
2411,6162 12432 6623 6781 13394 6783 13393 6251 1844 7938
2412,11215 797 794 6877 336 735 8946 11599 6176 1661
2413,12436 12434 12435 8846 15269 4016 14870 12433 6522 7130
2414,12194 12437 2286 11729 7980 3004 13036 14420 2272 1594
2415,7399 9609 1820 12438 9744 390 12327 3577 9181 11707
2416,10023 11712 10806 9035 11468 8135 8383 3614 9565 4013
2417,7467 10934 1132 1698 7738 11961 708 10798 11383 10095
2418,3458 10217 9152 11745 2133 8995 12540 8961 4995 13925
2419,9849 9954 3862 12865 7382 6176 5902 9497 8619 9955
2420,2405 12443 12445 12444 12442 12441 2619 11909 2620 1730
2421,814 11162 7508 7503 10437 827 4030 9689 459 6370
2422,12454 12457 12453 12452 12451 12450 12458 12455 7318 12456
2423,8844 11145 12459 574 5888 3939 8769 11300 102 5793
2424,7940 11968 29 6280 7349 12564 4065 4701 7942 4068
2425,12460 12461 1753 13962 11007 5657 1109 6262 10363 13889
2426,3967 1079 12462 8553 738 8552 12394 12398 12396 12393
2427,5511 1971 9826 6173 11344 11218 8120 6939 953 7201
2428,12463 12308 5736 1625 713 9276 12306 856 13004 5879
2429,12467 867 12468 9603 35 12465 11077 1267 12466 10448
2430,4785 5508 11924 796 4784 4786 4783 10796 4799 11748
2431,5897 6750 4753 9225 11432 6618 6477 9226 4962 4964
2432,12471 12473 12472 12474 4838 5570 4409 11410 575 8892
2433,4263 9317 6316 6387 7045 9046 410 7812 7813 3633
2434,12478 12476 12477 5802 7477 11047 7480 7475 11043 9705
2435,10779 10447 12479 7489 12480 8235 13536 13534 8412 5180
2436,2916 9029 12482 9072 8584 2919 13719 252 14431 11159
2437,12484 805 5179 4535 854 2465 1594 6658 7526 8858
2438,3691 11161 876 2283 1305 12203 3839 4866 1251 2272
2439,2614 4836 9295 3465 2742 7375 6709 7376 6712 6720
2440,5299 2498 12487 8747 14054 6325 5438 2552 10358 5176
2441,5594 4027 3284 2122 8125 12424 3942 3500 12489 10894
2442,3491 9138 3490 13776 13777 8115 3489 13778 5945 5946
2443,3283 10471 3321 3281 3324 3334 3360 3349 123 10712
2444,8687 12492 10194 8921 8679 8681 7652 8683 8684 8682
2445,1090 6914 2575 7926 998 10718 8559 4205 9282 64
2446,2863 12493 6973 5932 5944 5945 5946 5943 5948 15276
2447,5853 6044 6046 11159 6583 12494 9693 6317 4349 1759
2448,10262 5297 5378 5510 1293 12496 12495 14086 14119 1561
2449,8473 3725 12017 12497 1444 687 3396 6079 10233 10231
2450,12498 5878 12499 10450 1674 5883 2405 5881 1175 5879
2451,6806 4599 5449 7077 6847 12731 12072 12074 12080 10698
2452,2836 12509 11918 8071 12508 12505 12510 12506 2109 12504
2453,9667 8659 7248 2279 9890 5123 986 2601 8716 7861
2454,6362 1319 6363 1321 1320 1779 9192 1778 4060 6361
2455,5099 3525 2693 10761 13411 11008 5100 9464 3608 5098
2456,10151 2439 8298 10147 10148 8842 4561 5384 13392 3878
2457,7115 5347 1755 10336 3982 5923 2125 10642 10651 8923
2458,11267 10731 10963 10657 529 11269 8595 14154 1527 15031
2459,4192 5475 5941 4248 11832 14607 4258 4240 11828 11829
2460,10710 9171 9095 9274 7589 4476 323 2922 375 9711
2461,3140 8068 7289 3166 3121 3133 3158 12562 3137 3614
2462,11376 9315 2514 2521 2528 2234 11667 2487 2522 12515
2463,226 4255 11975 4258 6979 4208 4121 6986 6974 1675
2464,12524 9556 12263 4629 12525 12824 12521 12518 12523 12249
2465,12529 12530 1791 1790 1794 1788 1789 1792 1793 1787
2466,12531 12532 3110 10209 8493 2428 12046 12382 12533 9313
2467,12534 10041 4329 8811 12500 8805 5192 12505 11918 13441
2468,5073 5072 5067 5033 5065 5034 2248 3313 4366 5029
2469,2650 12536 6537 12303 2655 2651 2296 8373 13828 10632
2470,12537 11263 11636 12400 10467 10030 7672 3980 12670 11264
2471,12540 2070 5606 646 12539 10217 4299 12541 12538 2069
2472,775 4089 478 242 5807 969 6575 12544 2252 3586
2473,12545 431 4018 14846 3813 9589 14724 14738 14845 14737
2474,5986 3837 1585 2346 5887 7233 2911 6263 8281 8471
2475,3911 4979 10598 10143 253 5214 10348 10600 10597 5095
2476,2877 12548 4603 7081 12732 12912 9638 12609 12733 11381
2477,2902 2903 2895 2904 2730 2909 2898 2906 2907 2905
2478,3039 1452 7912 9318 6912 9162 821 12549 12160 12004
2479,9438 8036 12550 1872 8010 8008 8015 8017 8011 9440
2480,12551 1003 4037 10073 11528 13712 9624 4035 13426 8477
2481,18 16 8404 4512 3751 1249 12555 5428 3529 12556
2482,12562 12558 4599 2891 961 5931 11997 8868 8020 11653
2483,11584 5022 12563 3156 5350 10102 11704 12341 4442 3732
2484,9935 2341 10715 5190 4832 10266 8608 8310 6409 2335
2485,12564 7349 4065 11968 7351 6785 12566 2439 4670 12565
2486,5187 2601 10652 5591 391 7515 9581 2954 8661 6073
2487,12569 12571 5166 8741 5946 12570 2115 7821 9426 9210
2488,12572 6520 8575 6530 6886 10810 6527 6529 7639 4674
2489,2739 12573 8083 12233 5719 6868 10704 13015 12516 3488
2490,3214 685 2309 169 14621 10291 10163 11483 9021 883
2491,7127 7322 4878 9121 12575 8335 9117 11058 11814 11970
2492,1501 3727 4348 1161 3280 164 2470 6199 3359 6791
2493,49 11919 9773 10540 5750 5748 12516 9467 11035 68
2494,8268 5577 769 3033 6577 9549 4977 8279 13228 9602
2495,9224 8258 12577 9743 8864 4449 12030 2056 9978 921
2496,4964 4560 11602 5896 4561 4073 9228 5895 12956 12955
2497,3662 10672 687 2737 1033 11849 12103 14017 12034 4408
2498,3317 2097 2677 1074 7968 11980 5832 12579 11169 5720
2499,7421 3678 3100 504 4230 1284 3195 5928 5725 10161
2500,12582 12583 12581 5607 8078 6489 5754 12580 11562 7045
2501,3669 7951 11177 12588 2705 7103 12586 12587 6161 6165
2502,12589 4688 8406 10099 4132 13702 12072 12074 6557 12080
2503,1974 10128 9314 2448 1952 5060 194 3351 3820 5170
2504,7400 10249 7226 12243 386 2535 5257 447 5109 7917
2505,12590 7976 11356 11796 1366 5352 11615 11618 11616 11617
2506,7555 8314 4895 7560 4908 7557 7563 7564 4903 2667
2507,10102 1049 3215 5350 12563 12218 8746 2329 1020 9820
2508,8608 10577 2341 4324 10354 10740 3076 2616 8443 10575
2509,12591 10594 484 4022 8519 12873 4798 10032 8398 891
2510,3750 9521 4453 12592 842 7301 4923 3740 3164 6975
2511,8427 7265 10210 3257 4875 15128 2180 1739 6650 7268
2512,2632 4262 4377 10966 9322 8233 504 3220 7183 815
2513,2521 84 10480 3157 2153 6474 2513 1348 2511 7947
2514,8179 9607 2922 3025 2519 447 3477 12431 6436 11761
2515,12432 3848 5023 2268 10619 8471 12459 7938 277 11648
2516,9391 2776 2101 10572 3210 11216 10571 2783 6595 11905
2517,11097 10361 4845 9351 8080 8079 12593 10133 5368 11201
2518,12598 12595 12596 12599 12600 12597 7715 6491 6589 15046
2519,6761 7262 9239 11358 7899 7136 7258 11359 7261 7257
2520,12601 8168 12602 11004 3558 13383 14788 13720 8279 4336
2521,12604 12605 9119 11304 12603 837 8999 1368 12222 45
2522,980 4220 1446 1364 10501 958 10502 1359 12849 1361
2523,629 12606 394 1681 7786 9210 7794 7790 7793 7789
2524,739 15230 14852 10806 9035 14553 833 834 15147 14551
2525,7057 5533 4413 12609 12608 4612 4616 12607 12644 12915
2526,9528 12610 8337 7768 9618 5366 2747 9092 2262 169
2527,12611 2839 3506 11114 4470 267 14650 14653 14651 14648
2528,6981 10708 10075 11378 3900 8376 11285 12612 2858 5982
2529,3013 10872 12266 6140 8902 12613 12615 12619 8099 12614
2530,10461 4626 6556 12737 12735 7081 12732 12731 12725 3083
2531,12620 4003 12621 635 11216 6178 3577 7633 127 6033
2532,4929 2502 8890 2807 848 10960 5809 4422 2754 742
2533,9653 9397 9988 841 10602 10823 11760 4483 11174 12004
2534,4982 2846 6628 2894 1177 8205 8208 12622 12623 8207
2535,12625 8586 12624 4652 8579 8583 9110 9559 11858 7110
2536,11306 11315 14638 13559 12626 10251 14572 8374 14238 14859
2537,12630 5668 12628 7218 12629 3442 12627 9639 6811 9644
2538,10820 12586 12633 9203 12326 11473 13699 204 11271 11914
2539,7774 10505 9216 3703 1378 3620 8970 7505 667 11317
2540,10225 6932 4030 1388 10391 3220 6933 3133 6937 6938
2541,4557 3977 4467 2915 10652 12634 1659 3501 7301 7495
2542,4775 2117 4992 1032 2827 46 1281 3108 3971 7042
2543,12635 12636 15276 5942 5943 5944 5945 5941 5948 5946
2544,8443 11723 8477 5536 11348 5871 11531 10075 10099 4693
2545,5851 6218 368 5936 6930 5924 11982 11981 5930 6219
2546,12639 12638 9578 8738 11795 2302 2258 6518 3589 7273
2547,6781 6162 2847 6783 9803 9103 7934 7108 6165 9806
2548,12643 1779 12642 11851 12644 11892 6804 4135 2884 9192
2549,12649 12310 12068 12646 5627 12181 12648 12645 10975 12647
2550,2375 1778 2371 4060 1320 9192 4606 1321 1779 1322
2551,4631 4633 12409 4628 4585 10979 9999 8507 9316 2902
2552,6681 8291 5063 8294 3747 12652 11396 8559 5497 11704
2553,11410 12654 10881 4281 12473 14154 12471 14444 139 12472
2554,12655 12657 12656 670 12211 13621 11721 9969 11722 8161
2555,5418 6056 10663 5416 5417 10291 6214 10657 8595 6894
2556,12663 12661 12662 12664 12660 12658 1714 10067 12659 12078
2557,12665 15276 5942 5943 5944 5941 5946 5952 5948 5945
2558,64 2200 2547 4350 4669 7370 2517 3406 6825 11297
2559,12668 6564 8352 8935 6381 11243 7914 3336 1199 1615
2560,12669 3884 12670 12537 4434 3883 3877 14466 3880 15243
2561,12671 12672 5345 8889 12743 2816 2814 5946 5945 5944
2562,12291 12674 12673 12290 12675 12293 15253 12292 12289 14111
2563,11361 637 688 9071 5498 11409 4260 2397 11407 11408
2564,12678 12676 12677 13001 13877 14412 10844 10845 14679 2801
2565,39 5305 5097 2529 3973 9605 6904 11951 6890 68
2566,12679 12681 12682 10219 12683 8781 12680 265 12055 6748
2567,12686 12687 11606 3603 15276 5941 5942 5943 5944 5940
2568,12688 5951 9463 3978 3521 4833 1447 9008 11867 10674
2569,12690 12691 15276 5944 5945 5943 5952 5948 5946 5950
2570,9913 6013 2526 1610 2033 5588 11933 12395 223 3761
2571,6504 7172 12694 11773 6674 12693 6525 11147 4172 6503
2572,8763 3518 8046 6596 9983 9977 8765 10302 10307 6565
2573,10090 10087 2869 670 10089 671 672 10091 10074 5868
2574,3568 8213 12695 2665 5328 12696 12183 9958 5326 5327
2575,12312 12697 12065 10980 8508 10723 1343 7753 12313 9812
2576,1581 4785 6211 8006 10581 11985 8005 10580 4784 6771
2577,3332 3380 9118 11715 442 3359 9678 14676 119 3349
2578,12703 12699 12705 12700 12701 12704 12702 12707 12706 12698
2579,295 9184 4823 11465 3234 5413 7499 3378 4904 9992
2580,7303 6176 1833 6427 1835 9849 7307 7312 7308 4504
2581,12709 1683 12318 11576 4924 2676 8286 2228 804 8279
2582,4663 11370 2085 4653 2084 2083 611 4660 11368 12710
2583,2917 7284 6521 2919 2922 2921 2918 2925 2926 2927
2584,12274 12182 8757 13996 14772 14665 14773 12275 2805 11207
2585,12713 700 1762 6035 12712 6815 2407 3508 9219 5888
2586,5577 11843 2588 12714 3467 2075 1423 12095 5549 3188
2587,12715 12716 10270 9619 2052 8948 794 2656 12526 14230
2588,12234 8840 12717 575 10177 10172 8574 3854 9869 5265
2589,11830 1484 1068 11827 1750 1477 1103 1038 2360 5458
2590,12718 8318 12923 12925 1677 7878 12859 12924 12466 2860
2591,353 5174 6842 12720 6085 7046 12719 575 9658 10047
2592,2067 4759 383 1418 4756 3580 12724 13754 4262 2271
2593,12721 12723 12722 10726 684 7673 12464 8088 10502 10501
2594,12732 7081 12733 12730 10629 11381 12737 3084 10627 5534
2595,201 11089 7276 3162 3559 445 3949 14666 5823 1407
2596,10477 3682 3936 651 3213 1476 10594 759 6965 7238
2597,3254 10718 3715 9480 6348 4780 10656 6064 8559 6914
2598,9826 5782 7141 5781 10255 12460 10714 11177 6782 1109
2599,12740 8825 3804 13925 14402 12495 6278 2837 9256 11945
2600,3875 7391 3909 3148 12741 3943 4893 3880 5402 2810
2601,3127 7989 5947 10234 10340 545 8186 2080 13580 13581
2602,2815 2820 3465 12744 12745 2742 1166 12742 12743 12426
2603,8842 2427 10147 10148 2426 9974 10151 10146 10145 10149
2604,8496 11147 11684 12623 11782 14230 13406 12526 11678 6923
2605,12209 2876 9751 7065 9194 4416 11348 12917 13785 7554
2606,12751 12750 12749 15276 5944 5945 5946 5947 5952 5949
2607,1577 4953 7017 7534 7535 7537 1565 1564 1576 4955
2608,9702 10334 10763 11329 12752 7415 5145 9700 10861 2868
2609,12753 15276 5943 5944 5945 5946 5942 5956 5949 5947
2610,12755 12754 11183 11181 12192 11182 10129 913 503 10617
2611,1829 4141 10365 10366 9962 9663 1355 11107 2376 8150
2612,2115 5196 2600 12759 12758 489 9780 11867 9551 9481
2613,3664 10930 961 967 966 12761 12760 12762 336 12763
2614,797 6029 6084 11130 3559 12150 12764 8817 1458 3796
2615,2880 6553 3038 14751 12914 14745 5449 4037 2890 4039
2616,1963 11291 3620 6957 5001 5062 6953 10909 9156 7005
2617,8525 2323 2469 5725 2133 15169 13050 15219 15218 15170
2618,9939 12765 1147 11534 10155 9405 6529 5404 9938 7694
2619,12085 12766 5904 7246 13198 13197 14147 10561 5917 632
2620,12767 12768 12769 9672 7988 2335 9677 9675 9673 9676
2621,1796 9715 3698 3036 1443 10301 2690 8703 5068 3773
2622,11609 581 12782 4084 12773 12781 12775 12780 12778 12771
2623,3257 12784 469 7245 1702 450 7310 8225 2355 4187
2624,4104 825 6601 4108 4113 4112 4110 4109 4107 4097
2625,1395 205 7918 4032 466 12002 8995 6052 1463 2945
2626,6859 6578 9050 11164 11301 3355 4995 12580 4235 3024
2627,1978 830 4257 834 769 833 832 4253 6920 831
2628,12788 8346 9942 12787 10201 636 10204 9606 8364 1868
2629,12789 12791 12790 5494 696 3937 323 5946 5944 5943
2630,2059 3279 3280 4433 4432 4435 4431 4421 4429 4420
2631,11792 12792 7806 4534 11793 11795 986 4304 9674 8527
2632,8284 8288 4877 1296 6874 4880 8293 185 3275 8279
2633,1408 5090 8878 838 11170 1425 1435 1415 1413 1431
2634,896 2561 6470 11813 9286 2573 10505 9975 5275 4920
2635,7955 2601 4365 3441 2735 2164 772 4483 3702 11345
2636,1823 1821 1822 1827 1825 1824 623 4459 2866 1927
2637,12794 12795 12799 12798 12796 12801 6066 3268 11530 2700
2638,3145 4865 2506 8607 11138 5421 2798 9811 2625 1289
2639,4736 6302 9499 6242 687 650 3140 7614 9429 6927
2640,1166 404 1535 7249 12805 2820 405 12426 3464 2816
2641,12806 3415 6734 6733 7061 7060 9540 9549 9750 7059
2642,10781 5401 10783 4951 4673 3246 10782 8787 8012 2276
2643,12445 12442 12441 12443 12444 11909 238 1721 12808 12809
2644,10056 981 6141 955 14805 13671 965 8380 8379 958
2645,10065 10308 2494 983 829 3225 10307 6689 1646 4343
2646,1840 9226 3781 8424 11654 7949 3144 13386 2914 11979
2647,5942 171 149 169 1436 2838 10172 10177 5924 8913
2648,37 9684 6875 3867 9899 55 2120 10958 5642 743
2649,2603 1801 3680 8270 12814 10345 3166 3158 3137 10346
2650,4189 7931 12309 811 5151 9089 7231 9162 8961 4248
2651,12815 7866 12818 10248 4843 445 11283 6715 12817 1342
2652,7570 12570 5001 323 4882 12163 13579 13583 13581 13582
2653,3403 5096 12821 11035 10880 12667 12820 12822 5750 9773
2654,8463 2521 9922 795 4185 6850 2195 3513 2513 14896
2655,12249 12824 12524 12248 11023 1663 1665 6619 9556 9809
2656,406 12825 6326 14811 14812 15032 14054 3017 14743 6325
2657,3055 2480 10016 3723 3505 7116 5734 8369 7125 8370
2658,620 4455 12039 12040 621 9714 5907 606 627 7641
2659,4014 10493 46 10564 9243 12173 5218 10655 8829 12828
2660,12232 957 12231 9183 9742 3947 390 9581 1509 7681
2661,9656 10438 5915 1297 10530 1609 10333 6404 8584 7345
2662,12829 15092 363 6984 5322 994 11916 8307 8696 7294
2663,1427 5089 828 8451 1970 5315 2492 1439 2001 5832
2664,6926 5484 6925 5476 5469 5470 3469 5472 5479 5637
2665,12835 12830 12834 12832 12833 12831 5159 5160 5154 8252
2666,3200 11173 662 11326 9707 3197 11335 11334 5583 6234
2667,2557 10381 4307 10380 9297 2552 6970 11713 2555 7442
2668,12836 15276 5943 5944 5945 5946 5942 5941 5949 5947
2669,1631 905 431 12838 12837 9473 9470 9190 6598 7537
2670,6203 3329 2540 11244 3316 3339 2512 11297 7278 7933
2671,7058 10099 12589 11348 10075 11721 13060 12637 13702 14438
2672,6523 6522 499 994 470 8961 6530 15269 12840 9156
2673,12842 3444 954 8761 7908 15038 940 946 927 965
2674,10974 8837 7913 11066 12581 12844 12843 11139 3943 4174
2675,8483 676 5525 765 3811 700 1553 8895 8893 8888
2676,12846 10219 12306 12679 11490 11245 10027 14725 14365 13776
2677,12847 12087 5971 5038 12084 5961 12320 1423 4757 1282
2678,11732 4723 3446 12047 11731 12319 10044 7379 3961 3369
2679,4420 12849 2832 12851 980 12850 4432 4433 4435 3280
2680,12144 12852 9715 2324 1879 1796 12143 12145 14676 12146
2681,4180 10972 12853 1797 6910 9875 895 7504 9953 745
2682,844 11426 4644 11427 11174 5071 2897 4642 6053 11268
2683,12854 12856 12855 383 9694 2135 9321 6942 7716 13939
2684,12857 13294 8382 32 8504 1383 2130 5947 5943 5946
2685,9324 9323 1558 11862 12860 12220 12858 12236 12526 14230
2686,10197 10194 4735 12217 12214 1365 1794 1941 10196 12215
2687,10506 8821 7406 8322 11657 8385 7674 10611 11143 2831
2688,4059 2666 10980 8637 8626 8632 13812 8633 8625 8630
2689,10822 9322 12862 10823 9527 10656 11213 9273 6344 8067
2690,12863 12864 4381 9291 13530 13898 1874 5909 13139 10427
2691,5767 12030 7527 5762 6226 4764 6045 5763 3719 5761
2692,12865 9954 9849 7382 8619 5902 14112 7698 9497 10413
2693,4035 10913 1141 9307 5535 1135 1148 9547 12866 1140
2694,1451 5205 12869 11592 252 2183 12867 12868 5337 12482
2695,12870 12871 13522 13523 13526 13169 13525 14381 8896 4588
2696,10240 7959 8611 4278 2133 6413 11469 7956 4294 3182
2697,12873 891 12591 8398 8519 4022 10032 4798 4026 8856
2698,3052 3051 7121 3991 3053 3054 3056 12874 12876 3059
2699,5179 7524 8884 12878 6089 7526 12879 12484 7525 3591
2700,12042 7724 74 143 2761 6647 1586 12174 12175 7420
2701,12883 4134 1011 4137 4138 15210 12882 8805 8806 13441
2702,12546 6294 6837 2458 4281 246 6597 891 1901 10111
2703,12885 7100 12886 12777 982 6123 10589 775 12431 5770
2704,12299 12887 10971 12300 13250 13249 11775 9451 3490 1524
2705,12888 792 6946 1590 11986 7168 8233 785 799 12141
2706,5886 12459 12890 3814 7670 10783 7705 1176 6271 10782
2707,6846 6845 6840 6843 6844 6841 4379 3492 6842 668
2708,8842 11303 7523 10147 10148 10151 8843 2427 10764 5265
2709,674 12894 12893 12897 12896 6741 8158 2379 11002 6931
2710,12898 2654 6244 10716 2995 5353 6485 5715 6484 1864
2711,3982 5955 4375 2661 8472 9199 10729 12372 9455 9452
2712,12900 12899 3067 2404 4421 14641 8084 12276 11941 15276
2713,4141 1354 8542 9854 1355 1357 4140 1829 10365 4142
2714,10766 2706 12901 3304 1744 6622 10765 10763 2687 10177
2715,12902 7086 9431 9434 9433 9432 15276 5943 5944 5941
2716,12906 12905 11286 12903 9517 7986 12904 5430 14329 13409
2717,12907 4783 13592 4784 13591 10031 4786 4802 4793 4798
2718,1011 4134 6705 9194 5876 7057 2890 11347 7427 1357
2719,6474 5299 6571 5989 12501 12505 5307 11008 10041 8748
2720,9832 5340 12909 8958 1668 12212 6803 12708 7705 7706
2721,1002 11778 7056 999 3416 1005 7075 1001 1004 1000
2722,1329 3398 4344 8756 11294 3397 1198 8945 11295 3881
2723,11584 11750 2710 7131 5022 2258 12099 13100 11580 12563
2724,5819 12910 4593 14292 14291 7204 14293 5816 11468 14294
2725,221 5380 4948 11650 11648 6185 13704 10226 13393 13394
2726,11231 14805 13671 13328 11164 14799 10056 15010 14325 15095
2727,8808 10041 5193 12501 12500 10733 14328 8806 11822 13441
2728,12911 11261 2614 12480 14684 14683 12978 13210 14315 12410
2729,3975 6727 10378 11067 11068 11065 9002 10377 7764 10376
2730,10751 11639 1145 12912 9538 1146 1136 12913 9537 2885
2731,6783 1939 6162 9810 9809 1663 1522 4037 1665 9803
2732,3733 9019 3364 5044 7906 10049 10178 106 9524 12016
2733,3442 6809 1011 1317 6811 9756 7091 12630 12629 9889
2734,7153 5748 8069 11915 10458 2141 9125 11916 2958 12918
2735,10272 2295 6839 10271 4610 13773 13772 13774 13775 10269
2736,1665 9810 1662 9809 1663 1939 4069 2438 13206 6168
2737,10365 10366 9236 12919 12920 6553 2377 2378 1825 2376
2738,10497 12922 4912 6300 12921 5825 3377 3378 3319 5217
2739,4416 9850 1826 2876 3843 11798 11797 5662 11801 4414
2740,12925 12923 8318 12466 7878 8032 2860 12924 12859 12718
2741,12929 7067 1719 9852 2373 10461 4138 7404 670 7061
2742,11594 7165 5714 12931 12930 2984 10000 7166 7161 12693
2743,4414 1826 7098 10995 4416 4134 7099 10815 12643 12644
2744,7077 6847 12935 12933 12934 12932 10461 12732 12210 7081
2745,2923 6863 9203 3921 10704 7728 9210 9802 9187 5892
2746,9642 9636 9632 9641 9637 9634 9631 9633 9630 9635
2747,1011 3443 12936 4692 5688 7217 1005 10258 5854 4690
2748,2375 7404 12929 1719 2371 4606 1779 4060 9191 2379
2749,15 14 11 12 13 22 9021 1274 1 24
2750,2397 7049 12873 10049 10725 7691 7169 3796 3613 2381
2751,1851 6172 12937 10363 10714 8650 12352 12938 11649 1849
2752,6725 6717 6718 6720 3893 6712 6709 6719 6722 6711
2753,1116 4948 11733 12939 1041 6164 7478 10736 3425 4455
2754,10953 7425 6809 12731 8824 12199 9854 12728 7078 2881
2755,10318 12940 10315 10313 10319 10314 10317 10312 10320 4529
2756,4806 4807 12941 13198 13197 13199 5473 1672 368 10896
2757,10858 3079 12942 4402 3076 6703 10856 10854 3078 3077
2758,12943 7655 12944 3663 967 15052 12761 977 15053 12946
2759,2375 2371 4606 1322 1321 1779 1778 1320 9192 4060
2760,12946 11833 4581 15052 2196 4589 966 12943 15053 7655
2761,8882 4352 10135 4852 4795 12470 10894 5560 8094 8076
2762,500 11014 2715 11010 1648 11013 11009 505 11011 11012
2763,6165 6887 12947 7880 2439 7858 7743 6161 6167 7651
2764,1544 2795 8288 12949 13822 14791 8284 11095 2801 13720
2765,10569 12735 7077 12725 10568 12732 7081 10570 10461 10629
2766,12951 12954 12955 12956 12958 12952 12953 12957 12960 11566
2767,5831 746 8996 2145 5830 10676 2549 2499 9013 10291
2768,10180 9667 11790 12962 12961 5177 11784 14322 539 9251
2769,12963 8592 5324 13822 10086 14791 14164 13720 12612 1911
2770,12965 1938 4358 11356 10188 7328 2908 5478 3847 13378
2771,2741 2742 1165 4516 13327 2743 2820 1166 12426 2814
2772,5043 1296 5041 5055 5057 5048 3208 11817 4269 2006
2773,12969 12970 12968 12971 14454 12967 11038 1129 1743 9001
2774,12973 12972 8766 14095 9937 6516 14013 4731 11249 11856
2775,4404 1170 4286 8715 4395 383 9371 4390 4394 3153
2776,3242 4569 4627 6070 3241 4204 9210 10232 705 605
2777,10860 5833 12976 12974 12975 12977 3716 8717 5066 6976
2778,12979 15276 5943 5944 5945 5942 5952 5948 5946 5950
2779,12980 9972 6670 14314 10466 10465 12250 6629 13029 13530
2780,6317 1901 1100 3110 9564 6223 4820 2686 12916 6044
2781,5889 12982 12983 11862 6397 8980 6931 12579 7519 11866
2782,11905 12191 11935 11707 7400 7053 3577 11669 1830 10386
2783,7539 7532 9996 7535 7534 7537 7540 7536 7541 7542
2784,12985 2284 4932 11024 13922 13921 2272 13667 1174 11661
2785,4599 7366 4403 11350 11348 5450 10698 10854 11351 10856
2786,10011 12986 7168 14667 14833 14834 13709 2906 14143 11602
2787,10264 11835 9690 5677 6358 6011 7606 9506 9994 7050
2788,12988 5426 2440 9825 1593 6558 2420 4694 6400 11142
2789,8635 12991 12165 12989 12992 8086 12990 3795 7909 11209
2790,12426 9794 12994 11881 5998 2820 404 405 2742 13187
2791,4285 5604 7456 10856 4394 4294 10854 4390 11047 13057
2792,9531 4484 2950 8241 6971 9185 8957 6980 5663 11905
2793,5537 1709 7098 10995 4619 11386 4618 4622 4615 7099
2794,10155 4345 12996 9405 1813 11958 6892 5611 11957 11577
2795,5237 9694 4284 10856 10854 9596 9597 7772 9598 9599
2796,2379 1860 2375 11347 12894 674 1916 2372 12896 7056
2797,12677 10845 10844 9652 12645 13001 9102 11688 8085 12184
2798,1625 11153 13004 12463 5879 12479 14152 14235 5970 9205
2799,2815 13005 13006 13007 13346 15010 2814 1166 2742 11880
2800,225 1041 183 280 5183 3994 3855 7369 4335 8331
2801,13011 13009 13010 13316 9015 13008 13410 12903 13900 13040
2802,13016 15263 3719 3488 13012 13014 11316 13017 7604 13015
2803,13018 6268 4352 12417 8408 6269 14526 14970 15089 14854
2804,4648 4646 4657 4645 13022 2804 4647 4655 4649 4650
2805,5358 13024 12597 576 12383 11341 13023 5356 5357 5355
2806,9588 12421 2900 13026 8565 13025 3097 9590 5796 11705
2807,13028 13027 4388 9403 8471 13029 1123 4394 4390 4393
2808,1003 8542 8982 10627 3668 5846 10990 10628 10991 10753
2809,5564 3012 13816 2086 6797 4641 6793 13812 5566 13021
2810,3937 4049 4981 7283 1058 2297 8769 12789 700 12791
2811,8839 11779 11856 10289 11781 7659 11783 11780 11782 5126
2812,10592 11029 13032 13263 4076 10472 9295 6463 9219 9884
2813,1091 736 11155 1192 13033 2608 6116 12359 12043 8418
2814,8357 4371 6525 1910 8360 8359 13034 13035 8613 5695
2815,8249 7415 1054 5145 6261 1052 4049 2733 6433 3222
2816,10056 13037 13038 13671 14805 13371 6722 6141 14799 14325
2817,4841 8556 7771 12634 3921 7304 2118 7772 8920 8919
2818,13039 9015 13040 13008 13900 14194 12323 6721 12051 13224
2819,528 3128 8203 7886 4933 12481 9285 6904 2320 4504
2820,9609 7458 6376 3538 7761 1098 11476 2736 5633 217
2821,1835 3603 4263 9317 806 1833 8522 6387 7812 7045
2822,2764 871 879 8403 9459 3476 6912 13570 494 2329
2823,4863 6876 96 1446 1285 2471 8229 1388 1295 2427
2824,13042 7285 9921 894 570 255 9215 9900 6917 12515
2825,5886 6763 3814 1176 7712 11983 13045 11846 7019 6936
2826,9033 11302 9372 324 484 10702 442 11138 11200 9122
2827,3210 3120 13048 9048 10823 13047 6714 9653 8672 4184
2828,10583 10931 1540 3496 8006 8005 10581 10580 2175 8740
2829,1354 7063 2886 2371 1355 1357 7060 7061 4142 4141
2830,5872 12058 7076 4608 10367 4331 4136 4142 7060 7061
2831,7694 11534 2821 6333 9939 7695 5346 4282 13313 2819
2832,9249 10489 2079 3222 13181 9288 1362 13083 8354 12447
2833,10941 13049 5788 6092 4705 1406 6507 603 602 10326
2834,8525 13050 15169 15086 14214 14901 15170 15219 10866 15218
2835,7387 10295 4486 11140 1819 6833 8643 5663 3643 2810
2836,12616 7562 2667 14515 14516 7558 10873 10872 6279 4895
2837,11627 8892 3262 13052 2742 13327 8894 5195 13708 6996
2838,10364 5097 11136 56 10820 11271 204 7345 9010 12287
2839,10073 10071 4035 8645 11420 10072 10070 10074 9437 10068
2840,9853 4598 4574 6432 2014 12731 1726 6431 12238 10748
2841,11070 4406 6938 1693 11068 10837 11065 11067 4739 9014
2842,4236 488 1584 4204 7413 1236 4247 3710 10298 12042
2843,6106 10536 15248 6112 7994 12206 3983 2931 10535 5727
2844,4138 1357 6553 1354 1355 10366 1829 2378 10365 2371
2845,8808 5935 5924 5930 5936 13321 8806 14328 5944 5949
2846,5522 2637 11919 7188 8488 14741 14925 1985 8124 8129
2847,12551 1859 1860 9624 1858 11806 14760 14761 13712 14270
2848,12173 9032 7825 3568 9243 13738 12828 10655 10493 8829
2849,10591 13056 3841 11959 14519 13927 3177 320 1765 14913
2850,11583 12422 7675 12509 11627 11580 15210 11581 11582 7670
2851,9563 7616 5460 2113 518 13058 7360 9711 10388 5462
2852,13059 12745 10525 12744 12743 10260 12742 13248 404 2815
2853,13060 4604 2980 1011 6810 2996 6808 9640 8542 12259
2854,443 3771 970 5364 3132 4396 10588 4856 497 480
2855,260 10850 4537 13061 5391 2003 10832 6189 10849 10852
2856,868 12536 4134 7094 6364 12168 11333 6191 5059 6705
2857,7837 5040 5548 12360 4159 7291 8672 7140 5054 3605
2858,4857 2961 2463 11158 4081 2479 5719 165 8897 7142
2859,6320 10365 4141 5671 10366 9236 12729 10368 4142 2376
2860,6279 2787 6136 2793 3437 10979 3275 13064 3567 3566
2861,12684 12685 10427 1554 11689 13068 9137 10757 7650 14119
2862,13070 11177 11592 6623 2627 6226 2166 13889 13069 7739
2863,13071 11472 13073 13072 9348 2789 15113 14232 7225 9829
2864,8711 10 2207 5176 10358 10360 7345 11271 204 10585
2865,13075 12914 13076 12915 7819 12378 10590 12839 14438 13572
2866,8426 11115 5205 8414 8425 8420 8417 8406 8412 6567
2867,1389 42 476 794 8190 7340 13077 809 427 4
2868,12644 4413 8443 12643 6364 11892 1001 11348 12731 6804
2869,10359 5299 7800 6579 10358 5176 10360 10356 8747 509
2870,13078 10983 13080 13079 12459 13177 12809 11419 6095 12577
2871,13081 11899 13082 13313 3733 9037 13752 7566 12516 7160
2872,13083 7645 507 1052 5505 13181 10489 5336 12447 1054
2873,5777 7266 6151 6150 2101 6154 6532 6153 6152 6149
2874,8939 3115 8721 1750 2751 7280 2682 8366 5436 5760
2875,11474 3526 10902 11565 1096 7828 8292 5491 4911 11073
2876,13092 13096 13095 13093 13091 13097 13098 13088 13090 13086
2877,987 13100 13099 2669 1256 3166 13101 11584 3133 3137
2878,13104 12521 13102 13103 11783 9556 12525 12518 12523 12524
2879,1371 3237 3234 1370 3238 1369 4887 4899 4883 4900
2880,1612 3705 11088 5063 2250 3355 9471 10864 9157 2753
2881,12138 11656 7704 10119 13385 8118 11085 13782 1932 6887
2882,2032 13105 9180 10729 12717 8796 8797 8793 13668 11117
2883,11337 13106 11326 13107 5297 11331 11334 6234 11335 11329
2884,11224 11225 11347 4145 11625 2379 12732 7081 12731 10747
2885,7206 9855 9700 7207 7203 7204 9293 508 6319 5049
2886,13109 13110 13108 11342 11925 7647 9505 8518 12351 9869
2887,1342 12816 9934 314 6128 12818 12815 12817 10248 6715
2888,8059 6252 9655 9650 5617 7294 6883 7628 5934 6239
2889,10627 7427 7215 1771 6804 10994 12912 10990 4743 11000
2890,11347 13111 13112 2379 2375 7215 11816 9853 12731 12729
2891,10976 4718 8275 13114 10085 5554 14516 4713 7557 8274
2892,10885 2117 1017 14676 3291 601 14675 10077 10139 8754
2893,11135 2112 5806 5816 11131 6879 11132 11133 6335 11130
2894,7217 1773 12936 9664 1774 10807 1704 10936 1000 5531
2895,8823 9651 3559 11866 12218 8746 11863 12698 1589 7995
2896,9967 1711 9968 9969 1151 1709 12548 5129 1710 5667
2897,13116 12520 14176 12892 11312 13719 13610 14725 3858 5473
2898,8376 5574 12811 9901 12517 9927 7157 9911 392 2553
2899,2142 2125 81 15230 7123 7113 7130 7120 8796 2032
2900,11110 360 10179 2742 2815 11788 11108 11533 11878 11109
2901,13118 1958 3536 7293 14947 11207 1294 13031 14795 7916
2902,745 1252 6648 4180 1095 5958 5957 169 754 895
2903,11758 878 4249 10837 5055 5051 126 4269 10838 5048
2904,1793 6389 808 11129 13120 13123 13121 13119 9150 12383
2905,8826 9784 4515 5852 8834 8833 8831 8732 8829 8835
2906,7408 5023 9199 8058 5405 13113 13729 4292 11287 914
2907,9409 9182 5827 3494 9410 7178 9411 9413 9415 9417
2908,2989 372 13125 4310 2695 377 15044 14280 12307 371
2909,13126 13127 8440 2820 706 3245 12170 4079 14253 12150
2910,5424 2071 17 7133 6433 12382 11175 5425 1687 20
2911,11399 8766 11400 14199 11398 12972 11401 11397 11404 3020
2912,1798 3500 10486 794 10017 10678 7320 12516 7160 737
2913,13130 2909 9441 1507 14116 2895 1497 2552 9601 6188
2914,9895 6236 7855 6229 6230 13636 9892 1121 13716 9894
2915,3114 12362 3753 13132 9343 1808 2293 3115 3113 3108
2916,5398 8819 4243 170 14121 1834 2102 1811 11738 5623
2917,11586 11070 10503 114 11068 10837 11065 11067 14413 9660
2918,7217 3443 4692 15041 1704 11351 1774 12936 4689 4690
2919,11058 10806 9035 11060 15212 15213 15211 15214 15215 11184
2920,3751 7157 8798 11719 7134 12384 7132 12810 7116 7125
2921,12363 12588 12131 13138 12587 13137 7950 12938 527 12354
2922,11763 13141 13142 11764 13547 11765 2590 13549 2946 13771
2923,10571 13143 5397 11669 10572 11905 11935 3990 7053 12191
2924,2150 2520 6871 1657 3939 11300 8769 3182 5888 2775
2925,9613 12812 2212 6429 6472 10636 2785 10487 2217 646
2926,13144 2017 7783 14831 14832 8713 13754 12724 3580 13314
2927,639 13145 915 4009 638 642 12187 643 636 927
2928,13156 13148 13149 13150 13151 13147 13146 13154 13152 13157
2929,8646 13160 2833 12172 8244 1703 15165 3480 8645 2182
2930,7485 1064 4377 1810 7774 13014 12808 8026 2451 309
2931,13161 12853 1431 476 8573 4254 3020 4079 7418 6918
2932,98 8418 12359 2293 12801 4106 2860 2294 2290 14005
2933,13165 13164 13163 11439 11435 5440 11437 11436 1156 11438
2934,13166 14882 6355 13693 14884 3067 14407 14401 13440 14368
2935,11957 10460 13168 11670 3992 11623 10155 9405 13143 11935
2936,1219 795 4269 8946 5055 8252 8938 7280 4254 8948
2937,4739 13169 7829 1581 4734 4733 4737 10837 13522 4735
2938,12082 12567 6685 8968 5157 12927 6257 13170 12928 10870
2939,10173 10634 42 7613 5493 10172 10177 8858 8574 4846
2940,13173 13174 15068 15249 13172 10715 103 15190 14597 2325
2941,1677 5904 5917 6228 6086 632 5483 5900 5908 12086
2942,2008 7001 5196 2705 13961 5714 14146 14314 14002 4936
2943,6622 10767 2985 13892 2979 1664 6189 13456 9809 6619
2944,13177 4629 7409 4628 11785 15261 13771 12809 9691 12100
2945,1001 4687 9194 4132 4688 2869 12644 4134 7427 6705
2946,9807 9661 13178 133 6543 7934 13180 6505 13179 6251
2947,4132 4688 4687 1317 1777 3083 9753 4138 12071 12643
2948,4606 2372 5845 10994 2371 2375 1779 11348 5450 11350
2949,4514 1529 13189 8830 12426 2814 13187 13349 13186 13188
2950,529 8841 6287 5265 536 526 534 13298 535 13302
2951,6772 1179 11769 12081 11979 6771 10003 934 943 6774
2952,13190 6206 6207 11479 771 3195 15276 5945 5952 5948
2953,1947 11978 2156 4023 1928 7890 8041 1674 13192 11622
2954,13194 13193 12231 10930 8263 957 390 12322 12232 9742
2955,13195 10187 8725 10186 7200 8467 5347 5943 5948 5950
2956,1771 4037 4132 14218 14350 1770 14349 4687 3842 4688
2957,13198 13197 4806 13199 368 7999 10896 1672 5473 10446
2958,13110 3854 2440 1878 9869 9874 8784 4794 8529 8840
2959,13201 2822 13202 5998 2614 12007 12426 2742 405 2820
2960,11225 4600 9756 1321 11224 4139 12239 12242 7081 12732
2961,12468 11395 10118 62 13204 908 6170 11396 9682 12467
2962,1123 13206 5921 13205 5930 1586 12174 5936 14830 12175
2963,13208 1840 2914 9226 7949 1115 9837 2912 9835 10106
2964,6804 10953 13209 2869 10993 7068 10990 10630 4135 10627
2965,3412 13210 12990 13211 9713 2700 3526 14684 14818 14815
2966,13213 13217 5601 13216 77 13215 13214 5023 10052 12879
2967,12088 13218 5694 12090 12089 6844 7782 6327 5691 5692
2968,8111 10064 8381 10130 13989 14322 3400 8384 8380 8379
2969,10157 13220 12840 13221 5199 1983 14886 1311 13696 12351
2970,6012 4872 5718 6034 7280 2322 13649 6015 6035 6964
2971,1352 1753 7940 4962 9839 12461 9833 7280 1515 5895
2972,13223 12334 8153 6364 1011 8157 8154 8149 8155 8162
2973,13224 13039 4284 12793 13835 14126 8382 14194 364 13008
2974,4528 13106 4526 4522 4525 4520 4521 4527 11337 4529
2975,13226 2921 7960 8319 6464 1025 569 11321 13225 4523
2976,11076 6730 1327 9838 12550 8478 5899 2732 11981 6930
2977,1317 7366 11528 4037 12643 11851 4687 10556 12642 12644
2978,4977 13228 13227 175 9602 7913 20 10236 7133 17
2979,12554 2418 10105 5601 7254 4309 2414 2421 2424 5172
2980,13229 8360 8359 8357 8358 5943 5950 5942 5949 5945
2981,1679 1681 11964 6492 6480 9210 1680 6226 6508 629
2982,1331 1328 787 10730 1330 1327 10731 1329 435 1417
2983,11889 8443 2869 7058 13572 12644 11348 3694 11892 4692
2984,5447 9749 5688 10199 6806 5687 7819 11530 2875 12917
2985,13230 10002 12861 9327 986 4304 10003 11792 9674 11795
2986,6351 8906 13235 13233 13234 1741 3618 8905 13232 12006
2987,11533 10719 7651 14863 14054 6325 10101 11788 2475 11110
2988,11266 13236 9180 13291 13289 14831 13295 14832 13288 13293
2989,1939 11896 4753 6492 6480 6182 9809 14279 5380 6180
2990,6936 11020 13117 6937 6938 11983 6933 13045 3133 11846
2991,5447 10199 5687 10899 10198 7819 7427 15017 11348 12917
2992,7099 12259 10995 7098 10996 10993 10989 6067 2872 10994
2993,13240 13241 13238 13239 13237 5938 5940 5944 5947 5939
2994,13242 13243 5940 5941 5942 5943 5944 15276 5947 5945
2995,13244 404 12882 13245 12426 13128 9791 1166 1535 13187
2996,9755 1704 7102 6733 6737 1774 6734 11721 14761 9745
2997,13246 13247 12997 1884 13433 9025 9948 13515 13997 13432
2998,529 4836 10731 526 538 4835 536 4840 528 4837
2999,3810 7929 10264 7050 4083 4078 2329 6372 7507 1854
3000,13032 10343 10592 11943 11029 10345 717 11607 10346 8003
3001,10525 12745 13248 10523 10524 13701 13059 10260 12743 12744
3002,3553 954 211 5368 6357 5894 6672 4555 927 958
3003,13250 13249 11775 12887 9451 3490 1524 12299 5928 3420
3004,13254 13252 13255 7262 13253 13251 9395 4551 14178 15131
3005,7825 10086 12068 5324 12963 13822 12173 12647 13738 9032
3006,6363 1704 7217 1429 1774 1321 15041 1320 6362 1778
3007,7859 9566 12480 7854 7857 7853 7851 7858 7861 11028
3008,13258 10413 1225 13797 2658 13607 12891 6777 10553 8170
3009,10496 85 4284 10495 9986 9579 10493 4011 8309 1102
3010,11052 3463 3464 13259 13260 1166 15035 13731 1525 13672
3011,4350 9349 512 3766 10617 7905 13261 1081 10973 5257
3012,2529 2522 7732 2565 7762 2511 1918 2549 2528 12515
3013,3642 6972 7304 625 13262 4234 11169 8604 11072 10660
3014,3942 10240 4788 10594 5706 2838 1078 13264 6018 6191
3015,7169 7314 9996 9998 1265 13266 13265 7171 13267 12281
3016,7717 5719 11659 764 773 10922 624 4441 10702 11300
3017,11652 9082 241 5411 14963 14962 12102 3006 13595 14017
3018,3410 5549 4008 11474 14623 8292 12028 13759 3412 12296
3019,4127 9849 7631 4129 10165 4125 15245 1092 6176 9954
3020,4688 4132 2869 4687 9753 8166 13270 9757 4135 11349
3021,2741 13271 13628 6001 12426 13574 2742 6000 13038 13327
3022,3356 3316 3349 13273 3302 11115 2484 4898 3301 10146
3023,3630 1414 619 7409 683 10898 10347 2427 3625 3628
3024,10798 13276 13277 2681 10934 1132 7467 6786 7738 11632
3025,13280 13279 12519 11248 12527 13278 9823 10253 12926 14065
3026,7014 7015 9412 3486 13282 9406 9307 7013 9419 9416
3027,3845 9644 9745 5863 9755 9748 9747 4140 9643 9639
3028,529 7236 12329 13299 13297 13296 13298 13289 13292 13291
3029,13283 15276 5944 5945 5946 5947 5943 5957 5950 5948
3030,5880 13284 10773 11615 11618 11617 11616 5878 7883 12960
3031,92 80 94 76 12437 77 15064 57 50 60
3032,2369 2371 7404 2869 5846 1357 4606 2375 11348 6551
3033,13286 11405 4135 577 10821 12159 11402 11403 14136 14512
3034,7745 3671 3421 7625 10119 1932 11085 3426 2060 12228
3035,911 2411 781 864 13287 9046 486 4870 11086 6210
3036,2010 642 11022 2011 13684 14681 13681 9407 6110 13954
3037,1438 1775 4280 1317 4943 10987 3442 1724 5667 1828
3038,13295 13293 13292 13302 13303 13291 13300 13299 13296 13289
3039,3565 8212 3011 10900 13306 12480 3563 3567 13586 9814
3040,13307 13 12 11631 9759 14684 8095 12978 14683 13210
3041,8621 9340 11917 8618 9317 4263 11915 8974 4302 4185
3042,11722 2957 9639 1009 8504 7553 13308 11721 12913 2891
3043,5191 9899 9925 69 3159 2516 10018 4038 9909 9916
3044,155 10373 10372 5679 156 10371 10370 153 4396 5004
3045,8056 12573 5203 3973 7566 491 6650 6390 6428 12516
3046,13311 13309 10879 25 13310 5943 5944 5945 5946 5941
3047,11556 5754 8870 8728 10411 11561 8528 151 152 7685
3048,6130 3400 5365 6725 8517 6714 13410 12584 6717 7783
3049,13315 12820 13314 10880 14805 11555 8362 12821 12905 12854
3050,5229 2067 287 5232 5230 5227 5231 1740 14127 5228
3051,71 3404 2067 3405 9337 13317 11821 13318 158 10974
3052,5186 2652 12667 1381 2959 5786 7246 7000 12516 3403
3053,12654 4839 10881 4281 11410 4835 139 538 4834 526
3054,13321 5935 4791 11111 13320 8869 13319 11822 5924 5930
3055,2814 12743 12671 4514 2815 1535 13672 3465 2819 12672
3056,6350 13325 2820 14802 13339 14124 13659 8831 4356 9761
3057,7396 2364 1532 12426 2745 13326 4330 13005 2820 13334
3058,2744 2742 12747 2948 13331 7686 12746 4515 13356 1165
3059,6993 13234 11897 13328 1532 8810 12006 8402 13200 6992
3060,555 10732 2959 5732 2042 3392 3399 3394 3391 3401
3061,13006 13331 2744 8904 1325 13335 12504 13334 11754 4330
3062,13233 2742 2741 10207 12786 13423 14879 1165 13202 12007
3063,13338 13340 7686 937 13339 6708 2304 312 4515 5998
3064,7686 11913 5998 2508 2744 13339 13340 13338 13960 2614
3065,2959 7249 7229 2962 12667 555 5806 15031 3839 5816
3066,7824 10528 8300 14043 1955 11097 11256 6790 11171 8213
3067,12070 12426 12744 14803 11111 13854 6941 6990 2820 4791
3068,408 4515 15096 11822 14877 2824 13635 10733 11897 2364
3069,12816 2614 1323 12114 1342 12815 13330 405 3465 12120
3070,8761 12842 13343 15038 7908 7333 9073 5571 9075 8489
3071,404 13344 9791 10680 11122 10208 1166 9784 13329 2820
3072,13200 1167 12007 1168 2820 13345 12006 8904 13202 11881
3073,12008 13005 13346 1535 11524 13348 13347 11051 405 1166
3074,13350 583 1054 10280 2489 2133 11972 2722 8863 8778
3075,9767 7807 2614 2742 9768 9766 9765 9764 13352 867
3076,9784 1532 1323 8904 405 11112 2820 14806 3465 404
3077,13354 9784 432 13959 9793 404 8830 9791 8727 13187
3078,11392 13200 10732 8336 11393 1530 8314 1330 12743 1576
3079,8726 13355 8729 8728 8727 14785 405 3465 14114 5516
3080,6282 1165 12027 7393 6292 6291 6283 6272 15038 6289
3081,8528 1671 12380 13356 13357 11788 7693 6723 7791 5754
3082,2820 405 12426 1166 2742 1535 12747 3465 1165 13187
3083,5929 5935 8534 5936 5924 5930 5933 5940 5926 5925
3084,13358 5713 7939 9682 14116 6187 3952 6249 6188 14115
3085,2314 9465 11965 4591 1475 13318 11330 9462 9461 3322
3086,11714 9079 1996 11715 11716 1536 13721 1635 8213 13822
3087,7095 7215 7099 10995 7098 7097 10749 10987 11326 10748
3088,13363 13362 993 12384 9946 2136 9158 1965 991 1289
3089,2379 11347 9853 12731 2375 2372 6557 13702 12728 5533
3090,13365 13366 6780 1852 6781 1665 14743 3017 6776 10813
3091,6376 3525 5427 12180 1020 12187 6568 4857 13367 11039
3092,10443 10444 6094 2850 10442 13368 5199 7888 5650 5920
3093,7702 9552 13369 11612 11614 11613 7701 5754 12583 12581
3094,4402 9750 1154 3415 10936 6734 9754 4387 6741 10858
3095,149 873 10616 258 4385 13371 13372 5371 13370 13373
3096,13375 13376 13374 8989 1718 13131 3484 4569 9210 9208
3097,3847 7328 709 4796 11642 5478 13378 12965 13359 11603
3098,5367 4136 10953 7055 9751 8165 7058 4135 7068 12731
3099,96 2555 10357 4471 13379 4256 5959 655 3122 2152
3100,10892 2137 11212 13757 3593 12694 14118 11692 13758 7254
3101,3388 11145 6305 3939 5888 11300 8769 2468 1189 4101
3102,3415 8468 1826 6734 5874 9549 9750 9540 7061 7060
3103,1011 4039 13380 10854 10856 5535 1135 2880 7819 11385
3104,12645 9348 12183 6818 8101 13382 12675 13381 12289 12293
3105,9996 12194 12437 9998 1265 9824 14093 7725 13265 13842
3106,1114 12561 9699 2048 10717 9539 7568 1659 7527 11274
3107,7949 9226 7895 13386 6494 13387 13385 1666 13360 10610
3108,5450 1826 11350 11348 3842 4609 11351 14218 1358 4414
3109,13388 11914 3063 14839 14686 14841 11126 7579 14840 4153
3110,5634 1128 12617 664 5636 11363 4983 10243 8416 12104
3111,12769 7988 2335 12768 12767 9672 12403 2343 2344 1692
3112,13094 13389 8785 12490 11336 13225 13098 13091 13090 13093
3113,5972 2186 2490 2559 4383 9685 7346 5974 4226 11140
3114,2342 6371 3941 6372 3154 2330 2467 6722 6370 2347
3115,12170 13126 9822 2208 14627 14630 14629 3787 8440 13127
3116,13394 13393 13359 13378 6354 10518 11228 10188 4545 7576
3117,10 9145 551 9146 5924 5930 8711 5936 8961 3939
3118,13397 11766 13045 11984 13396 11967 11983 11846 12038 6936
3119,13398 10647 10403 6663 6657 3656 6656 6666 6653 6665
3120,1011 4387 12802 4140 6741 674 12894 14761 9745 14760
3121,4787 10050 4973 13903 4784 10438 10047 11748 10046 11326
3122,1721 7554 8152 2874 8982 12932 2875 4691 6805 4599
3123,13030 5944 5945 5946 5947 5943 5949 15276 5951 5948
3124,3897 3892 8344 8486 13399 6942 3907 5554 3896 12856
3125,725 2097 2102 1083 5594 10555 1807 12267 13401 584
3126,7187 4725 6377 10487 7212 2217 10691 12812 2785 29
3127,4230 6441 2913 12168 1582 1042 11081 9888 3338 12862
3128,13405 7826 13396 3427 5743 12155 13404 13068 13034 13403
3129,3639 13407 1872 13408 10316 3628 3933 3625 9889 109
3130,10680 13409 4447 14195 13344 14196 14194 10678 10208 13329
3131,13009 13010 13011 13316 13410 12903 13008 12584 9015 6714
3132,4803 3113 2013 10110 10103 861 2424 9940 6396 10109
3133,549 13412 13411 10915 2513 11008 3608 9464 2026 5099
3134,13041 12542 10321 3560 2704 8184 12061 11302 1735 11138
3135,2371 6360 2375 6825 4606 1779 1322 348 1778 9192
3136,5486 7455 4495 10972 6421 5181 3921 6480 6492 6619
3137,9405 11958 2261 10155 6892 1813 11577 11957 6903 5611
3138,328 9801 12583 10704 856 6474 7991 327 303 313
3139,11837 10855 11838 5271 9679 9550 10654 4492 2945 3621
3140,8068 7299 4192 8944 8190 4773 3382 9993 308 2700
3141,13360 8644 7513 7401 11602 12029 11153 2295 10634 7253
3142,13420 11911 617 4550 13418 13417 13416 12567 7866 13419
3143,3083 3415 9853 4598 5874 4687 10748 7058 7060 7061
3144,6941 405 2817 11111 11123 13200 12070 6866 2820 3438
3145,1532 7393 13323 8312 11112 15038 12027 9784 7395 14405
3146,2631 9932 7865 12189 11976 3726 1024 4804 11834 5187
3147,5687 982 7336 12585 8302 7100 10589 6123 10899 5447
3148,10053 10564 798 10375 1087 15066 11125 9777 9009 15067
3149,7426 1719 2892 11724 4138 12929 7057 2373 7067 6707
3150,3019 11405 13424 3018 12995 3240 108 3243 5307 9480
3151,6739 12561 8253 12794 12795 12796 12798 12799 12801 11530
3152,10731 13425 952 14154 936 4044 15058 13856 13008 14021
3153,1166 404 3464 1535 2820 9784 405 12426 1165 9791
3154,6301 13313 3239 3234 3237 1371 4887 1369 4898 3325
3155,4035 13426 4037 10073 10071 14745 13982 10817 8645 2880
3156,12992 4642 4643 5565 8393 13222 8635 13812 4644 13427
3157,7333 177 8904 7334 3892 5571 4356 9761 8761 8486
3158,10431 11190 11208 10243 13114 13066 12226 6755 13067 10082
3159,9926 311 7371 7730 6907 9028 5574 9457 392 9901
3160,3778 6724 9238 13428 7236 5570 3783 3780 3776 6709
3161,4997 13429 6654 7772 13903 7777 9764 14473 7771 7775
3162,9836 5374 9372 5175 13431 5793 13430 11368 482 5514
3163,7833 8795 3587 1935 4317 1113 7925 1837 449 10055
3164,2805 8075 13432 14772 14773 14665 13433 1742 12274 12182
3165,11607 13379 125 3298 3765 11944 7564 294 1077 2798
3166,10837 2322 12510 8505 1430 10838 99 9147 2929 13435
3167,5815 3103 11183 6254 4742 4091 13437 2227 7185 7090
3168,7622 8444 4769 10432 4862 8467 8953 6440 5081 8449
3169,8796 10025 4914 12188 552 3750 11924 62 6190 8797
3170,13438 5580 618 15105 13108 2147 252 15159 6968 6034
3171,13439 13440 13850 13693 14884 14882 6355 14883 14401 14368
3172,9690 3507 2779 7926 7679 9049 3902 9691 2774 5764
3173,2674 10359 3945 8061 8064 8062 7386 9790 12775 12773
3174,13442 13443 12370 2996 6807 13444 4139 7427 10198 7554
3175,6125 13447 13446 13449 13445 13448 9446 5262 5263 6091
3176,13450 1358 4624 1315 9549 14218 5533 2999 10994 5532
3177,5921 4706 4170 7895 4699 3070 6512 5903 6146 6515
3178,4819 8549 1970 3493 3441 3151 3440 3438 6959 5768
3179,1634 8629 13451 13800 13801 13802 10079 13803 10605 8628
3180,2742 2815 2614 2814 13453 2820 3465 1166 1165 13452
3181,1008 1006 1001 1000 1012 12915 1010 10590 12378 3688
3182,506 7776 7152 13454 1086 1573 1943 11860 11861 7772
3183,1106 13410 3974 7249 1747 12584 13455 6714 3400 7783
3184,4338 2979 13459 2731 3522 13458 11547 13457 13456 6622
3185,13463 13462 9572 13064 13461 4909 11095 13063 8899 6279
3186,13469 13471 13467 13465 13468 13466 13470 7892 8033 10635
3187,488 3097 163 3225 96 6017 1646 829 452 655
3188,13475 13478 13472 13473 13474 13477 13476 5946 5948 5945
3189,13479 13418 7946 21 626 1586 12175 6647 7942 12174
3190,2741 8729 5430 8726 8728 2742 13423 12425 8727 8827
3191,4759 611 4228 868 1418 2271 4262 4762 3711 3016
3192,4516 2304 4515 3464 6075 13338 13340 7686 1166 15095
3193,13480 5471 6086 13481 5476 5469 13903 5470 9764 5484
3194,11916 8480 13482 12510 12130 11915 14553 2564 10612 10458
3195,11739 2026 5281 12995 2146 2554 2562 2571 2509 7732
3196,12585 8302 13484 982 12108 4061 13483 7100 7217 5673
3197,13084 11380 13486 12403 12539 646 11545 12538 4299 11789
3198,510 512 1449 658 838 10165 13487 5186 778 5520
3199,11032 11031 5104 11033 4174 11034 7943 5872 1785 12352
3200,10894 5385 1123 8298 12470 4795 7341 12565 7741 1521
3201,13506 13510 13509 13502 13507 13497 13505 13503 13489 13508
3202,7020 5937 42 6313 2560 13512 13516 13515 4634 9135
3203,1169 10064 707 7103 7105 8203 14322 6163 5978 4360
3204,11072 6114 5742 8309 12000 646 12539 11998 12563 7823
3205,11974 13518 11560 11676 11971 8954 4911 11388 5410 11389
3206,7990 13179 7938 2652 3665 7292 4939 8384 8380 8279
3207,10554 9080 7096 7215 2317 8277 11922 1771 10996 10993
3208,13520 7226 13521 8421 5784 7699 10249 8414 7228 3801
3209,10905 4588 5195 13522 3905 13523 13169 13525 13526 6675
3210,10199 10899 7427 7818 7554 5447 10198 11348 10748 10088
3211,9079 13257 8215 8825 945 6824 13527 1536 8213 7444
3212,12727 9554 8158 12732 7081 12728 11381 12733 12739 12239
3213,2876 3843 4416 7554 11797 5662 11801 1826 3844 6811
3214,6285 9649 1953 13529 6818 13367 12265 6291 6272 6283
3215,11116 13530 7660 11689 10929 10331 7864 3866 11113 11114
3216,13001 13427 11854 13531 5329 13532 1958 13432 1885 9110
3217,12448 13533 12049 11162 5973 2942 459 9689 6370 11262
3218,11347 9853 5845 4599 1315 2379 7215 2375 11349 2372
3219,2457 3945 476 418 435 7864 464 12758 12759 6833
3220,7469 3489 13107 1549 12547 7985 14176 9623 3490 9327
3221,8235 13536 6497 6496 5905 7641 8412 13534 5900 4171
3222,13176 5614 13537 2840 6231 14352 1360 12486 9659 14065
3223,1228 11603 13074 13080 10051 11600 11601 1221 1220 1224
3224,11610 11921 6346 644 13538 11922 10705 10253 9668 261
3225,2197 5012 217 3333 9208 12605 12604 9210 13807 41
3226,38 529 9667 13553 9488 9222 5816 8260 5806 13555
3227,2888 7065 2996 10816 10812 10811 7554 3668 11805 3667
3228,7560 7559 10977 4882 7558 4895 4903 7555 7557 4908
3229,13540 11749 13539 8905 405 1535 13332 1323 2745 14457
3230,3737 3736 11477 3734 3733 3725 1066 3741 1983 3724
3231,13044 13541 13545 13542 13543 13544 10557 583 1676 7085
3232,3057 3058 3059 3056 3054 3053 15001 3052 3051 15061
3233,8272 4603 4139 9889 6805 8982 5849 9626 7554 7365
3234,11160 4907 984 12562 3614 6681 1745 7150 10045 13546
3235,5843 9645 1008 1777 3684 5847 5848 5840 12375 5841
3236,13549 11888 6393 5737 5492 13550 11021 11764 13548 10869
3237,13552 1658 12494 9678 2079 3871 4772 14000 10704 11011
3238,13555 13553 9488 1254 8922 13554 9253 9485 12773 3488
3239,1317 13556 4037 4687 3442 7366 12643 4688 14764 10911
3240,13022 2804 4653 11369 4650 4646 13021 4649 4652 4648
3241,11306 13559 13558 11315 14859 14638 14861 7328 14860 11314
3242,9264 12321 6621 366 1819 3839 7847 1251 3249 3691
3243,13181 10204 787 12034 4374 12447 13083 5336 10489 13560
3244,5872 2891 2371 5855 5870 5856 5861 4331 7076 5868
3245,8904 13562 5998 12425 10207 14324 1532 4330 13561 13331
3246,12507 12508 13047 12506 12503 11918 12505 11046 12510 12504
3247,9654 15276 5943 5944 5945 5946 5948 5942 5950 5947
3248,13564 2431 9442 11303 12424 13119 10156 409 131 9768
3249,4608 13565 10576 10574 10367 4136 5451 6737 1824 10578
3250,5710 13566 2169 6241 7136 7258 13968 7257 11558 11559
3251,3441 2711 6343 206 1424 3504 7679 5765 9151 3767
3252,6147 9469 7380 6156 6702 6149 1982 11017 3636 13645
3253,8237 7642 4673 13568 10326 8233 13567 5913 7641 8228
3254,9459 2960 1409 1639 3735 13569 3476 2556 11097 14914
3255,12426 13232 8334 405 13346 2820 1323 2822 1535 6001
3256,2012 466 243 7370 516 13570 1902 432 430 11736
3257,13058 5569 4438 13729 6583 7616 1553 13728 5571 518
3258,5191 9899 9925 69 4284 3159 2516 4038 9909 3461
3259,13571 2013 7718 2921 11779 8839 2919 15023 4803 14847
3260,3094 13572 2869 12080 13985 13075 13060 12072 12839 6557
3261,1151 13573 6738 1155 1152 11103 11100 11640 1142 1154
3262,544 12236 8606 542 10400 5467 540 545 539 758
3263,10130 3400 8111 10129 8713 10128 10131 5206 7685 10127
3264,12169 9903 4634 10293 10888 12170 1481 10458 11916 11069
3265,7226 7551 9241 7266 7228 8414 10249 2250 12127 6567
3266,2820 1535 12426 405 1166 1323 12747 2742 2822 13187
3267,7080 1987 3413 9195 11691 13984 1013 10818 11624 8328
3268,7016 10953 7057 12731 8478 4287 8476 7015 4605 11892
3269,10754 5673 10752 1007 2891 6552 10750 11120 3667 1009
3270,8497 12552 11610 2393 5255 8498 13268 12555 5428 1249
3271,2291 12797 1079 1737 1071 9051 1804 7341 9570 8445
3272,11119 6542 9664 11118 3079 3693 7222 8151 9754 8160
3273,2741 2614 5998 2742 3465 2820 12425 1529 13672 12426
3274,13581 13579 1105 13580 13582 13583 11297 3103 11332 1690
3275,1882 13002 3481 5328 9074 3482 5326 11942 5327 8698
3276,12817 13584 7986 5639 11219 12818 9945 1342 2616 12748
3277,13586 11246 11247 3565 11210 11245 11687 3567 14025 7722
3278,8300 5482 7956 10570 775 4252 877 3681 5476 5469
3279,13587 14826 14827 14713 14553 13940 15270 14555 7392 4758
3280,3529 2063 1035 7646 4263 9317 1848 3751 3527 4146
3281,10170 8035 455 4178 3979 7473 5058 729 9502 9336
3282,5191 757 2497 2234 2026 9899 4846 2516 2514 69
3283,891 12873 4026 8856 4022 8519 12591 10032 4798 8398
3284,1354 4402 4403 3083 10461 1355 2370 5672 1357 12932
3285,13592 13591 12907 10031 11270 9936 13593 10092 7334 4783
3286,1863 1011 2869 7215 11805 4625 1141 1135 8847 11806
3287,10092 11270 13593 9936 13591 7334 3910 421 3393 7043
3288,9261 8223 10451 2780 11010 1819 7837 2715 5061 2246
3289,6364 10989 4413 7218 2875 12644 12643 12731 12728 10996
3290,91 15184 7122 94 12054 14612 80 14865 14166 7118
3291,12462 12102 13595 4777 5790 10385 13594 6701 10386 7198
3292,3990 13143 5397 11670 11935 11669 11905 7053 3992 3989
3293,13600 13599 13598 13596 7610 13061 13597 7876 7631 13698
3294,4355 13554 873 4354 12204 6391 5773 1199 4856 7869
3295,12429 8577 873 1785 686 4025 1902 10135 10440 422
3296,1588 13602 3718 13827 4294 14643 14642 13739 14644 4287
3297,7217 12936 5854 10807 1773 15041 1704 1774 5688 3443
3298,138 3328 3826 3288 123 3324 3281 3349 119 125
3299,1503 7390 13603 9062 5360 4418 9255 4 1105 3454
3300,2815 1535 1166 2742 12747 2818 2814 2820 405 15010
3301,6132 3142 9990 7823 11998 11999 12000 11995 3933 3154
3302,12136 11590 7846 12137 8228 8118 10148 8119 8842 10151
3303,13604 8431 1614 4780 5490 10297 6054 8070 8440 8433
3304,11335 11331 11338 7672 7097 11327 5616 6243 3604 11326
3305,7420 5173 2057 8654 3258 7724 6026 6374 4209 9388
3306,7380 13607 13606 2291 1349 9591 7375 8010 8008 7376
3307,176 1450 11727 794 3222 10452 1452 10454 2448 9262
3308,2628 4315 2630 2629 15240 9553 10498 11001 6311 3694
3309,4339 7183 5914 11967 14499 5797 5796 3137 5799 5800
3310,822 489 2942 66 5830 4521 11262 826 785 825
3311,2375 2371 2014 11347 1357 4606 4060 2379 1779 1320
3312,8085 13608 13609 3716 8698 11425 10860 13001 12999 11688
3313,5848 9626 395 6736 396 12374 10575 4139 9643 5847
3314,6181 6171 908 13391 2400 11773 11912 4371 11228 6180
3315,203 4790 7247 10984 3127 199 12780 5733 205 12099
3316,13612 13613 8278 13614 13611 12172 6722 8279 8488 11470
3317,13052 1779 13708 3500 14053 9192 1320 6362 4060 11627
3318,2037 2038 4342 150 11813 2039 5771 9545 12921 3337
3319,676 5789 9050 3948 8067 2068 3879 11486 587 8872
3320,9042 2130 10362 9038 5085 12012 10835 6201 12014 12013
3321,13615 9212 13279 2830 13616 7214 13534 10924 14613 9210
3322,13618 1805 11809 4756 2305 2152 1444 3752 1270 11810
3323,13619 13589 10724 6274 12558 10722 14818 14817 14815 9776
3324,8489 2797 9079 5571 8486 5554 6940 8488 7333 7334
3325,4910 5829 88 4640 5388 5393 8246 5821 13274 4898
3326,10918 13256 13620 6286 13527 6754 13922 13921 14684 11024
3327,2534 12296 1855 2524 7516 13884 2530 2552 2481 2512
3328,2016 5686 3084 6847 3085 4632 5688 12731 12736 12737
3329,13622 2820 13623 13624 12747 12426 1166 2815 1535 1330
3330,3709 6645 4216 5981 7418 10602 6635 770 3696 12175
3331,2820 2742 1532 13235 12426 1166 3465 1165 2614 405
3332,3277 1656 5155 437 3281 6112 3324 6108 3342 3305
3333,970 1684 7385 978 965 921 4784 958 927 1458
3334,8816 5303 7428 15229 9700 10601 14418 6031 6691 7257
3335,8291 8788 1177 4457 8279 11527 4896 8294 7880 6613
3336,11948 8860 13627 7755 11947 3838 14465 14168 5369 7993
3337,1532 13357 2820 13629 937 13323 13628 1740 2742 14802
3338,1804 13630 1892 6749 13906 9098 2672 3466 3908 8973
3339,2995 11816 2888 1011 7081 12732 12729 12737 12731 12727
3340,8164 10992 5367 4605 4133 10945 10950 10944 10946 10957
3341,9829 13631 6068 11472 4124 9828 12158 1040 13634 8613
3342,6511 9652 4633 13632 7879 8124 5711 4171 1938 6699
3343,2374 2375 1354 2371 2370 10854 10856 2372 7064 7062
3344,11006 9086 2729 11875 6763 2723 2900 6071 4369 5255
3345,8116 9809 6168 7948 1665 8120 12223 11605 11604 10468
3346,11851 12642 7784 3083 6321 2886 12733 12643 3084 13621
3347,4388 9829 1040 11779 11472 13634 12158 9495 13028 4394
3348,11372 8649 7754 7401 8210 8652 4252 3700 9529 8648
3349,10630 13209 7077 5845 5846 10997 10993 10999 6804 12915
3350,6571 13635 8808 5344 12501 14877 12505 15210 14328 8806
3351,13636 5884 268 2166 13637 6236 788 4788 7535 7537
3352,7539 6483 11408 7540 11407 7535 7537 7534 808 7532
3353,6185 4068 9225 7629 10729 4531 6180 11649 1837 9842
3354,11964 1767 13639 4388 10970 13638 12131 10269 1175 1786
3355,6161 6499 9856 13640 2983 6167 6188 6249 13840 6480
3356,990 11131 7630 13370 703 956 11756 1023 15036 10059
3357,5288 13641 13642 14411 9986 4582 9987 15141 13551 3919
3358,13251 12930 2984 13645 13255 1795 10000 9395 4702 13644
3359,7407 3661 10558 8078 7405 7406 5657 2594 4563 2421
3360,1355 10366 1354 1357 10365 2376 2378 4141 9235 1829
3361,7893 2848 7899 5111 9229 3997 7887 13460 7892 13170
3362,5531 11347 12739 5534 7081 12732 12912 5532 5530 10854
3363,10206 2742 10207 14806 4330 12032 14879 12742 13623 8314
3364,13646 10981 2630 14067 7609 8740 5395 10983 9977 5431
3365,11710 11408 11407 2437 8605 10764 6849 10152 9589 4750
3366,3774 2869 13605 12334 7097 12894 674 9549 7092 11002
3367,8907 12198 13203 2741 2817 8827 13648 11753 13661 6994
3368,1392 3676 6876 9053 1313 11926 10734 11298 581 2215
3369,12733 3084 7064 3083 12732 7081 12731 12737 4687 12728
3370,13639 12131 1366 11310 6618 10970 13638 1767 3859 10867
3371,193 9929 1646 6012 13649 5058 12106 10291 10421 11223
3372,9337 5096 5137 3613 9024 5753 9339 9338 8897 9357
3373,10041 12500 8809 12505 13082 6571 13441 10733 8806 10734
3374,3464 1166 2820 1535 14712 405 11052 2815 12426 2742
3375,11105 13652 13653 11104 11103 12372 11100 11106 1114 3106
3376,13655 1555 9623 13068 13654 7648 3695 1556 12285 4174
3377,13076 1001 2870 12914 13075 4317 1727 5839 13237 13426
3378,13657 13656 7747 344 8384 8380 8379 351 15265 8388
3379,13658 13597 716 13598 13596 13599 13542 7610 13061 3877
3380,1826 3843 3844 2876 4416 4414 14105 5662 11797 11801
3381,13648 13203 1166 13327 13661 13659 2819 13660 2817 13186
3382,1776 13662 9629 8822 9754 6734 1888 1887 1723 1010
3383,13663 5943 5944 5945 5946 5942 5948 15276 5950 5947
3384,7090 13664 6814 8320 9878 10650 5433 1064 2245 4712
3385,10857 3688 2869 13665 3074 3083 10855 10856 10854 10193
3386,8055 7085 13666 9393 8021 1120 10116 8054 9290 9291
3387,5890 13025 13667 14482 13026 6196 2900 12421 8565 9588
3388,6600 279 5997 13668 3672 6602 2167 6601 14959 11237
3389,4361 13654 13669 1336 4362 12217 4733 4734 4737 12214
3390,4136 6737 8158 4608 11777 8165 7055 10367 10368 10578
3391,1323 12426 3464 1168 1166 405 2820 13330 2822 13187
3392,926 9125 4048 13673 925 8327 965 8333 927 958
3393,7671 9315 9204 10332 14322 7670 12515 1587 9304 9298
3394,12096 2426 10015 2157 2314 10016 10147 2427 2432 2419
3395,13675 13674 12872 12102 13595 13594 10385 6083 7198 10668
3396,9805 6622 11227 6623 12566 6253 6349 2438 13893 6944
3397,13676 13677 7552 12730 9171 6858 8553 3543 7062 227
3398,11152 11021 13547 11765 13678 13679 3265 13549 11764 11763
3399,10070 10067 12660 12073 10068 10074 9437 12661 12662 12664
3400,13682 13684 9084 13683 11022 9407 13681 13680 3483 14681
3401,1320 1319 2375 6362 6361 6363 1779 1778 4060 9192
3402,13688 13689 13687 13686 12827 6841 12235 13034 10969 13692
3403,3763 3961 6886 13695 13694 5818 6235 5613 10256 3757
3404,6058 13696 8021 11358 7529 13715 11983 11708 7711 12326
3405,2924 3655 5130 5469 5470 5476 9338 9357 7142 8897
3406,13698 13377 12890 12891 13600 10226 13704 3424 9568 2260
3407,13699 11194 2834 2248 11473 4128 7877 10662 113 2107
3408,10734 12884 8809 10733 13082 11926 1313 8806 11298 13413
3409,10734 13082 13413 1880 8809 12884 11926 12505 10733 1313
3410,2891 1354 6361 1355 7076 1829 2370 1003 1357 2371
3411,1535 5998 1475 1529 405 2742 1166 12426 2820 13540
3412,13248 10525 13701 15010 12745 13671 14336 13672 10523 13575
3413,10981 5431 5395 8740 13646 7609 12101 9977 5943 10983
3414,5846 10627 4743 8542 10990 10996 8982 10994 10630 10628
3415,13703 13620 10429 15133 13256 10428 9798 14679 11128 14795
3416,6733 3415 8822 6734 12920 12919 9754 6735 6740 1825
3417,10556 2888 12734 11923 11922 11851 12642 11921 12644 11925
3418,12044 4998 1609 13571 5410 3743 1518 1597 1599 1598
3419,1662 13704 10226 450 2438 6349 12250 3424 1664 12890
3420,2741 2742 12425 8827 2744 2814 1165 12426 12746 13561
3421,12861 13230 9327 13706 9510 9326 9325 9714 10002 7985
3422,10499 1481 8853 13199 1489 2916 7695 10132 14107 1487
3423,3694 1001 12349 6552 4600 11001 11892 11351 4692 12644
3424,6059 10624 6060 7540 7255 7815 3650 13141 7539 808
3425,2741 12425 13248 12426 15010 13672 8827 2742 13561 10525
3426,261 13709 1524 4381 11774 4549 13035 1560 10705 13641
3427,169 8667 3097 2950 4322 10744 4559 3977 9483 1865
3428,13711 12332 4037 13482 14359 11598 13981 13426 11111 4317
3429,3667 3074 3416 10754 11778 2869 3688 3666 7065 9535
3430,8318 7481 8647 12925 7878 12718 7472 14135 12923 8532
3431,11624 13712 7427 12377 8152 4607 13713 8850 12348 9624
3432,6626 11943 10343 13714 8003 6289 11793 6631 6630 6274
3433,2614 12746 1532 2820 2742 3465 14079 2822 12747 13672
3434,12737 12736 6364 2889 3082 4626 12732 7081 3081 3080
3435,6883 7172 8032 13715 12923 12693 15131 8207 13979 12925
3436,13231 274 13716 15162 15161 4306 568 723 8204 8206
3437,286 12621 12327 10572 589 14121 10571 5398 11904 291
3438,6310 9320 9321 12805 3676 140 10078 6308 6307 3806
3439,12426 404 2814 2741 2815 2820 1166 1535 2742 6001
3440,13116 11312 12482 13719 13718 14176 11314 13610 14725 13107
3441,12905 12906 12903 11286 9517 12904 13315 7986 5189 5430
3442,10390 7006 10641 7346 10391 837 9215 7431 2490 12604
3443,13720 2087 13721 4892 11543 13822 13383 14788 13915 11040
3444,4203 4245 13722 4238 11953 4248 4258 4240 4251 3226
3445,6809 1726 10097 5450 6462 9853 9193 11989 4420 7656
3446,9954 3142 9468 5958 2262 5541 5957 9497 6296 10597
3447,7519 2124 4969 2489 13724 41 9917 2554 1496 2120
3448,1560 11344 5743 12693 12931 11771 10320 13725 12207 9127
3449,12742 404 13623 14806 2742 3465 2815 12032 407 12745
3450,13729 13728 5405 5569 10277 731 8058 5406 5404 5403
3451,11897 13730 1533 14802 13328 11898 11822 8810 13234 10733
3452,10195 4731 3814 13732 5886 9840 4733 4734 4737 14119
3453,12007 1167 12006 1168 13200 8827 11881 11109 8109 11267
3454,2820 8526 1166 13734 12426 3464 3465 2742 1535 405
3455,9409 11186 9410 13736 2009 13685 13737 3483 9418 9416
3456,1136 1145 1146 9537 10751 7099 1144 11351 12378 1725
3457,13738 12646 12647 9032 12844 13269 4639 2899 1894 7825
3458,6361 9237 2371 2370 4060 2375 1778 10698 1320 1779
3459,12959 10756 12953 12952 12951 12956 12954 12958 12955 13732
3460,8780 6371 13037 7442 8964 6722 13740 13612 7347 6940
3461,10841 8585 2218 793 476 3614 2043 2825 2236 5148
3462,10481 15139 15140 8882 10287 2626 15137 15135 15142 15143
3463,5845 1859 2375 2379 1860 11347 2371 10630 10999 2372
3464,10445 2717 604 5865 6145 8917 5892 4338 8138 12937
3465,8259 4383 7627 8778 2437 5256 8497 8257 8256 8251
3466,13453 1166 12007 2820 2815 13421 3464 13717 13452 2742
3467,10307 8046 10302 7680 10297 10306 9370 10304 9169 595
3468,3644 13261 40 12306 12307 12305 7212 3360 1096 10617
3469,5848 4139 9626 395 9755 5847 5840 10575 396 12374
3470,13742 10103 13934 13719 1897 13941 4803 10110 5492 12038
3471,6321 3082 2889 11536 10992 1314 4617 12737 12732 7081
3472,13746 13745 13747 13748 13749 13750 13751 13744 13743 5937
3473,10274 3733 7160 2540 7566 13313 5834 2576 9037 525
3474,8398 13754 12724 3580 6482 10331 794 13755 7354 10613
3475,9574 5116 8215 8252 2018 6138 9571 9568 7557 6137
3476,6623 5220 6528 10810 6387 13759 13757 2417 13758 13756
3477,1937 13763 12148 2894 9650 7745 13761 13762 8059 1934
3478,7785 7057 11890 10198 12241 12240 8161 8279 11889 7427
3479,6514 2861 9230 4169 9129 6401 2844 2854 13551 4337
3480,13766 10982 13253 12719 13600 13252 13255 15131 14115 12858
3481,12850 1381 326 13885 2572 307 321 303 327 313
3482,10122 7744 5713 10468 11604 11605 11853 13948 13947 12010
3483,12857 8504 13294 1383 32 8382 2130 10673 837 99
3484,8152 1776 11578 13573 3693 3072 8160 1721 8151 14438
3485,2436 2434 13768 10145 13120 13769 2435 2432 8229 2426
3486,231 13406 4667 13770 7722 11147 13950 10867 2994 229
3487,2374 7076 12874 2371 2370 7062 10856 10854 2375 11777
3488,13775 13772 13773 13774 1872 2295 13407 11525 12550 7814
3489,11759 6577 3534 3736 323 6220 4085 6046 9265 8798
3490,3491 13776 13777 13778 8115 13779 13610 10027 14725 13678
3491,11096 13780 8899 14780 13531 10873 14372 12094 2593 14515
3492,6129 13782 8462 9533 10059 15036 8174 8173 8169 8175
3493,1893 10869 6546 13709 2906 6498 12986 3088 14414 13732
3494,7216 2624 1777 11808 6810 13185 11569 11639 11102 11891
3495,7125 7132 11719 3022 7112 108 7116 9117 7117 12810
3496,10458 9820 2240 6831 5122 10261 7910 13783 10102 1304
3497,2061 10256 8396 364 2058 12051 11562 11561 3872 151
3498,11819 12771 550 8655 13784 2694 10639 6066 3807 9983
3499,11000 10627 12735 7077 10997 10630 11381 11923 10999 13785
3500,13791 13790 13786 13787 13788 13792 12738 13789 10997 5867
3501,13794 9583 13795 3187 13793 13550 1175 9205 2760 13941
3502,3862 7659 3864 10445 10982 7744 8121 8130 8132 6533
3503,2658 13797 13607 6777 13258 10553 8170 275 12622 10634
3504,239 3943 4286 2329 7861 247 1184 8401 986 5123
3505,13802 13800 13801 13803 10079 10605 11680 1634 7563 13812
3506,5409 11039 5556 11040 11042 12187 13402 11004 8585 11363
3507,13807 13805 3333 13806 13804 9208 2951 9306 14120 12689
3508,13812 13810 6793 12992 3010 10604 8393 13222 13811 13815
3509,13819 3896 3907 3897 12180 4356 3898 3900 9761 14200
3510,13820 5579 13821 13066 9576 448 4252 5578 6137 8105
3511,13185 12378 9752 6810 12731 11808 11891 6806 2872 12728
3512,12430 2210 4765 790 11551 3030 8852 7365 11064 3369
3513,412 11690 3857 7233 1523 1122 8021 4971 3428 1119
3514,11340 11325 7101 11326 11335 6234 11329 7484 11173 11341
3515,3877 13542 6849 13823 13541 13545 13044 3880 13597 4434
3516,3267 13824 5079 6698 9877 3268 12057 11476 10190 3266
3517,13825 2707 12669 14878 7767 3123 475 9216 9050 2962
3518,10991 6432 4598 7554 6446 11922 8982 10628 10989 12731
3519,611 10421 9929 12051 1291 2027 3213 10551 9909 11176
3520,5555 1733 2588 3701 2349 8668 4015 4325 14518 7308
3521,6560 2350 5838 667 7760 11291 3049 6566 6564 6558
3522,7122 13827 13826 7117 179 7775 6830 1509 9067 4472
3523,2742 404 405 1166 2820 13327 1165 1535 3465 12426
3524,10636 6472 6681 1486 7617 1652 7463 7618 599 7654
3525,5633 2037 4636 7561 5821 187 5215 3319 4991 5217
3526,13830 13829 11872 13828 10943 7941 1673 4755 11871 6074
3527,12201 1181 11920 5502 5348 8411 14514 13512 14149 9021
3528,1017 13831 5632 2246 9245 1035 1045 7193 3503 8876
3529,7727 2543 9164 742 10013 12106 9771 12100 9525 1420
3530,5515 13487 10126 13832 5516 5514 5183 5513 15163 8013
3531,13833 13835 13834 3669 6168 1615 9950 12354 6296 12793
3532,13836 9519 4875 9583 2598 22 14224 10249 4874 4999
3533,13837 2842 1933 1557 12680 7827 13778 13279 12926 13278
3534,5264 13563 10581 8005 8006 10580 2181 2657 5262 5265
3535,13840 1784 6499 11650 6097 7674 9941 13839 1786 7894
3536,9768 11908 7656 13564 7230 13842 13841 8030 7704 14533
3537,13843 13844 8016 1126 12947 5249 3428 14692 13861 13862
3538,13116 3858 13845 14176 8679 8684 8683 9371 8682 8681
3539,12774 2820 4515 12781 12778 12775 12773 12772 12771 12780
3540,13847 8778 3174 14707 14738 2410 12137 10559 14529 8325
3541,11718 3749 5047 1368 10459 14560 4907 9038 9040 12062
3542,13390 13337 3587 12797 14713 15057 13516 4822 7392 4816
3543,13617 13848 13278 14593 2978 13654 5695 11248 13887 14340
3544,6658 11366 6657 2282 6660 6666 6662 6656 6653 6665
3545,2959 10730 13850 2962 12667 555 3839 5816 5806 10616
3546,85 2466 11972 10889 4024 2551 2455 2536 7374 2543
3547,10988 5667 8166 1772 4132 12726 9758 9647 4688 4687
3548,2278 6087 11090 876 12019 6092 5598 6091 3514 6093
3549,2614 1323 4516 3465 2742 2820 13330 1532 405 5998
3550,5998 2742 2614 13339 10127 14007 10730 405 13925 14562
3551,1354 8163 1355 2369 2886 1357 2376 8155 8154 8149
3552,13705 3789 8256 4404 678 12219 11794 4580 2981 7890
3553,6870 7551 705 8401 466 5271 12127 250 9279 5611
3554,3275 12171 12615 9077 8902 3274 8284 8274 3347 4880
3555,10918 13527 5517 6063 8416 14789 12998 12104 9770 13399
3556,10217 5673 13852 12540 12539 2070 646 13925 5606 13364
3557,736 795 2933 828 833 735 781 9065 3226 754
3558,783 780 10884 9047 2232 11194 774 833 763 7970
3559,2869 2380 2379 2372 5533 2375 12609 12607 4612 11347
3560,4424 2760 4435 4433 4432 13794 13793 13795 14647 4429
3561,13854 1324 12070 8731 7249 14803 11111 6941 6990 13200
3562,602 603 13856 8432 7104 7250 7162 7585 10326 10183
3563,621 620 8230 1429 9714 6379 12040 5907 13706 4455
3564,13874 13859 13860 13861 13862 13863 13864 13857 13867 11464
3565,4594 4641 7559 6795 9559 9558 6797 5564 11209 9110
3566,9661 13204 8239 9807 7934 13393 13394 900 3878 6251
3567,1317 3043 8166 2560 3044 12850 8167 4863 12404 12630
3568,10716 1721 12334 5367 11640 11638 6244 2654 1155 4674
3569,2080 10650 6560 2543 2547 7911 10887 2507 8693 1070
3570,5541 846 5360 1104 11699 7087 9314 6028 7989 8351
3571,11211 8759 13877 12171 10789 5370 12617 9566 14798 8100
3572,4191 1836 5594 12192 13541 4248 15181 13044 13545 14896
3573,4696 6597 10809 1592 11468 1936 8965 2267 6117 4013
3574,10716 6181 6246 1513 2432 908 6244 6180 11638 11640
3575,13878 12756 11120 2887 5673 14225 12551 14236 14678 7449
3576,9892 716 13879 9894 9893 9895 10584 13597 9220 4576
3577,611 10893 11483 6016 11484 14621 12051 8303 3213 9781
3578,6257 6685 13882 2862 2654 5353 12263 13881 10914 13880
3579,4406 3183 3201 3135 3143 3168 305 8593 8600 2034
3580,9904 9282 1918 9097 9487 3865 9099 13436 2572 9918
3581,4480 231 11568 8144 7401 6506 1608 1492 299 13950
3582,9843 7409 7541 14174 9845 9844 6566 7522 13986 9847
3583,626 5709 4966 13479 5377 9365 8928 615 358 5372
3584,4407 1721 13573 1011 4132 5440 8152 10246 3693 1776
3585,7466 1896 6909 7455 15231 15232 12484 9238 1892 9960
3586,7516 13884 5082 3033 2534 9390 4925 4769 795 9227
3587,13885 12850 5267 11366 14131 14506 14488 14479 5266 14491
3588,9060 13886 3444 2072 4003 4408 1250 253 9059 11836
3589,8146 1205 319 649 3621 9488 13555 13553 307 321
3590,7292 13196 6778 5788 1115 12720 4544 11913 7938 7942
3591,12945 9893 9880 961 9966 11140 966 9879 661 4589
3592,11622 7259 9659 3823 9804 8035 8209 6945 10446 9127
3593,405 1168 13200 1167 12007 1323 14807 2820 12006 1535
3594,12637 12548 12151 1721 1136 12731 4037 12915 12728 12378
3595,13326 11880 1166 13670 13576 3464 13128 13650 14079 12747
3596,5529 12377 12736 5532 5530 3085 5534 5533 2881 1140
3597,10038 11314 2803 11312 11311 11309 11307 11308 10037 4379
3598,4025 578 8397 4350 179 13827 12484 10617 7905 13261
3599,755 3943 7705 12459 1176 4333 11603 833 7707 7706
3600,9227 9443 1513 14792 7430 13884 13369 15076 13808 13913
3601,1746 13888 6118 10334 5382 1938 8928 14275 13928 13929
3602,2741 2742 5998 405 2820 1165 2614 13327 2743 12426
3603,13890 2707 13891 925 1612 12175 6647 8333 1586 8342
3604,6622 13892 13893 14885 12566 6189 1664 6685 2979 13456
3605,13838 13895 12340 14366 13894 5521 12778 13893 14838 13215
3606,5544 9882 142 11751 9977 5091 1458 1190 11170 1685
3607,6670 13530 12864 10466 10465 11116 10463 13961 10467 9972
3608,10121 7688 13899 11019 12188 10119 14160 10117 10120 10118
3609,1354 1355 1357 5686 1356 4141 1829 4140 6741 2369
3610,9015 13900 13040 14783 13114 14077 14075 9280 14392 13039
3611,12948 1119 8021 284 13536 1122 1120 11772 1127 8410
3612,10088 12332 7215 11351 7094 11347 10072 14439 14438 12378
3613,6548 4357 7980 9838 8028 8786 3261 7967 6549 1327
3614,13902 9587 5945 5946 5947 5948 5944 15276 5951 5949
3615,13903 657 13429 5471 9764 4345 5584 5625 5335 1263
3616,13905 1222 4670 13998 9495 4358 7936 1302 710 1220
3617,13630 1985 13906 1804 1892 5522 8135 10044 8129 8117
3618,3470 1985 2928 9088 5522 3131 11036 9 11037 12051
3619,4698 13723 5365 4701 1699 4702 4704 4703 4697 4705
3620,7533 5114 7537 7535 7534 4442 7541 7542 14289 4585
3621,12547 7469 1862 12688 630 13808 3521 4541 3978 11867
3622,8164 7057 9751 1317 4605 3001 4133 4135 12643 10953
3623,7771 4126 5639 7772 7777 6585 7775 7459 7773 2118
3624,13103 13104 12521 13102 267 14182 265 11783 14837 12681
3625,8843 10764 11303 5265 8841 11690 11591 7522 14845 3813
3626,9880 9879 966 4589 12946 4086 12945 15052 2196 967
3627,6822 2067 1394 13000 6821 1418 3375 14518 853 6882
3628,1785 557 6214 11741 2314 2306 4282 481 3519 2312
3629,13735 5195 10359 10356 5176 10360 10358 13522 5361 509
3630,6942 3393 8226 380 5622 3391 12818 13908 12856 11871
3631,2741 3046 2742 12425 2814 8827 2744 1165 12426 13561
3632,3234 7330 4813 3239 4884 9493 4823 7326 3235 12185
3633,9971 10154 5879 10147 10146 10149 10145 7410 2426 10152
3634,1355 6360 2369 1357 1354 4141 1356 9851 10366 2376
3635,8376 13909 3485 146 9532 1865 1499 5455 6453 8667
3636,13384 575 2288 8472 8855 10046 8379 2272 8380 10047
3637,3043 10267 3468 3044 2560 297 13976 2270 5313 4634
3638,9509 12706 6306 7725 11198 11193 8138 3727 2220 12045
3639,5839 9647 8477 8159 10368 5841 5451 5840 10578 1824
3640,10994 10628 7098 7099 10989 10991 11382 10990 10993 10996
3641,11035 13753 7798 2135 12516 13373 10566 5752 11919 5750
3642,9236 10365 11321 12282 10366 13621 1011 9851 6315 3083
3643,13912 7124 15228 8377 3176 7431 11444 1589 3177 5826
3644,5447 10199 7427 10899 5687 2870 10198 10088 7094 7819
3645,9715 3358 4235 2697 5081 3355 3327 3528 5100 5117
3646,10100 13913 114 7122 12710 13135 10631 10430 1055 3111
3647,3201 12714 7394 3307 8553 3204 3207 4346 14274 750
3648,9076 9077 13915 8105 8090 5228 13914 13925 14021 13364
3649,4273 12557 12479 4272 11712 1176 4274 5282 7978 14724
3650,8909 6284 12904 8910 8908 8911 8912 8913 11693 8886
3651,7903 13916 3012 13528 13222 7907 7905 7756 14798 11211
3652,1003 2891 1009 7078 10854 10856 7065 10857 1005 3667
3653,6577 10859 1442 4500 3509 15113 6579 2774 5833 12467
3654,6352 8526 2741 11109 14599 14327 10208 10179 12426 2614
3655,11134 6173 5145 7174 7415 11133 7683 11131 11132 10573
3656,13918 5341 505 4244 5250 13543 2423 4406 4333 7174
3657,5632 7927 1952 2140 11242 8245 4936 13919 5270 6074
3658,11122 9784 13344 11121 10680 1532 3465 10208 2820 14324
3659,1660 4085 216 1993 10601 8201 126 14418 2952 15229
3660,9209 13913 12428 7509 13805 13920 7112 1026 9260 3333
3661,13922 13921 11024 10033 4794 2284 5881 1632 10896 5619
3662,12885 6725 10863 6717 6123 10589 6718 11288 13593 12886
3663,10097 1720 7101 1828 11056 10752 10096 10987 13911 11339
3664,370 6411 6296 377 7338 11117 13668 446 1094 371
3665,12814 10694 1129 13924 10677 5805 13923 14627 14630 3787
3666,13926 2824 14331 13575 8526 15096 10410 13353 408 1660
3667,9791 404 2614 1166 5193 13625 3465 2820 3464 12426
3668,4297 5058 2538 13927 679 8350 3177 2558 4868 5465
3669,6118 2986 5379 10361 4754 13928 13929 13930 1746 6487
3670,4605 4287 8164 4133 7016 859 4294 7015 4296 4289
3671,2742 2815 1166 3464 2820 1165 1535 13327 3465 405
3672,8338 8333 8332 8331 8330 8329 8327 8328 8342 8336
3673,8814 8813 4589 2442 966 4590 9879 8815 8812 9880
3674,8606 4879 10400 8952 3372 5586 758 5467 544 6367
3675,11755 12746 13932 2741 13931 2948 13356 11879 14079 11955
3676,4963 13933 9505 5561 7239 10529 3658 6495 4955 4964
3677,13934 1557 7662 10254 10103 2992 13719 1897 13941 2842
3678,7144 1866 4310 957 13078 5123 12809 12231 986 3764
3679,6156 6700 6153 6148 6149 6147 6154 6152 6151 6150
3680,1207 9286 11258 2139 847 896 7280 7508 11162 13851
3681,13891 8999 3019 15214 15215 15212 15211 11060 15213 10651
3682,1831 5544 1984 13935 7768 476 1686 8975 10516 6591
3683,8567 10968 3176 10566 951 11364 7373 4813 9024 1092
3684,8740 4487 5294 5395 7609 5943 380 9977 1728 11700
3685,2575 8792 2497 10290 153 12404 4293 5234 10538 2505
3686,13939 13133 13938 8985 12854 11785 15261 9691 14968 13290
3687,11551 6119 2342 4259 8618 11064 12430 2282 493 8852
3688,13327 2742 1323 1165 8727 405 3465 1166 2820 6000
3689,10373 12165 10372 155 10371 10370 156 13827 153 4396
3690,1803 4353 5956 8971 5724 5014 6695 11170 7414 1458
3691,10338 644 4808 10334 8933 10335 6639 2143 872 10336
3692,9836 8115 9650 8885 11642 8030 7747 11877 12061 10473
3693,7775 10061 4423 4924 7299 6576 2333 2735 7772 13827
3694,1345 4357 5589 8028 10474 11821 2328 3619 9429 2360
3695,13587 14826 14827 14713 14553 13940 15270 14555 7392 4758
3696,12809 13177 12577 13078 7144 12808 12442 12443 12444 12441
3697,13188 12271 11524 11112 11752 1533 12426 14328 13187 11418
3698,6397 2730 13046 11888 13941 13794 6393 13943 5201 10109
3699,8088 8238 13945 4654 9959 11716 13257 6101 5560 8094
3700,1975 7372 392 9907 3258 10055 9921 7758 9906 6888
3701,10131 11410 10128 12984 5650 8713 10130 10129 9894 498
3702,5248 1379 11889 10992 8443 10818 1380 13394 13393 10996
3703,10468 11604 11605 1114 6476 13692 907 4801 12010 13947
3704,10819 11099 8536 10812 10816 10811 12912 1725 1152 1710
3705,108 7123 3055 10651 2125 13952 7125 7132 13953 7117
3706,2705 4940 11574 13894 5666 12592 380 1098 12195 9492
3707,12666 381 2739 71 3043 10279 12918 12516 12667 6005
3708,13955 11857 4048 8514 3874 1023 12904 13956 6713 1346
3709,13957 2354 5112 15179 6281 14046 11635 5651 15022 2096
3710,8356 12716 4430 378 9790 13958 12158 2674 255 10112
3711,13959 5431 7229 5405 10208 14387 13354 362 9486 5429
3712,3465 404 13352 12742 2742 13327 2820 1166 2614 1165
3713,7107 8968 9682 14725 10027 13239 9827 12567 5353 12846
3714,7646 10008 10548 10009 5775 3611 11204 4792 8482 1021
3715,8114 13961 13191 14146 5714 6183 1700 14002 11649 14314
3716,13841 10490 14533 11908 4962 5355 14006 11453 13770 12285
3717,13962 9104 13392 10714 9103 5716 12460 10363 1109 11007
3718,9695 1942 13846 13845 2865 5605 3231 3541 3088 8966
3719,2741 1534 4516 13561 2742 2814 12301 6353 2614 1526
3720,834 7930 1758 1684 3181 5773 5414 5092 12167 832
3721,1357 4135 9646 4140 1355 5672 9851 4141 1354 14677
3722,3852 5639 10729 3849 7201 6939 953 11354 5511 4354
3723,3465 13482 2614 2820 2742 11121 13352 1166 13327 11122
3724,2817 2820 4515 10206 360 12747 2819 405 13203 2742
3725,13239 9827 7889 13767 6943 2430 12860 7107 11988 7935
3726,9625 7554 6553 1726 2371 10069 12731 7081 12732 12350
3727,12925 7878 8318 12038 12923 8532 14134 14135 13765 12177
3728,12286 8226 5363 6942 6750 13908 12856 12818 5368 10909
3729,13963 13967 13707 13964 13965 13966 6751 5948 5944 5946
3730,4450 8122 13968 8127 9808 11848 13566 8123 8114 10113
3731,13969 12417 8295 13975 12613 12408 12412 12411 12414 12413
3732,13970 13548 13972 13971 5964 13549 13547 10869 11763 14521
3733,8004 6835 12135 8006 8005 10581 8000 10580 6838 5340
3734,576 13695 13681 12048 5204 5358 11605 5356 10468 11604
3735,10780 13973 379 9496 2783 9476 1160 7501 543 4998
3736,12601 13969 2636 13974 13975 4909 12316 13383 14788 14784
3737,9476 2496 9496 10780 2546 9000 2554 3676 12995 2524
3738,13977 1951 11192 4888 10904 12770 13953 14430 14933 3037
3739,767 10654 12405 8142 67 11038 833 746 828 763
3740,8167 8166 4132 4688 4687 6809 3083 7819 4138 9753
3741,10069 9625 10068 12350 4403 10070 12348 10074 11910 10067
3742,13980 13978 13979 13123 6392 3265 13942 7343 10782 14420
3743,7218 5449 7215 11640 11638 12630 10989 1135 5448 5536
3744,7784 4624 12642 11851 3083 13621 5530 4620 5532 4623
3745,1354 1355 2888 1357 4141 1356 10811 10812 10816 4140
3746,3082 12243 13573 8152 11528 9643 13621 11571 13982 3080
3747,2871 12078 2875 2872 12079 2873 9645 4607 10575 14269
3748,8160 8151 8152 8157 8155 8149 8154 8156 11118 8162
3749,4416 3843 1826 5447 2876 10199 6811 5662 11801 11797
3750,12664 12663 12662 12661 12079 10067 12078 12660 12658 12659
3751,3415 1011 5863 7061 7060 6741 5874 9750 6734 1828
3752,7057 1719 4138 12929 7067 9851 2373 4687 4413 4134
3753,3094 4688 10098 4597 8164 9757 4132 4687 8269 4133
3754,3083 1146 13984 10814 1003 5844 13983 6554 13911 6556
3755,12075 12076 10899 7074 12080 12074 12071 12072 3415 9237
3756,13911 3074 3666 13985 2999 3688 7065 3667 5844 13983
3757,13981 5839 7065 2875 13982 4317 1727 13426 13237 6447
3758,12548 12332 9967 12729 12732 7081 2877 12912 9969 2885
3759,9965 4697 12965 9963 11117 13668 1094 5446 9964 15018
3760,9134 15068 10536 12995 15249 9132 3958 2585 13174 14597
3761,13986 10557 11896 1948 9659 8207 14174 8218 7522 13760
3762,13987 12343 13988 2280 7706 10051 14102 12344 12346 7695
3763,8999 7121 1368 11184 14670 14166 7116 13912 7325 3178
3764,13308 13989 13990 8111 13693 14882 6355 14884 5451 1824
3765,13757 13758 7355 13991 3593 7254 7543 10892 6398 13759
3766,1859 13992 12866 11776 1860 1141 11806 10913 12375 1863
3767,13994 15276 5944 5945 5946 5943 5956 5949 5947 5951
3768,2371 1721 11347 2375 8982 4606 11348 1357 1779 1322
3769,8882 4455 620 4852 10135 9714 12470 4795 10894 621
3770,4688 5686 4596 4132 4687 9753 9757 14438 14439 13702
3771,6513 628 6515 4697 4170 4665 1522 621 5913 8237
3772,9025 13515 9948 6100 13247 13997 6102 13996 13995 9949
3773,13998 4670 13905 12564 14623 14137 12296 13759 4065 7742
3774,4561 1896 9682 603 602 10147 4560 10151 7704 2432
3775,14001 9197 11734 133 4182 10982 9210 14182 8012 13537
3776,11956 13221 13464 12840 7173 13273 10157 9656 2412 8584
3777,14003 15276 5943 5944 5945 5942 5947 5956 5949 5946
3778,14004 4430 13606 12850 14909 14441 14908 13885 5643 5644
3779,2820 2742 4515 405 1165 1166 3465 12747 1535 7249
3780,8526 13932 11755 12746 13931 13734 2824 10898 3040 1533
3781,8906 5998 13235 13701 13622 3464 1330 2815 2614 3465
3782,14005 6126 5213 3559 5978 98 1300 9241 4023 2642
3783,8811 12764 9340 8805 8807 10876 10878 12534 12130 9773
3784,1896 4947 1046 33 1946 7892 11686 10769 13416 7261
3785,7254 2898 10105 5255 6397 11845 2274 2895 2730 2900
3786,1859 4139 11625 5848 1860 9626 11806 11805 395 5847
3787,12329 3578 12832 6837 9364 14665 14773 7293 12328 8712
3788,12962 6184 9179 10180 12961 11790 6776 6180 9667 6779
3789,13634 6167 4664 11605 11604 10468 6161 907 13947 11853
3790,5189 14007 12905 4038 1461 10127 5188 5192 5193 5190
3791,5673 11120 9220 12585 8302 12551 13878 14225 13483 12756
3792,6476 9804 9841 6226 13191 6253 907 5382 1094 14656
3793,12162 14008 11988 13239 3999 8234 14093 14206 2866 10269
3794,1702 14009 7083 14619 4784 14575 1703 1717 4786 1718
3795,8787 369 10224 4073 10783 10782 13754 12724 3580 1730
3796,4138 4039 673 7067 13380 1719 14745 10854 10856 4132
3797,5876 4134 6705 9192 2883 9194 2890 1779 9191 4063
3798,8093 3896 8089 8102 8094 8092 5560 3953 8087 352
3799,7978 13419 5447 4273 4596 11712 1094 8234 3999 10199
3800,13544 13459 13545 13044 13541 13543 13542 7085 10557 13225
3801,1948 14011 2175 2181 5906 4520 4522 4525 4526 5918
3802,14012 4567 1783 13690 13069 9713 6538 11621 3996 13691
3803,10447 10446 12869 2263 12867 1677 10448 13197 13198 2183
3804,6170 6623 13070 908 6188 6249 11177 13962 13880 6250
3805,1677 7999 2918 5880 12960 9823 14013 13950 5483 7998
3806,3793 5975 6319 10620 7255 3647 12622 7251 10670 563
3807,9645 1011 7818 6323 9628 6736 2871 8849 8850 13713
3808,1529 2742 6352 2614 2820 3465 2815 12426 5998 13578
3809,405 8730 11524 13650 13576 13651 1535 1166 13332 1323
3810,6000 6001 13323 13628 13271 13038 2820 13327 14183 5999
3811,10260 13166 3067 14327 14407 13693 14884 6355 14882 14336
3812,7249 2741 14015 6415 8731 14800 8807 7584 13854 2742
3813,2614 1165 2742 8892 2820 3465 1166 1532 1323 13327
3814,3816 3403 10595 6998 8376 13512 7020 13516 13515 11285
3815,11832 10657 13324 1527 5818 8402 13513 8595 11826 11823
3816,13660 14016 13339 13648 13186 13203 2819 13659 13661 13932
3817,2741 1532 2742 12425 8827 1165 11112 12426 2744 2814
3818,2654 4358 13396 1847 7106 13880 7947 1268 6174 7948
3819,2741 12301 6353 13671 13352 13960 15035 4516 13333 13328
3820,5190 1532 1475 11880 4038 9935 14877 13635 5189 9784
3821,12535 12501 8808 11880 1475 10733 10041 6571 11822 8806
3822,7442 8610 14017 10671 10672 9532 8615 11652 8429 8611
3823,12026 13142 8978 1590 13733 6389 2946 9997 13643 4748
3824,2138 6636 6813 1443 748 10309 10296 10298 6635 10301
3825,222 4975 9956 1050 3820 10236 11164 3819 12580 4995
3826,13925 14025 11945 1950 14019 1954 9102 11362 13364 6278
3827,14028 11757 8861 14027 5659 2275 5922 8680 5945 5944
3828,2820 1535 11880 1166 12426 405 12747 2742 11753 2822
3829,12779 2321 8575 6520 2798 14424 11609 12776 10758 10810
3830,6396 10109 4272 7536 9824 6395 10895 12194 609 9823
3831,23 5621 11192 4634 11162 10654 11975 357 12047 9689
3832,9179 5126 11406 9650 8261 9601 9178 9176 9175 9441
3833,8389 14031 6286 5413 6276 13532 5024 9760 14809 1082
3834,4410 11590 13184 4390 4394 12136 5878 8859 4400 4392
3835,13007 3465 9074 2816 2820 15034 15010 2815 15035 1323
3836,2457 4871 4045 5414 11133 9210 9211 10239 9208 3474
3837,5299 5528 1738 8671 2878 1091 3552 1100 8580 8404
3838,10450 9543 9229 12499 11075 6883 13979 12217 10315 10313
3839,12363 5180 14032 6329 9789 6335 3749 14916 14917 7950
3840,13400 14034 11688 10407 6818 9958 10967 11425 6819 1134
3841,10907 12029 5485 3852 956 11354 8210 11756 8987 7677
3842,8387 11634 4829 8380 8384 8379 8385 3786 8381 8378
3843,10576 9612 10704 10574 5892 103 10706 7710 10703 8845
3844,12718 8016 5699 2849 6162 9810 2860 12923 8032 8318
3845,14029 2869 1532 15091 15032 13320 14655 14359 14122 13572
3846,10715 14702 52 14100 9099 9487 14690 1351 13827 3865
3847,2739 2490 11876 49 3404 40 9914 10293 5748 70
3848,11776 12866 13557 14038 1317 12147 13590 9307 10913 10911
3849,10845 10844 12677 14679 11688 12184 9102 12998 8085 12676
3850,3667 7078 7065 1003 9536 11351 11892 7075 11893 1009
3851,2365 360 9784 15093 14374 14375 1532 1167 13200 2820
3852,13617 13654 13278 5695 2978 14593 13655 5677 9555 13887
3853,2100 6025 3704 3713 4235 7285 3206 2056 2806 1754
3854,12149 5944 5945 5946 5947 5943 5948 5957 5950 15276
3855,1409 4393 384 4394 4390 14619 4412 4389 4400 4392
3856,14033 15276 5944 5945 5946 5943 5948 5957 5950 5947
3857,11293 10108 9824 3996 8756 11294 6396 10109 11295 1781
3858,10205 11849 6510 11848 9808 7219 10672 12103 10113 389
3859,3428 14040 13641 3427 14743 14086 3017 3429 11771 8021
3860,9435 4445 4444 4443 5946 5947 5948 5957 5950 15276
3861,7333 8761 7334 5571 3892 8489 9761 4356 12027 6940
3862,7140 11008 4411 3095 12540 9240 8868 9932 3691 8203
3863,8592 10036 14041 2610 1911 11362 7556 1958 1890 8103
3864,8582 10080 3572 2087 8089 13915 11040 8583 8579 6139
3865,12896 2372 12894 674 1916 12893 12897 6741 2379 3774
3866,13672 404 12743 1535 14044 1166 10260 2820 12426 13356
3867,8628 8629 13914 8638 8626 8630 8632 8625 8633 12290
3868,5651 6281 14046 14045 11635 640 13957 5644 5643 5647
3869,10220 14047 14048 4460 5602 10224 12880 12889 10117 4748
3870,3793 6398 7536 3591 7532 13796 3647 3593 7251 7534
3871,13234 6993 13200 8810 12006 8402 11897 1167 13328 12007
3872,3591 6061 10150 13839 7524 9841 8240 6494 9839 9833
3873,10785 10112 4962 4753 13196 7951 5978 2927 4073 3669
3874,8677 102 900 11142 10021 5338 4497 6728 10332 2272
3875,2899 13738 7825 1894 9032 2895 12173 12068 2904 5109
3876,13880 7935 6170 6782 908 13882 2060 6240 6257 7947
3877,9308 7147 9302 6356 4311 9304 9298 9301 1587 14445
3878,10924 7214 13534 13615 7669 10923 10925 10926 10927 10928
3879,8251 2065 10412 4570 5340 9832 12708 6803 8958 11526
3880,12427 14554 14558 14049 14553 93 7118 14551 14552 14869
3881,9973 7934 13696 12622 13715 1874 13887 13139 11526 12864
3882,9226 10122 9842 9841 6253 9225 7629 10785 7949 6952
3883,14052 13851 14054 11258 14053 8747 5299 9607 6326 11706
3884,8870 14055 10784 7854 10050 5163 2288 8778 102 4045
3885,3226 8857 7920 862 9065 4193 3278 7502 7921 252
3886,13697 8320 1472 14057 14058 10432 12984 6403 11156 3446
3887,1074 4814 3317 5824 5834 3836 11716 6928 5394 2471
3888,14061 14060 14059 273 316 14062 6852 5945 337 270
3889,7197 1578 1201 10704 7991 1583 10706 8845 10228 591
3890,2614 11899 12186 11441 14337 1532 2820 3465 5998 1323
3891,9249 2324 4821 14063 7310 14261 8287 12004 8520 1412
3892,9784 8761 2820 12842 15038 2365 14806 13354 6866 7333
3893,12009 5783 10255 13387 14064 2683 6854 8423 1845 6247
3894,8386 8698 11942 9074 13002 1882 5328 8380 995 8384
3895,12926 13279 12519 13280 14065 12263 13837 2842 13068 10253
3896,10979 12967 14066 6279 12409 13063 8507 4631 2787 4883
3897,13646 2630 14067 10981 2628 2629 14943 14536 5949 5944
3898,14069 7964 13225 1011 11428 14202 8423 13541 13226 13044
3899,14071 12091 8543 8363 1134 11980 13400 3331 14023 11717
3900,4275 4274 7809 11733 4809 9823 9448 6944 8518 2287
3901,724 2080 3296 8277 8279 584 3347 10650 722 8282
3902,14072 3072 7073 3069 12218 5690 8746 3071 8437 3512
3903,12153 14073 4318 2698 6815 12152 5611 3692 9498 2407
3904,14075 14077 14074 9015 14076 13813 13040 13900 14783 12841
3905,5175 2955 5134 11447 2924 296 8266 6880 1195 5169
3906,9251 11012 9148 12331 323 12629 1994 12034 11836 14708
3907,1317 1777 7218 15126 11787 4687 12630 12643 3083 12629
3908,8739 13361 8733 8738 8736 8734 8735 8737 13306 14798
3909,7862 292 494 12204 13554 5140 4406 5622 5773 1199
3910,13715 162 9472 8917 10445 11453 13536 5892 5355 6145
3911,4516 11524 1475 13188 404 12426 1166 13575 13651 1535
3912,7914 12766 10666 1074 3420 8446 5215 9933 9051 12398
3913,5414 3284 10054 488 476 1387 6024 13649 11133 1162
3914,2820 6000 6001 2742 1166 13628 12426 405 14084 3464
3915,9821 9818 9819 14081 14080 8587 9820 15184 14553 9119
3916,2657 14082 2501 10581 8006 10580 5264 8005 10094 13172
3917,9808 8736 7009 5929 8733 11848 7007 7010 14010 7008
3918,8513 14083 8514 5163 6806 15276 5944 5945 5946 5942
3919,2820 12426 13187 1166 2742 1535 404 2822 1323 405
3920,405 14084 10679 1323 1535 2820 14332 13661 1166 13203
3921,14086 14087 5297 14040 14085 13901 1561 5151 13725 12486
3922,11762 3612 13211 6309 3611 13783 13739 14642 14643 14644
3923,13381 12290 12292 12289 12293 12675 12291 12183 12978 8101
3924,4330 1528 12509 4516 13331 405 1535 13308 13651 12426
3925,10456 11200 14071 10457 10455 11197 11207 14771 10721 3775
3926,1616 10423 1615 1605 1597 11605 1598 11604 1599 10468
3927,9055 14088 3611 13587 12651 2949 14558 14865 581 14306
3928,7750 7751 3677 7752 7749 13336 3686 3683 3673 3689
3929,1351 15274 14089 14720 1350 15273 12286 10909 13454 1348
3930,10450 12499 10244 7518 14090 14091 11075 13979 9229 9543
3931,13535 560 13184 4753 4964 11568 4962 14176 8235 5354
3932,344 12640 318 15265 351 13656 13657 12639 6409 12638
3933,11602 10011 2391 11600 11601 6650 7998 7612 2180 13360
3934,1669 7530 4361 10195 12879 14093 13142 14090 6392 2866
3935,432 2614 13354 1323 8727 13959 3465 8830 2820 13187
3936,14094 14522 577 15276 5945 5946 5947 5944 5943 5950
3937,6668 6659 14098 10394 109 14097 14096 14292 14294 14291
3938,13232 2820 12426 11418 405 6001 2822 13518 2742 13202
3939,10715 14100 14702 52 4551 1351 9099 13436 14875 3865
3940,2742 2820 12994 14015 1165 12426 1535 1166 13327 3465
3941,10714 6172 9697 12937 3423 13962 10363 6238 8650 5716
3942,3387 5402 2280 10051 8884 13987 14102 7706 7695 3829
3943,3540 3541 10868 3537 3521 2274 12373 3523 1089 3535
3944,6062 7530 2162 13141 1940 5276 11885 4263 14152 9317
3945,9708 12155 5967 1115 2907 11885 2726 13781 9700 12154
3946,2991 3654 3646 3649 3652 3653 3650 3656 10396 3657
3947,2820 13248 3465 4516 12426 1166 15010 2742 13187 405
3948,14105 7427 3846 10815 1826 4414 3844 2876 3843 10199
3949,6901 9016 183 2553 2104 4931 427 3273 11595 13124
3950,14108 12668 14210 15276 5942 5943 5944 5945 5946 5940
3951,8358 14109 11773 8359 9454 9452 9449 9453 9450 9455
3952,12675 12293 12290 12673 12292 11186 14111 14110 12289 12291
3953,10369 8671 11174 3016 4943 10227 3014 10374 14707 10920
3954,13885 12850 11366 5267 14131 5268 14506 14480 5266 14488
3955,4601 6165 14112 14310 2394 1094 5842 5382 14656 6161
3956,4997 3554 2450 7772 714 1349 4888 10494 7390 7777
3957,7490 14113 10161 2159 7501 6857 10164 1984 750 12128
3958,11815 9223 8795 349 205 8260 9222 14928 9685 203
3959,5823 8790 14114 10270 3676 5806 5816 7270 7280 5807
3960,1320 1779 1319 4060 6362 6363 9192 1778 1321 6361
3961,7157 1880 7734 7729 12811 6875 10018 3159 9684 3867
3962,811 2182 8225 4399 7250 11141 1667 7773 5918 12358
3963,8463 10018 11223 8499 7006 11876 9584 837 12105 3596
3964,12520 12685 13641 12684 13175 14119 2839 11620 12525 1554
3965,14116 7104 13358 2909 14115 6249 6188 7950 12804 9503
3966,14118 11782 11684 7180 12892 902 266 14117 5695 10252
3967,11670 4247 5593 11935 3992 7053 13401 3577 12438 9186
3968,2820 3465 405 1166 14124 2742 1323 12511 12426 11753
3969,7215 10088 4606 11346 2373 11348 11351 14439 14438 7404
3970,4052 7152 7907 13454 1086 12543 7776 506 3538 1573
3971,14125 2563 3459 10342 2120 10551 9909 11377 8801 6917
3972,4223 11158 6088 733 753 4219 1503 6469 2213 3712
3973,6433 11529 2221 160 2597 8172 11527 689 1052 10582
3974,1995 8 14126 15136 15137 15138 11162 15135 12516 11919
3975,7684 10124 5615 5452 14127 5229 71 9482 9484 9485
3976,1318 6579 10627 10069 11890 4403 4617 9625 3083 3074
3977,4059 4056 383 13461 5222 13451 13818 13812 4058 2612
3978,3799 5672 1354 5671 11999 12000 11998 11995 7823 1355
3979,13564 8119 2924 10148 2903 13726 5251 8118 9442 12424
3980,2210 10464 10466 10465 9290 5899 10463 13458 10467 2223
3981,11405 11403 726 14512 11402 693 11399 11400 11398 14136
3982,14129 2770 11932 14382 11084 4711 10060 8579 8583 4950
3983,12850 13885 5266 11366 5267 14538 553 12849 5268 14537
3984,13885 12850 11366 10328 10327 5267 1833 2691 10329 820
3985,14132 8454 11737 11230 1475 10413 8892 11300 5888 3939
3986,6508 4699 5967 9998 13951 5601 12489 6389 6392 4706
3987,6409 8310 630 7140 3374 5210 9269 8277 9041 5056
3988,64 8258 11873 9684 6914 66 3461 80 7370 2546
3989,9920 4024 10480 9914 1918 2559 2543 2553 2202 3273
3990,1172 755 833 824 819 7293 2590 10585 813 808
3991,14134 14135 8532 12925 617 13765 12177 7878 8318 7624
3992,4608 1357 2377 11624 4139 4136 10367 4142 10574 6737
3993,1668 5476 5470 5797 5340 5469 9832 5484 6803 5479
3994,1533 1529 13324 1475 13323 4514 12426 13188 2364 9786
3995,7186 1447 9319 10650 6348 9420 8044 6814 7911 2080
3996,14137 14136 3815 13998 15230 14497 11405 11402 692 12497
3997,14138 8827 13730 2741 13343 12994 3464 14308 8831 13189
3998,6532 8306 208 9203 5739 3904 10608 3662 7864 5138
3999,1701 685 10564 12545 13919 14140 14141 2074 2329 10565
4000,5209 2474 137 3834 1501 5207 3280 5822 4898 3827
4001,3959 13753 8785 14144 4962 11189 6489 5070 3965 12516
4002,6004 6622 2979 1864 6476 8305 2268 12522 5145 4976
4003,14147 14148 11120 10561 14829 6090 13214 12085 3004 3864
4004,1303 12067 8694 2614 1299 3563 10081 14368 6568 7
4005,8907 14138 14151 13348 11753 8827 6994 13671 14150 14308
4006,10373 10372 155 10371 156 10370 153 4396 10375 11071
4007,6186 7574 6180 7433 4948 4781 6184 7431 6096 6182
4008,13023 7532 12957 12456 13046 11895 8126 11978 14411 7536
4009,14153 12748 11218 14006 13566 13968 8127 14181 8122 13207
4010,1894 13738 2899 7825 1891 1895 8515 11637 8516 12646
4011,14155 3481 3482 13614 9761 4356 6273 14789 9001 8486
4012,12162 11988 572 7889 13239 12860 9827 13767 2430 7107
4013,14156 11002 12077 6810 6811 12895 12080 12839 14439 6557
4014,2742 2820 5998 7249 2614 405 3465 1166 13327 1165
4015,405 1529 7249 1323 1535 2820 12426 2742 1166 4514
4016,1166 2742 2614 2820 3464 1535 1165 3465 13327 2815
4017,14093 1669 7657 8887 6950 13783 14090 7530 2866 2845
4018,13725 13537 13848 9557 14086 1560 14085 12486 11344 14087
4019,14160 14159 11746 14157 1131 7581 14158 14106 11384 10121
4020,1937 9650 13763 12148 9682 11232 8059 13761 13762 7745
4021,3906 9056 8588 3907 14210 2043 3900 3898 3895 14278
4022,110 14930 15215 15213 15244 15212 11060 15214 15211 4429
4023,2082 12019 971 4164 5538 14114 7252 6063 1885 518
4024,11187 12480 14164 6788 4713 9571 2567 4053 14392 14785
4025,11221 6775 6173 1522 6776 14462 6184 6778 6779 6777
4026,8816 5303 10601 15229 9700 14418 5415 6031 4443 9701
4027,14166 8999 91 15184 14081 78 11820 110 14427 14555
4028,9557 13537 13725 14715 2409 5161 13690 13176 14001 13848
4029,12486 1561 6669 14086 14085 14446 14087 13725 5297 1560
4030,14002 12682 4962 14027 14146 13961 5714 12679 12055 14314
4031,1357 9851 2014 6360 10365 2376 2369 4605 1355 10366
4032,5580 6045 8961 7929 4764 5706 1065 5658 869 9156
4033,13490 606 12748 12496 6497 13508 13506 13503 13505 13507
4034,12439 13642 13643 13726 14967 5358 14754 13024 8398 5338
4035,4171 13389 14167 8786 6511 4173 4168 8785 13094 8124
4036,1323 1324 2742 13187 13333 405 2820 2614 12426 2743
4037,1166 13651 8730 1535 2742 405 11524 2820 3464 1165
4038,14168 2230 1893 14465 14466 10653 11737 3883 12837 13627
4039,10425 13191 4962 13889 3943 14169 5021 1928 10426 8235
4040,7826 13616 14172 9668 14170 11877 14065 10705 14171 4373
4041,14173 11978 2419 6435 14174 7522 13760 8218 13986 9843
4042,14104 9542 14175 2905 6586 13281 3091 2728 2901 9129
4043,14176 13535 13116 6828 7869 13610 2912 13184 5473 13107
4044,12839 11723 12725 12731 11348 12728 10075 10099 13060 10543
4045,13628 13650 1323 1166 8730 13271 13576 405 404 1535
4046,2741 8907 1526 6994 1530 2742 8827 11753 11898 12198
4047,13069 8033 13901 14012 15131 13162 13470 11979 13469 13466
4048,13055 8362 14180 6642 7397 9186 5039 10452 5015 10451
4049,11295 14175 8620 6869 13408 10153 12555 2429 12456 11292
4050,7650 12684 9137 11611 12685 10757 2840 14181 6298 10427
4051,10158 7730 9121 12110 2538 9910 7758 10551 3461 10342
4052,12319 11770 10044 12047 11029 2446 7379 11732 5902 8185
4053,5998 2742 2614 3465 2820 13327 405 2815 2741 1529
4054,6001 13271 6000 13323 13628 13038 14183 13327 6989 2820
4055,12518 8264 14178 6479 12926 13254 5923 11219 3665 10609
4056,11114 11785 15261 9807 13938 11116 3246 13290 12611 9691
4057,5367 12242 11226 12239 12732 7081 11225 12733 12730 12731
4058,14192 14187 14186 14133 14184 14188 14190 14191 14189 6943
4059,3492 668 4379 3609 6846 11182 13710 11181 9857 913
4060,12994 9794 8835 11879 11755 12882 14044 11881 1532 8827
4061,14177 13845 13846 12683 14119 13403 13710 14176 5354 4527
4062,14194 12323 13659 13039 2819 14195 7237 2947 14196 13409
4063,14197 14198 9201 14525 14395 9210 9196 9208 3474 2904
4064,13532 1885 12997 13432 13531 13001 14031 13433 9760 14809
4065,5405 14129 11084 13729 5406 8058 14382 4711 13728 5404
4066,3896 352 14200 14398 15089 8093 13819 3907 8102 3897
4067,11405 12868 2600 12819 12869 2183 11402 11403 14136 14512
4068,2807 10962 4766 12099 10960 5944 12100 3973 3610 5943
4069,5725 12251 14602 3678 7040 14601 9875 7832 5182 8449
4070,7581 14203 14202 14204 14205 14159 14157 3840 14160 6609
4071,12110 10958 13216 9121 9910 3160 2191 5642 5233 9899
4072,12824 12249 12524 13858 10322 12263 9556 12248 11023 6619
4073,1560 14207 6669 13725 13709 11344 261 12486 4368 7475
4074,14046 10168 9131 14208 5651 11635 6281 14045 13957 640
4075,4135 9751 3679 7068 7553 11892 10953 5672 13702 6557
4076,5689 4413 12349 4605 12644 1861 8154 11799 8149 8157
4077,14208 14209 13736 6608 14596 11402 15169 14214 14595 14452
4078,4137 8152 4135 4688 13702 6557 1317 4132 4687 1913
4079,9920 12692 11644 9913 2553 2532 9914 11645 11972 2518
4080,10426 4962 13191 10425 6504 8900 10427 1714 7895 4753
4081,11206 8084 13463 11197 11207 8076 8758 11199 11200 11201
4082,2464 8775 14120 13883 3955 6917 9479 6882 291 10539
4083,415 14211 14212 497 9889 498 446 459 474 5722
4084,8020 14213 2651 14214 15086 15169 13050 10808 8010 8011
4085,13771 12248 12142 14215 13767 13141 4629 12249 10584 5640
4086,2820 1323 12426 405 1166 2742 12747 3465 1535 13187
4087,14024 12265 9959 14025 13925 6819 14664 9566 12266 11687
4088,14216 6827 1520 8734 12777 14217 10562 3978 5494 9270
4089,9973 9387 11907 9380 7899 13035 9376 9383 9382 9377
4090,2372 2375 2379 11347 2380 2371 12728 1320 1321 4606
4091,6172 1111 12082 12987 8650 12937 11649 10714 1851 9697
4092,2156 14553 3460 184 78 5260 14556 343 7890 14554
4093,3890 10921 14221 9052 14220 6848 14219 4437 12264 5652
4094,5788 6497 8235 11384 6495 4170 13180 6505 6493 6480
4095,75 3063 13388 15214 15212 11060 15211 15215 94 15213
4096,2981 6183 1700 8114 6180 9516 9515 9513 9514 6187
4097,14222 14223 14224 14415 14610 14160 13895 5518 14106 9424
4098,12551 11120 5673 14225 14226 12756 2887 8477 15126 11787
4099,14171 14065 10705 2839 4373 10253 14170 9668 12519 14837
4100,13460 9213 7649 2731 12881 10337 14227 6477 7899 3522
4101,10121 12188 6331 14209 8796 552 10116 14160 7688 10117
4102,3464 1166 405 2820 8603 1535 14712 13651 1323 1326
4103,8829 13235 13452 4516 13187 8727 8826 8833 8834 8831
4104,13984 9195 7080 1013 11691 10818 11624 10814 11352 6554
4105,14230 12526 14229 12527 12715 13175 13171 14228 13641 12525
4106,7078 3667 9536 4600 7065 7075 10953 3694 9537 11893
4107,14232 8099 13073 14233 12266 12594 9960 12003 9813 13192
4108,4605 7057 4413 7426 1721 9851 8164 12644 4133 7064
4109,14152 14235 8126 1625 12553 6062 12957 2265 8124 8117
4110,4062 14236 7014 4063 14753 12657 7015 1138 7067 8708
4111,1166 3464 2818 8727 14079 1326 2820 13327 13187 12747
4112,9104 6241 8967 6174 6240 14237 10251 11796 6256 6239
4113,1535 2820 2823 2742 1166 13005 405 12426 13187 12747
4114,8687 8921 12492 13644 8684 8683 8682 8679 7652 8681
4115,13616 7253 5788 14170 9668 13615 14172 11877 9212 4373
4116,3728 8485 1438 9563 12781 12780 12778 12775 12774 11664
4117,14238 14260 14575 14638 14492 12339 14574 14572 6581 11315
4118,8 8591 10382 2130 10383 9030 154 14903 3403 1
4119,14239 14247 14249 14248 14246 14250 14244 14251 14242 14245
4120,4301 4886 378 5829 13645 890 65 5607 3326 4640
4121,3177 10564 3178 1619 5642 12641 13784 5787 8377 15228
4122,14136 692 11405 11402 693 14208 6803 15230 12497 1667
4123,10232 4568 9884 8823 12698 1589 443 705 9072 6563
4124,6498 8515 13942 1557 6546 12985 6097 6480 14012 6492
4125,14247 14249 14248 14246 14250 14244 14251 14242 14245 14243
4126,628 621 7643 7649 4388 12496 1127 14176 9714 8788
4127,3483 11252 4507 13684 3484 13682 13685 11186 13736 11251
4128,538 4844 5751 6820 14808 536 525 531 4839 5749
4129,11085 12148 7743 9650 12138 13385 10119 7745 13782 11656
4130,12163 4364 4774 171 2326 9604 7327 11803 3092 676
4131,3564 3562 3569 3563 2665 3568 3561 3566 3567 2791
4132,2156 14553 3460 184 78 5260 14556 343 7890 14554
4133,14253 14254 14357 14318 14358 13525 11579 8440 10058 5738
4134,10125 6905 3396 8884 3387 7809 14378 10391 5904 10126
4135,14126 7795 7630 3981 10728 10370 12793 8382 13835 13224
4136,11993 5794 5142 6212 9544 6948 5797 5801 942 11727
4137,10236 7021 5502 3820 2329 13228 4977 175 8404 4975
4138,14217 4569 8458 10562 14216 8735 14471 14407 9210 13375
4139,241 6787 46 6825 7197 951 64 12995 6043 10288
4140,870 5041 5437 139 2777 7901 5055 2001 869 6368
4141,6824 9101 14255 11365 13257 6821 13527 5053 14795 11128
4142,9669 3282 9118 3359 3356 3119 4987 3302 3301 3349
4143,11119 6542 11118 8151 8160 3693 9754 6738 7222 1862
4144,13713 8850 8848 13712 12348 4607 9645 14269 8847 9624
4145,14257 8077 7739 11163 11963 7658 4651 8076 8080 4665
4146,5952 3903 7910 5922 5930 1458 10622 11326 5936 5924
4147,11706 11139 4489 4257 13193 14258 3038 13851 14052 1546
4148,282 10003 10001 1971 11468 10181 8914 283 4013 291
4149,1351 14720 15274 15273 1350 14089 14703 14719 1348 14702
4150,1288 3524 4640 7331 10006 124 13274 9498 5996 8957
4151,7391 3150 4865 3168 3143 421 3166 2810 8593 305
4152,14238 14260 14575 14638 14492 12339 14574 14572 6581 11315
4153,12146 7572 1727 1721 12261 12143 12145 15049 11085 1749
4154,4232 514 4762 12005 14063 6031 14261 1980 5818 8287
4155,5746 11157 8285 8098 2210 5408 5747 8700 2 8279
4156,1798 1961 2548 2026 12166 2531 2553 174 11168 9196
4157,7236 6940 14262 1532 529 13295 13296 13293 13299 13291
4158,8999 7121 1368 11184 14670 14166 7116 13912 7325 3178
4159,10980 12996 12312 2238 9812 9123 8392 1543 2666 1392
4160,3076 6704 6703 3077 3078 11057 2616 3079 2890 3075
4161,7758 3623 10550 10212 6888 9902 10886 3459 8972 9898
4162,1676 7651 10064 11101 1934 9328 11239 9332 13541 13545
4163,13130 10432 134 385 2241 1507 11486 1497 2552 14305
4164,12193 3497 4920 12813 1074 9545 12192 3496 7494 7007
4165,4181 690 5155 3258 4247 12095 10301 3773 3555 8654
4166,14266 4529 4524 4530 11592 8016 4520 4526 4525 4522
4167,4861 8568 7037 1413 466 2693 12770 7845 10234 4396
4168,14267 9951 4036 9949 9952 9948 9950 8382 13982 15126
4169,9991 2672 7977 4498 4312 2671 10470 666 2182 5960
4170,9613 4351 2256 239 10636 6472 6118 14275 2564 6429
4171,4920 6792 324 4916 5563 4919 896 9222 8260 4918
4172,257 5920 6094 10502 10501 10500 9931 256 14417 3273
4173,14268 5226 3116 11253 14396 4576 8454 11630 11366 5944
4174,6613 2984 1177 12930 7894 7882 8788 5111 7804 13971
4175,8474 52 15274 12054 15273 76 8475 8470 8466 2203
4176,4139 9645 9752 1011 10575 5848 13713 8850 14269 8847
4177,10820 1297 4856 11914 11129 2926 480 12200 8521 5793
4178,11371 4656 5563 4657 11767 4655 4646 11369 4648 4662
4179,3602 3834 3348 10136 3584 14516 3835 3865 9099 10927
4180,8129 11713 11751 3740 6046 8121 8117 8124 6533 8132
4181,14271 14273 6041 10532 14272 10303 10586 8453 5031 2347
4182,8714 5723 12069 4032 9489 3744 1027 9492 9494 6426
4183,14208 11402 14136 13182 11405 6608 692 693 11400 11398
4184,12281 9704 4937 6725 14390 13265 4121 13266 693 2405
4185,4096 9090 9167 1229 9886 1959 8744 1967 4233 7291
4186,11378 11379 8793 11373 3900 11374 11375 11285 12612 6603
4187,4346 14274 12714 7394 7395 12620 6151 8241 7397 7396
4188,6615 711 6624 13560 7743 7742 6609 6607 6611 6299
4189,4653 2804 4660 4650 4663 11370 11368 4649 4657 4646
4190,2525 10137 1831 14271 10288 6318 14273 6043 2524 2494
4191,6822 195 685 14518 3375 6821 3382 6882 1394 12688
4192,14206 12162 2108 1491 1215 11360 5247 9563 4550 6163
4193,14138 8402 1532 13343 8827 12006 2329 15257 14151 14328
4194,3172 244 10043 12549 7831 10487 3166 492 421 3137
4195,4458 13725 14533 14006 4460 2866 623 4459 1927 6145
4196,4862 6198 964 764 171 5528 7387 1688 2755 5832
4197,611 488 4953 14275 1425 14279 8820 11053 10893 11229
4198,1452 8653 2024 1427 8742 11950 12042 2756 1568 4821
4199,8631 10078 1161 1160 11151 7286 9679 4064 8439 1571
4200,10867 14281 8227 9826 1269 13406 10870 1663 13832 13419
4201,6965 839 8391 8390 2461 11320 10055 776 5581 2750
4202,7113 5003 159 2498 7120 7116 10406 7134 15230 2125
4203,9173 14283 11347 6805 12731 11922 11348 2379 11351 5533
4204,9911 11848 3138 9912 11409 9927 14284 2166 731 5574
4205,466 775 3139 453 2448 11243 476 6033 180 790
4206,14286 14285 14209 12440 15173 5190 14596 14595 14213 15188
4207,838 1408 6645 748 11170 1410 1393 1252 1425 1428
4208,9518 9439 2764 2826 3839 601 12204 9520 9523 11623
4209,14287 1423 467 6216 10454 12847 1410 1428 12688 2530
4210,14291 14292 14294 14293 14288 6662 6665 11971 6656 6653
4211,14175 11292 10153 7195 10485 232 10406 11295 6667 233
4212,14085 6670 13725 8999 1560 14086 12486 14087 10466 10465
4213,7848 10078 9051 2291 4090 10270 14940 2287 6584 7842
4214,12513 15244 14930 14427 15250 14931 14929 14088 14868 2203
4215,971 6005 5417 618 794 6063 7633 5416 5418 10347
4216,10602 7115 13587 2326 4426 6148 8653 5068 14553 1586
4217,14154 13856 11410 6129 12587 10731 9945 602 603 7162
4218,5508 3193 2130 14298 881 14055 12670 13722 2564 9613
4219,3956 14299 3276 8106 870 6016 14621 11484 15009 14926
4220,6652 10401 10400 10402 11971 6656 6665 6666 6662 6653
4221,14301 14097 14302 12556 14096 10392 109 14098 10394 6654
4222,3160 7632 11230 7109 7310 12688 13395 3471 3166 6530
4223,8999 14163 14866 14867 1368 14865 7121 14612 14868 11184
4224,14303 2623 14304 5516 11384 13652 9827 10675 6574 9945
4225,7719 9143 6766 15260 14674 13524 9144 12600 15046 4392
4226,14305 12352 9762 3449 10278 12176 8488 10432 1851 5230
4227,2106 4031 3500 4760 4669 4965 2155 14431 5474 6633
4228,13587 9054 14826 14555 7124 14713 13940 15270 14827 14553
4229,14306 739 12206 10215 6106 14427 14865 14320 1858 14555
4230,78 5335 14166 9054 2156 14553 14551 13912 14555 14081
4231,740 14979 15274 15273 833 14907 14980 1351 14089 14348
4232,7235 2235 9570 5283 12014 3755 10482 8926 11745 7841
4233,11955 10076 14308 14562 2948 13353 7282 13356 12746 14079
4234,1026 11969 9906 9902 32 14310 10551 1806 9927 392
4235,14312 15276 5944 5945 5946 5943 5956 5949 5947 5951
4236,13015 11482 2739 5415 13012 13014 3719 11316 3488 13017
4237,14313 5010 8527 4359 10746 2856 5619 11447 9085 6562
4238,11646 7773 5567 4494 9266 3501 10015 13971 13669 5309
4239,13481 13480 5471 6086 5944 5945 5946 5947 5948 5942
4240,13267 6069 2731 9213 7891 11152 6617 13951 3522 13666
4241,12980 13029 12250 14314 1196 13447 6125 13028 13445 13449
4242,13628 13576 13245 13650 13271 13128 13357 6000 13323 13700
4243,12426 405 4514 2820 1323 1535 2814 1533 2822 1166
4244,14290 6655 10397 13849 11389 14292 14294 14293 14291 14288
4245,5998 1532 13329 2742 2614 11112 8904 3465 2820 405
4246,13904 3067 13431 14315 5516 4118 1632 14316 13310 7293
4247,11069 2123 12420 7731 5543 12995 2128 7727 41 12106
4248,9340 14317 11429 3972 9034 14468 14544 5753 7022 11558
4249,14058 14318 11585 8509 11579 8320 14357 11580 11582 11581
4250,6327 1304 1761 6331 6492 12090 15127 12089 6480 12342
4251,11403 14208 692 693 14320 11402 11405 6608 14136 14512
4252,8976 14321 9508 5106 9600 12195 9246 11582 11581 11580
4253,14322 10064 11066 3403 8484 8523 11790 10191 7671 11035
4254,11917 12855 6023 10540 10291 11915 12918 9773 11223 4302
4255,12918 374 12666 11480 12516 2957 13373 6390 10566 5752
4256,7781 8760 14319 6723 3563 4152 14368 10081 7693 7791
4257,13898 14311 6232 9291 5909 10427 13741 13368 12864 8781
4258,11554 14323 11555 11557 1624 11558 11559 7022 13924 10127
4259,13189 12425 14324 8827 14138 14308 13349 7686 12302 13734
4260,14326 1531 1330 11394 1525 1530 13672 14336 1526 15010
4261,3465 1532 8830 4515 2614 2820 2742 404 11121 13187
4262,13349 3465 4514 2814 12302 13734 13189 9786 1533 14799
4263,12271 14328 13343 5194 8808 14138 6353 15210 11752 8806
4264,13344 11122 2820 10680 9784 10208 13329 404 6352 1532
4265,12905 14329 11286 13409 12906 2614 14196 12903 14195 12904
4266,14014 2741 13323 14325 6001 2814 12426 13629 1165 4330
4267,11560 14199 3507 12516 5752 1624 13373 11557 11559 7022
4268,2614 1529 3465 13578 2742 2820 5998 6352 1323 1532
4269,2614 1529 13578 6352 3465 5998 2742 2820 14599 1323
4270,11955 13332 405 14562 1525 2948 11749 13539 14079 12746
4271,12070 8892 11111 14803 6941 13854 6990 8731 4791 11822
4272,3463 13672 13248 14327 15010 13356 3045 14326 10260 2818
4273,10410 13575 14331 13926 1165 11880 2820 13260 1535 1525
4274,13201 13202 2822 8907 13347 12007 12426 1167 2820 13518
4275,13245 13244 13128 14802 14124 8831 12882 13576 13730 13357
4276,2742 2743 1166 1165 13327 2820 2815 1535 2614 3465
4277,9784 4515 14806 1532 8826 6866 2365 10206 2820 13354
4278,13203 13661 14332 11051 11753 13648 405 10411 14084 13347
4279,14323 11555 11554 13924 10127 2614 1624 11559 11557 11558
4280,5998 10508 13319 11112 14337 13321 12639 12391 12638 2614
4281,2742 2741 11112 2743 1165 6996 13327 1532 2614 2820
4282,10127 14007 5998 14194 1624 11559 7022 11557 11558 11555
4283,14336 14335 13574 407 13990 2816 14326 10260 11394 13248
4284,2742 1535 405 1166 2820 1165 2815 13327 2822 1323
4285,13931 1323 10963 8906 13330 10679 13625 12511 14123 405
4286,2741 2743 2742 1165 13629 13352 2820 13327 6353 6996
4287,14331 13926 13575 10410 13260 13353 2824 15096 13329 1525
4288,5998 405 2741 2820 2742 12426 1323 1535 2614 1166
4289,2743 2742 13700 1323 14122 405 12511 11394 1165 2820
4290,11112 2614 1532 2742 3465 5998 2820 13352 1529 9784
4291,1326 1166 3464 13187 13731 2820 2818 11524 15035 2816
4292,2741 2113 4514 13423 1529 2814 3463 13189 11825 11823
4293,2820 8907 11394 1530 3464 1166 13671 11753 1525 12426
4294,13672 13574 2958 2614 12380 14326 14336 10260 13248 13356
4295,1367 7132 13952 7128 9117 5311 7134 7125 15068 15249
4296,14338 14339 12627 12628 12630 12632 12629 9639 9421 5668
4297,12025 9807 14340 6784 12985 11661 10986 9661 900 15131
4298,4755 7401 11872 15099 14582 8593 10838 3562 9075 14587
4299,1719 4138 2373 7067 12929 13621 12282 9852 7057 11724
4300,1786 6097 6685 12025 8372 6616 13644 7882 7894 7879
4301,12734 13785 12209 7784 3084 3083 12735 7081 12732 12733
4302,8026 8029 8008 8011 8010 8017 8015 8039 13014 8022
4303,1354 11777 1355 1357 10199 4141 2378 2371 2369 1356
4304,7427 7554 10088 12370 10198 7095 10749 10987 12643 10199
4305,14342 10351 14181 9233 10349 10353 10350 10354 10352 8555
4306,12211 1315 3083 12210 12655 13621 398 9969 11721 11722
4307,1317 13519 4403 12917 6557 13702 12643 11724 2872 12644
4308,7625 14064 5782 10255 11265 576 12048 8423 5781 5783
4309,12891 13258 7436 13698 13377 12890 13600 2658 13797 13607
4310,2930 9688 14344 4492 9687 8671 357 11838 9684 11170
4311,12735 10461 7077 12725 4599 7081 12732 12731 7427 6847
4312,10911 7702 13557 13556 14762 14763 10912 9307 11273 14546
4313,1011 11537 9851 14751 14269 1318 8541 9547 1135 5535
4314,4403 11120 10992 7215 7064 10855 10996 10993 2872 12917
4315,4402 7498 7427 6734 9750 4403 9754 10950 12261 10936
4316,10706 5421 11949 4437 3980 10704 8845 10697 10703 2127
4317,10195 6849 13742 10196 9840 13732 12879 10194 7530 10197
4318,9194 4687 7215 2372 1778 4132 2375 11347 4060 4688
4319,4350 3428 3429 3427 8033 8008 11979 8011 8017 8015
4320,14111 2953 756 11186 14110 12673 12104 8211 10604 6793
4321,11347 10088 12332 2379 7094 12731 7215 12729 11351 13981
4322,13215 13214 13213 691 13216 13217 77 5601 14721 5023
4323,10990 4145 10994 8542 4461 10996 10993 10998 10989 10999
4324,3083 4687 4132 4688 9850 11347 7784 12733 1317 10461
4325,12036 2422 10224 9807 12035 2421 2414 11288 3661 567
4326,14348 11818 8479 740 4847 11817 4934 14979 11863 14669
4327,14351 14349 14350 1771 7215 5875 11347 14843 3842 5845
4328,10969 13776 13034 14117 1524 13686 13689 13688 13687 11774
4329,11248 12527 4373 7714 11249 10253 13280 14229 12519 13279
4330,7095 11099 10627 7097 10749 11326 12368 12369 11106 11104
4331,14206 1592 6163 11218 6537 616 6098 13417 2108 4550
4332,11963 618 612 5782 10388 9942 6605 6098 7377 14257
4333,1947 2840 9659 6231 13176 1360 14352 12486 9127 9128
4334,7242 14353 7376 7375 916 7240 2661 7381 7378 1180
4335,11840 11842 7168 11841 10658 11839 6510 6513 12888 7161
4336,14354 10216 14738 14845 14846 14724 9589 14737 3813 13758
4337,5857 5686 3003 10751 1136 12378 1145 6847 5868 11434
4338,4582 14356 2729 2274 5288 14355 4589 4583 4573 4587
4339,8167 8166 3075 13712 3083 10461 10193 12874 12876 12348
4340,8727 2820 13660 8906 2817 13327 1166 12426 3465 2742
4341,7217 1704 1774 12936 2891 1773 12260 12258 12256 11641
4342,4567 13604 7506 14012 6538 11621 6226 13690 9713 8440
4343,4196 3555 9309 4248 4247 4240 4258 3710 4216 4219
4344,11892 3074 3666 11626 3667 13985 3688 11351 12643 12644
4345,12831 13823 5625 12834 12830 12835 12832 12833 5159 6095
4346,1719 7057 4607 12929 4138 7067 2373 9851 9852 4413
4347,5755 7239 2465 14357 14358 11579 13525 14318 873 195
4348,6804 13209 10990 10627 10993 10630 10994 12589 10999 10996
4349,14359 3465 8906 13711 12744 9784 13482 14029 13320 2614
4350,13122 6939 7682 12142 7201 13121 11888 13024 953 13941
4351,6847 7077 5449 2881 12736 12731 13785 5534 12732 7081
4352,11724 4600 4132 10199 3667 7404 4687 7067 4138 4688
4353,14284 14362 5012 13312 10491 11848 3138 14507 11409 731
4354,11099 14363 6364 1136 12728 9554 2617 1712 1354 12367
4355,11019 13305 2058 5795 13289 13291 13292 13293 13297 13303
4356,10870 12623 7745 13763 9650 14027 9999 14002 12148 1937
4357,5355 10490 7544 13841 11453 6729 10432 4463 12285 3537
4358,6185 399 1837 11665 6240 6180 5921 12987 6541 14219
4359,7270 7186 4484 7280 8939 8366 2300 1739 847 5436
4360,9199 8210 11019 9210 9208 4466 6533 9196 3474 2904
4361,11777 1354 1011 1357 1355 2371 12874 2378 4141 8158
4362,9359 2958 9206 1374 56 13413 9356 11917 5313 11480
4363,2023 10463 1392 10256 13767 6173 4872 285 8505 1895
4364,14364 7220 2585 11632 73 4294 9132 2571 11902 12995
4365,4139 9626 11805 11808 2378 5849 5848 395 6736 8159
4366,5907 13710 5354 4527 14109 8231 1125 9857 4172 5905
4367,8762 2928 6143 11162 8791 8252 8961 6221 1048 7834
4368,5151 2582 5150 14086 3129 5154 5160 5146 11672 5162
4369,344 12916 1447 13657 13656 15265 351 9889 6317 13668
4370,13696 7529 10052 8144 11115 12351 11730 11728 13220 13217
4371,2372 9853 2379 2375 3072 11347 2380 2371 1010 1320
4372,11983 1174 12985 10644 3854 13045 11846 7019 6936 7712
4373,9100 14010 7009 10429 9798 15133 10428 13620 9797 9101
4374,13307 9759 8095 9796 13 14026 12 14684 8096 2664
4375,692 8250 659 14136 693 11366 13838 14208 6608 15196
4376,14367 15276 5944 5945 5946 5947 5943 5957 5950 5948
4377,2428 1506 10985 6201 12013 12531 12532 9030 12015 4267
4378,3563 3566 10900 9108 2663 10081 12067 14368 2088 3571
4379,14375 14374 14376 15093 2365 9784 5945 5946 5944 5949
4380,2041 10674 3368 4984 7752 7565 4342 13274 9719 10738
4381,14378 10125 5904 14219 7935 5917 632 9650 10126 5900
4382,5731 775 759 2781 8383 9565 6876 5738 11794 6208
4383,5294 5555 10958 5943 5936 5924 10861 2868 10862 5930
4384,2742 2814 1168 12008 12007 1165 2815 405 1167 5110
4385,2820 13453 13717 13421 12426 1166 14599 2742 3465 12007
4386,2185 3276 4196 1482 13372 9016 11595 9914 9019 11301
4387,11414 11411 11412 11413 11416 11415 11417 7640 10024 4709
4388,11899 8732 1535 4591 4515 405 2820 1166 8826 1532
4389,14380 14379 5519 692 693 14424 11384 8250 5520 14136
4390,14382 10060 14129 10391 4772 11084 2040 9344 4911 11932
4391,12081 692 14383 14384 6228 14890 693 6070 8250 14588
4392,14385 15276 5943 5944 5945 5942 5947 5956 5949 5946
4393,11850 1344 10899 7427 4599 12378 11351 11434 5451 13185
4394,10260 1535 1165 2742 1166 14327 13672 4516 2820 2815
4395,14386 2951 2687 9041 6409 14406 3899 3901 8310 13807
4396,5016 8995 589 3839 13411 5055 14680 2454 5314 5507
4397,14326 13672 11394 14336 2814 15010 13248 10260 13356 14327
4398,999 14387 14389 14388 11405 2029 1005 1012 1004 1000
4399,13651 10260 13574 2614 2820 13672 14327 2742 11524 1166
4400,5544 4230 7631 9093 3792 1187 12019 463 11130 5724
4401,3260 1270 11809 8140 3263 3943 4585 13618 1805 4586
4402,2793 13066 11208 13067 13064 10431 6755 10082 13820 2787
4403,13930 4298 3895 3134 14393 4294 6118 4703 9944 4280
4404,8035 5743 8965 13221 2944 1947 4524 7259 11344 9127
4405,10369 4238 9007 10920 3014 11317 1966 801 5552 1491
4406,14395 8300 14254 1633 11035 14253 14525 14357 2250 14198
4407,2582 14185 11599 5906 8855 14187 14188 14184 14133 14191
4408,10673 2519 12516 3811 13373 12918 9168 6390 11560 12573
4409,2448 14396 1732 170 1572 8705 5547 4181 5538 141
4410,3465 13327 1532 2742 360 2614 2820 1166 1165 11121
4411,12674 12291 12290 12673 15253 12289 12675 12293 12292 13381
4412,1679 11964 10272 6850 5264 11743 10271 10269 1681 11962
4413,2457 10784 2855 548 2845 2852 2854 2844 11985 12403
4414,8904 405 1532 14122 1323 4330 14324 2820 13330 10207
4415,7970 3805 7860 12326 6601 4104 7969 5772 4853 2446
4416,8093 8102 12647 9077 9076 14398 3953 8089 13945 5560
4417,2308 14400 46 9929 12918 2315 13649 9020 56 12516
4418,4659 4658 6799 14402 2604 4647 2837 14401 9346 10836
4419,612 7915 12440 618 12095 6217 3295 2120 11826 11825
4420,7049 11406 6400 645 15046 12752 13124 14541 11361 6312
4421,3819 4975 1611 4974 2715 11010 10236 3544 4972 4050
4422,404 1532 5998 2614 14079 14405 2742 3465 1166 9791
4423,9276 6064 7275 702 10061 12308 4187 3182 10656 9474
4424,2677 46 10370 11810 2693 2678 2713 11980 3752 2698
4425,14406 7325 9041 1216 7135 3899 4425 3901 6197 3022
4426,10562 14217 8735 13166 14407 3067 14216 8734 6827 12777
4427,14409 14410 4034 12760 137 12961 13101 5940 5941 5942
4428,13718 2269 5273 13217 14830 10052 12879 13281 11312 13719
4429,10148 8119 8787 8118 8842 10151 8228 12137 12136 10147
4430,3470 7719 6766 9158 3729 13524 9143 12051 11036 11037
4431,1198 757 7504 3837 735 13581 10517 13582 13579 13583
4432,13877 14413 2094 8270 12678 14412 2219 3073 2801 13001
4433,1146 1136 1145 10843 9537 7065 12913 1150 9538 1725
4434,1665 9810 9809 12987 6506 1939 14219 8116 4069 6172
4435,13719 12482 12038 10868 1897 13941 13934 12557 5492 13742
4436,3755 5283 12005 7235 1403 11745 8926 12014 10482 7841
4437,14414 13979 6613 12959 3540 13732 7804 13971 12489 2906
4438,14415 9244 3180 1397 11230 1028 14694 15048 14223 12783
4439,12504 14416 10259 12505 13331 11918 12508 12506 13335 1325
4440,405 1323 8907 14308 11753 12426 2820 1535 403 1166
4441,257 714 14417 2291 9131 10502 10501 2285 4024 256
4442,10056 1576 3034 11747 13671 14805 14325 15095 14799 11231
4443,3308 6178 14419 14675 4350 15012 6176 7126 1027 9802
4444,2050 7166 10000 3086 7165 2047 13779 2732 7161 2728
4445,13048 10517 1686 1198 6328 1732 1661 11804 3211 5075
4446,14420 7356 12437 13123 13117 6392 2425 5255 13980 13036
4447,2741 11283 2742 12425 8827 2744 2814 1165 12426 12746
4448,2699 14423 14422 11238 2695 3524 10624 9500 9520 2678
4449,10163 12779 14424 13570 5519 10165 14643 14642 14644 13739
4450,3771 14426 692 5183 14524 13949 8010 8017 5055 8015
4451,13430 5929 14471 14707 14714 13431 14483 10906 8736 944
4452,8983 12487 4605 1777 4035 12349 2886 4133 8164 1826
4453,1368 14427 13134 3031 8999 8426 8786 5745 8938 8226
4454,8097 14428 6102 13307 2486 11154 9076 12316 1301 8094
4455,11405 1475 12669 11402 11403 14136 14512 726 13286 14591
4456,13807 9208 14120 9306 13805 3333 12689 8581 5593 9210
4457,14164 1886 13000 12612 12963 15166 15165 11197 12999 11688
4458,10871 14431 4236 598 4255 2066 9163 4204 4202 4193
4459,5686 2888 1724 4603 4596 3668 14438 14439 1710 7554
4460,10821 2108 14685 14959 13928 13286 9267 14259 941 12159
4461,14221 13221 10150 3890 12137 2410 8325 14738 10146 14734
4462,5788 12155 6884 11979 6497 12154 12157 8235 6495 9226
4463,6978 2278 10276 6979 6974 4121 6986 4258 6442 2994
4464,14434 6451 6493 4927 8890 9995 8517 6450 6456 6457
4465,1277 12152 1279 1274 1275 9554 1270 1278 1276 1281
4466,7236 12971 11038 12970 12968 12969 12967 13298 13297 13296
4467,10252 10427 9291 7999 13898 10986 5909 13368 8781 12864
4468,10488 11869 10256 230 7978 4672 13793 8354 1362 9288
4469,14185 14184 14191 14190 14189 14188 14187 14186 14133 14192
4470,13103 265 14182 266 14172 12681 267 14837 13104 13638
4471,2259 8004 5206 2272 2292 2273 2279 2280 2276 2275
4472,8887 14437 11984 13550 14050 4593 11885 8886 14093 6950
4473,1012 11348 11001 12644 12238 13572 10543 14439 13075 11922
4474,13437 1604 6814 8606 1043 7090 7185 1597 1599 1598
4475,13998 7742 5782 6624 7743 4670 13905 7951 12586 7103
4476,14442 7527 14443 15015 10548 12154 2590 10244 12157 9978
4477,3090 5276 3372 2729 1436 4041 2732 5899 12910 2728
4478,4665 4651 12030 11592 6479 7739 9344 6226 9714 7642
4479,4034 12760 14409 14445 14038 137 3442 4035 4036 4037
4480,740 9106 14979 14089 14907 14348 15274 15273 1351 833
4481,8957 2950 11905 6980 1817 4484 11935 11670 11906 2101
4482,5374 6115 14444 5371 11410 13754 3580 12724 5366 1473
4483,7014 7015 7013 14445 12632 12803 9308 9307 9412 14763
4484,11249 11620 14119 5297 4731 1554 14446 12685 1561 13403
4485,10189 8001 1678 9103 10185 4518 7949 906 2813 8430
4486,12550 8478 1327 9198 11076 9838 6730 8476 8036 9438
4487,11525 10122 4964 12523 8144 12522 1872 9234 3853 11526
4488,12910 4041 3090 4042 4047 4043 4593 4044 4040 1372
4489,2170 7749 10973 2176 2173 2179 2178 2171 2177 2172
4490,13015 14560 3488 3719 11316 13014 13012 14851 13017 10203
4491,7533 14289 6667 5114 7526 7537 7535 7534 14291 14294
4492,14447 312 1578 7842 7843 11367 7844 303 307 1598
4493,630 9522 12103 693 11124 14448 14205 12547 8310 6409
4494,13943 7699 8421 3801 281 7700 13520 13941 12324 13794
4495,2815 9784 2814 2742 12747 15010 1166 2818 1535 13356
4496,5222 12649 8103 6140 13451 12310 14232 1911 12277 10603
4497,7843 7842 7844 6584 14447 7849 7845 7848 7846 3838
4498,10726 12722 12721 12723 1715 12464 8088 10722 7673 684
4499,9254 3579 9020 11977 8499 3578 6332 102 876 386
4500,2431 7704 6978 2432 2426 13564 11656 11591 12424 2410
4501,10700 8000 4389 5892 10704 10697 8845 2078 957 12231
4502,6668 6659 14098 109 14097 10394 14096 6662 6666 6656
4503,5472 14018 10975 8758 11203 14019 13031 11680 12676 14066
4504,726 7676 11880 7670 14512 584 11405 9106 6271 5582
4505,13178 10707 13182 13183 7521 8144 10704 14462 14611 10706
4506,626 14208 14452 4966 692 5709 13479 5377 9365 623
4507,9071 12992 10704 1992 688 2127 10228 6690 5892 10697
4508,12969 12970 9001 14454 1743 12968 14453 8215 12971 12967
4509,14455 14456 14388 8428 14950 14387 7700 15009 14926 999
4510,405 1323 12426 2820 1535 14122 2822 1166 13330 404
4511,14209 14458 14596 14595 14213 13680 15188 12206 15169 15086
4512,11071 9340 4869 4396 152 12337 156 155 9337 10371
4513,5673 14459 11120 15041 11527 8302 13878 12585 12551 14225
4514,14462 14461 14460 13183 14205 11221 6764 12881 6057 1376
4515,4356 14463 12619 9681 9775 13974 1335 5403 9761 14425
4516,495 1440 6155 6427 1425 12013 6201 1415 5085 10835
4517,10715 14702 52 14100 9099 9487 14690 1351 13827 3865
4518,6550 2369 6551 1357 1354 1355 3081 6554 14464 6552
4519,10828 10830 10825 10826 10827 10829 7476 6243 5951 5947
4520,6432 670 4598 11808 12655 10087 7094 12657 672 671
4521,6806 5688 1706 1353 5857 12378 13185 11850 1705 1704
4522,4774 12280 2220 4772 4776 11193 7266 4775 3386 4773
4523,5980 8936 11471 8243 2481 9848 794 5974 5975 955
4524,14466 3883 12837 14465 11737 14168 3884 3880 6112 3877
4525,9034 14468 14369 14467 4566 14370 1543 13222 1542 9812
4526,13219 14469 11232 2435 1937 11701 1926 11702 2434 12148
4527,6401 9129 3091 9542 2901 12464 13551 4337 8885 2900
4528,10832 2003 260 7016 7015 4537 13061 10850 11345 5391
4529,8467 4067 2215 8470 8475 13195 8466 10432 9848 4065
4530,14136 14208 11402 11405 692 6608 15230 693 5521 14452
4531,149 14472 6605 5521 6608 6606 2835 12557 169 9268
4532,6661 6666 6665 6653 6656 6662 6664 3652 6655 6663
4533,11405 11403 6877 859 14512 11402 693 11400 11398 726
4534,12850 13885 11366 5267 5266 14486 14131 14130 14479 14222
4535,13885 12850 11366 14131 5267 14488 14480 5268 14506 5266
4536,14475 12390 14476 15006 12391 14713 14162 12392 12389 13516
4537,3665 2652 10701 13885 12156 3887 13179 3658 7990 12106
4538,13885 12850 9357 11366 5267 14131 9338 7142 8897 5268
4539,13885 11366 12850 5267 14131 5266 14486 14488 14479 14130
4540,12850 13885 11366 14456 8428 5267 14455 5266 14131 14486
4541,11366 13885 14486 5267 12850 5266 692 14481 14913 14131
4542,13885 12850 11366 5267 14131 5268 14506 5266 14480 553
4543,11366 13885 13511 12850 10200 3898 5267 14486 5266 14131
4544,13885 12850 11366 14131 14488 5267 14480 5266 14494 14506
4545,12850 13885 11366 5267 14131 14506 5268 553 5266 14538
4546,13885 11366 12850 5267 14131 5266 14486 14488 14479 14130
4547,13885 12850 11366 5267 14131 5266 5268 14506 553 14480
4548,13885 12850 11366 5267 14131 14506 5268 5266 14480 553
4549,13885 12850 11366 14131 14488 5267 14480 5266 14494 14506
4550,13885 12850 11366 5267 14131 5268 14506 5266 14480 553
4551,13885 12850 11366 14479 5267 14131 5266 5268 14506 14480
4552,13885 12850 11366 5267 14131 5268 14506 5266 14480 553
4553,13885 12850 5267 11366 14506 14131 5266 14479 14130 5268
4554,13885 12850 11366 5267 14131 14488 14480 5268 14506 5266
4555,13885 12850 11366 5267 14131 5268 14506 14480 5266 14488
4556,13885 12850 11366 14131 14488 5267 14480 5266 14494 14506
4557,11366 13885 12850 14486 5267 5266 14131 692 14481 14913
4558,13885 12850 11366 5267 14131 5268 14506 14480 5266 14488
4559,13885 12850 11366 5267 14131 5268 14506 5266 14480 553
4560,13885 12850 11366 14131 14488 5267 14480 5266 14494 14506
4561,13025 14482 6196 5890 13667 13026 2900 6270 4028 8340
4562,11366 13885 692 12850 14486 5267 5266 14131 14479 14130
4563,11366 13885 12850 5267 14486 5266 14131 14130 14479 692
4564,12715 13845 12859 8688 12526 14230 9324 13846 13798 1558
4565,12850 13885 692 11366 5267 14538 553 14537 12849 14429
4566,12850 13885 5268 11366 5267 14506 553 14131 14538 5266
4567,13885 12850 11366 14131 14488 5267 14480 5266 14494 14506
4568,11366 5267 14131 13885 12850 14486 5266 14479 14130 8042
4569,12850 13885 11366 5267 14538 553 5266 14131 12849 14537
4570,11366 13885 14486 5267 12850 5266 692 14481 14913 14131
4571,13885 12850 11366 14131 14488 5267 14480 5266 14494 14506
4572,14429 14483 12787 8575 366 4399 14714 14471 12788 8027
4573,11366 12632 11273 14763 15155 15209 15208 13885 14764 14445
4574,14485 5266 14486 11366 15175 6834 14481 14491 14497 14574
4575,11366 13885 5267 12850 14486 5266 14131 14479 14130 14491
4576,14487 5019 10200 5055 9210 10172 10177 14565 8574 4466
4577,13885 12850 14488 11366 14131 5267 14480 5266 14494 14506
4578,13885 12850 11366 14131 14488 5267 14480 5266 14494 14506
4579,5383 14489 11366 10704 8335 10706 7710 2127 6690 10228
4580,4412 11366 4394 4390 13885 4389 4400 4393 4392 4391
4581,13885 12850 5267 11366 14506 14131 5266 14479 14130 5268
4582,12850 13885 692 11366 5267 14538 553 14537 12849 14429
4583,12850 13885 11366 5267 14538 553 5268 14938 14506 14429
4584,12850 13885 11366 5267 14131 5268 14506 5266 553 14480
4585,12850 13885 11366 5267 14131 5266 553 14506 5268 14538
4586,7719 4532 14492 15260 9143 14674 4533 6293 6766 14321
4587,14130 2062 9045 11266 11366 5267 5321 9529 608 5162
4588,11366 13885 14130 608 12850 5267 202 14486 5266 14131
4589,13885 12850 11366 14131 5267 14488 5266 14486 14480 14479
4590,12850 11366 14131 8042 13885 681 5267 3002 14494 14486
4591,13885 12850 11366 5267 14131 5266 5268 14506 553 14480
4592,13885 11608 12850 11366 3949 14661 11607 14131 6386 8563
4593,9307 11273 12850 13557 7014 13885 15106 15155 14763 3486
4594,13885 5267 12850 11366 6785 7527 14506 14479 5266 14131
4595,12850 13885 11366 5267 14131 5266 14486 14506 5268 14130
4596,11366 14137 3815 13885 12850 14497 14486 3813 5267 5266
4597,13885 14432 14494 14131 14495 12850 11366 5267 8042 14488
4598,13885 11366 12850 14496 5267 14131 14486 14491 9026 14488
4599,13885 12850 11366 5267 14131 5268 14506 5266 14480 553
4600,14498 14497 14897 12298 5266 14137 14574 11366 13885 14486
4601,1910 12850 13885 6525 8357 2310 9995 3968 12602 8520
4602,11366 13885 12850 5267 14486 14131 5266 14488 14479 14130
4603,11366 13885 692 14486 12850 5267 5266 14481 14913 14131
4604,14499 4339 14481 14486 11366 5797 4099 5799 5800 5796
4605,11366 13885 14486 5267 12850 5266 692 14481 14913 14131
4606,13885 11366 12850 5267 14131 5266 14486 14488 14479 14130
4607,3990 13513 10330 11670 13143 3989 3992 10332 15277 1670
4608,14446 1561 14085 12486 266 14086 5297 14119 14087 13725
4609,12850 11366 13885 14500 5267 5266 14486 14131 14130 14538
4610,8676 14501 12880 2725 7804 5426 14048 10220 14047 4460
4611,12850 13885 553 5757 11366 5267 14538 14131 5268 14506
4612,14502 12466 6479 14503 607 5707 13057 12923 6226 6480
4613,13885 11366 12850 14131 5267 14494 14486 5266 8042 14488
4614,12850 13885 11366 5267 553 5268 14506 14538 14131 5266
4615,12850 13885 11366 5267 14131 5266 14486 14130 14506 5268
4616,14504 12850 13885 2201 10708 12668 2415 13805 15072 7904
4617,10986 14279 4753 9830 7855 11896 10941 6784 1425 8820
4618,13885 12850 14506 5267 11366 14131 5266 14479 14488 14480
4619,1864 1510 11912 6623 6485 1681 6480 13504 13499 13498
4620,1535 1166 5998 2823 13187 2742 2820 405 12426 2818
4621,6352 2614 2742 3465 14327 2820 14599 1532 1323 5998
4622,12850 13885 5267 11366 14506 14538 553 14130 5266 14938
4623,13457 13458 13253 10464 5899 5196 12081 12623 13832 13252
4624,6483 10764 6227 9835 5793 14507 11408 11407 431 8605
4625,14235 2265 13889 4068 3887 238 14152 2264 1625 11177
4626,14508 15177 14860 12338 7937 5980 5942 5984 5943 5941
4627,13227 14509 13228 4977 20 9602 15191 175 3820 8268
4628,8999 13282 7121 1368 11184 14670 14166 13912 7325 7116
4629,14510 14607 13414 4953 14824 14578 8376 53 5942 5943
4630,14381 9430 6003 15109 6128 8617 12870 14970 160 13018
4631,1269 4933 11873 6982 1337 14511 8014 3277 2715 10856
4632,5527 10870 7626 4505 15207 15206 4816 5526 9701 5524
4633,726 2657 14512 11405 10580 10581 8005 5264 8006 10094
4634,14513 14277 14478 14610 8547 13420 14275 14279 1425 11053
4635,740 14979 15274 15273 833 14907 14980 1351 14089 14348
4636,4074 8182 4016 10282 12838 4357 1092 4372 10284 5731
4637,7844 14165 11367 7842 7843 14447 14930 110 11945 15069
4638,2836 5026 3536 11367 14432 4382 11030 2109 12773 12775
4639,14166 14514 2210 13883 13512 9021 14149 14081 9023 9022
4640,13000 14413 10542 13001 1886 14683 14684 2800 12963 12999
4641,10873 10872 14516 10874 3834 10976 14515 12616 14412 1298
4642,1721 3693 8152 4407 8151 11118 1776 8160 5440 9754
4643,9759 8096 13 8095 4565 15 13307 12049 9763 12
4644,7643 3895 14517 7649 3907 1127 602 603 2043 3898
4645,11366 14486 13885 14481 5266 12528 14499 14913 14491 5267
4646,612 3629 12713 3462 618 9905 11677 3628 11678 3625
4647,11238 14422 14423 11236 7547 6267 11237 11731 390 3369
4648,14519 15247 15011 320 10591 12877 5941 5942 5943 5940
4649,1617 235 234 1618 1619 1622 1621 1620 1597 1598
4650,10180 4076 9251 539 11784 9412 4285 8 12962 12961
4651,5107 3751 13430 7109 5102 5108 5103 5101 14952 5105
4652,13723 7057 560 4137 5367 12589 4413 4698 7058 6804
4653,12101 10981 14156 8993 10977 5036 5395 7609 8740 13646
4654,13036 12297 7867 7251 7210 14520 14521 5973 13533 13263
4655,12251 8892 7776 12247 12252 5640 10584 12248 9448 10335
4656,577 14522 14094 712 13286 14095 15026 3600 582 581
4657,2820 3465 1166 12426 2742 405 2614 13187 1165 12747
4658,9830 5485 8244 14686 14839 14841 7981 12401 7982 7983
4659,8727 2817 5998 2742 13327 2820 1166 1165 405 407
4660,4515 13324 13271 13628 4330 13323 8826 6992 1529 2820
4661,1166 11524 13187 12426 2820 2818 3464 1535 13660 404
4662,13007 8904 11112 405 10207 1323 2815 3465 2820 13334
4663,1165 2816 2820 13452 13187 1166 2742 12426 1535 3464
4664,5518 14222 11384 14581 5520 5519 14223 14204 14415 13895
4665,6764 9147 12881 6057 1376 14523 14460 14389 3933 12233
4666,14513 14478 4549 14204 14277 14848 14706 14610 8547 13420
4667,11217 13053 11405 11604 10468 11605 13949 12010 11853 11218
4668,14205 7381 13949 14460 7375 7376 14462 916 14526 14448
4669,14426 14524 13831 360 5183 14586 14389 13920 14941 12388
4670,14198 14525 9201 14395 14197 1633 9210 14254 8300 6533
4671,6606 14204 14523 6605 14846 13183 6612 6607 6609 6611
4672,13207 13266 6476 11405 14193 2914 907 13265 8564 14153
4673,11384 14379 14380 693 5519 6355 12065 14884 14303 14956
4674,14526 4757 12013 14854 13018 7381 7170 10920 8408 3576
4675,14527 1181 14528 7663 2591 11786 14723 13121 7715 14754
4676,14529 14530 692 3801 10483 10559 276 8969 1865 12512
4677,14531 1907 13405 13368 14065 7660 12519 5614 5674 14027
4678,61 5216 173 94 80 8245 743 76 1328 55
4679,11289 2591 7581 15265 914 11287 682 12044 14663 10280
4680,13167 14212 14448 14211 415 12103 9522 630 14205 11124
4681,11366 13885 14486 5267 12850 5266 692 14481 14913 14131
4682,2303 1180 7844 3580 12724 13754 13755 10613 2315 7354
4683,13272 13756 13759 13757 6387 13758 2417 10107 13273 10810
4684,11144 2321 6077 11141 4101 2174 2648 11142 2644 2933
4685,3537 12373 10868 3540 11453 5355 3521 12372 2274 3541
4686,12989 13335 7384 8892 8635 3795 12990 12991 8086 12992
4687,9217 557 14532 9210 2904 6533 9196 3474 4466 9208
4688,1846 12898 6183 6485 5715 6484 2627 1864 1700 8114
4689,8164 4605 4133 1357 15238 9852 9751 4135 9851 4137
4690,2820 12426 1529 1166 2742 405 3465 12747 13187 2614
4691,5352 14495 13606 7935 14494 12590 5356 14432 14219 5353
4692,14039 10254 10253 7648 10593 8686 13175 12282 7889 12716
4693,9339 3993 7863 14534 6880 3944 591 9341 9685 7197
4694,5673 12551 8164 4133 10818 11120 12756 4605 14225 2887
4695,13741 14311 12577 14739 14310 3017 14743 2602 12470 7408
4696,13846 12567 12566 6785 2979 6524 6349 10870 13459 6685
4697,13114 13900 9015 13040 14783 11208 10243 10085 14392 10431
4698,10542 7565 1884 14683 12093 1184 1458 5974 12003 8544
4699,13353 14331 13926 2814 10076 13575 10410 2815 2824 15096
4700,9114 5514 9105 9116 9112 3571 9109 9119 9113 4662
4701,14356 5592 7050 4582 14355 5288 4589 2729 2274 1836
4702,6909 1886 7455 7466 9238 9960 5869 13000 7453 7454
4703,10782 4073 5896 10112 12263 7343 13978 11357 2929 4964
4704,6806 7427 5687 2872 10199 12378 8847 12917 9752 12259
4705,14535 7268 14240 1739 2300 7271 7276 5491 7265 6222
4706,12850 14536 14537 13885 14943 14067 11366 5267 14538 553
4707,6329 5369 924 3771 15008 12406 5376 7141 946 1523
4708,14131 8517 14494 14432 8042 14495 681 13581 13583 13580
4709,14540 14541 7231 11619 15144 15145 10048 15046 12752 13124
4710,626 8397 9365 6488 5377 5709 7544 4966 13479 1178
4711,14542 5337 7136 7258 7946 2183 7257 12869 4126 2673
4712,12850 12298 13885 11366 14971 5267 14497 14538 553 12849
4713,14498 14897 13885 14497 5266 12850 11366 14131 14488 5267
4714,14543 9563 6729 14566 11884 3841 9711 5595 15007 5216
4715,9406 14545 3486 9419 9417 9408 9411 9413 9422 9415
4716,12850 13885 14538 11366 14938 553 5267 14429 5268 14506
4717,1721 1357 6553 2376 2369 9851 1354 1355 4407 6741
4718,14538 14973 14938 14264 14415 13262 553 12850 13623 14223
4719,14538 14973 14938 14264 14415 13262 553 12850 13623 14223
4720,13652 11009 9827 11010 2715 14116 14303 11604 11605 10468
4721,14512 11405 11403 726 11402 14136 693 11400 11398 2657
4722,11405 14512 726 11403 11402 14136 9106 13286 2657 13395
4723,9406 14545 3486 9419 9417 9408 9411 9413 9422 9415
4724,12850 13885 11366 5267 14538 553 5268 14938 14506 14429
4725,12850 13885 11366 5267 14538 553 5268 14938 14506 14429
4726,12850 13885 11366 5267 14538 553 5268 14938 14506 14429
4727,5751 3500 2957 12516 5752 13373 12918 6390 5750 11560
4728,101 14547 14264 15066 14898 15067 15270 14690 15249 15068
4729,149 14548 478 824 12202 13161 466 781 476 873
4730,101 1808 103 10704 1814 6008 15066 8845 3806 10706
4731,12134 12101 10977 14696 14697 14976 8993 14593 13764 13899
4732,58 14604 13411 15068 15249 14980 94 80 14605 11126
4733,2887 12756 15126 11787 7450 14464 10818 1001 4133 8477
4734,14557 14553 14554 14551 14556 14552 9740 14558 14081 8120
4735,2743 1165 1166 2742 4516 2820 13327 1535 3464 13187
4736,12850 12134 13885 14538 14696 14697 14976 11366 5267 8200
4737,14490 14417 14470 14142 14674 12321 11217 13885 5942 5943
4738,8828 3465 12426 14799 13727 8834 2820 14804 15096 8831
4739,692 14561 8250 14136 12206 15173 693 8456 11366 13838
4740,1173 11055 12481 11162 7293 11056 10956 1172 6370 13031
4741,4465 692 6627 13265 6630 6632 6628 6631 13266 7525
4742,5384 1655 9682 5383 2438 1939 5382 14656 1094 5842
4743,5786 5787 7000 14404 3177 11868 3178 13784 11364 12641
4744,12465 14563 12468 12467 35 9603 867 11077 1267 12466
4745,14564 14565 5019 4756 13511 10200 11994 15180 11026 5055
4746,10591 14213 13838 15188 13927 13056 14519 6603 3841 1765
4747,1001 11768 2893 11057 12644 5422 6703 7062 1000 10858
4748,14566 14543 9300 3841 11884 15007 1587 9298 9301 9304
4749,13897 13894 13896 1858 5666 12592 15195 12195 3545 9492
4750,14316 4497 692 14241 13431 14315 14570 383 1632 9113
4751,14567 6583 6582 6584 13058 6581 6044 12494 11159 5147
4752,11630 14268 8454 11310 11186 14985 14580 4451 14110 14819
4753,12339 14569 8250 14575 2273 12338 14492 2263 6467 14574
4754,14316 14241 14570 14242 14244 14245 14251 14243 14248 14246
4755,330 6036 10709 3180 305 976 303 307 313 321
4756,8477 14226 5689 2887 14464 14225 12551 4133 11787 15126
4757,14572 8250 692 14573 12340 14964 6581 14238 14638 13838
4758,8250 14575 692 14574 6581 12339 14492 14238 14009 14572
4759,692 8250 13558 14572 14575 12340 12339 6581 14573 14580
4760,14209 14596 14595 14213 15188 14458 13680 15173 15086 15169
4761,13172 14082 13174 13173 8138 9214 11963 3170 2501 2657
4762,14577 14576 15277 10741 13513 13074 14434 5344 1948 451
4763,11883 2391 12025 15163 11884 11911 2392 2389 2398 2390
4764,53 14578 15228 10501 10502 14987 80 8377 94 14826
4765,2230 13192 7944 10653 9341 14232 6880 591 3944 14128
4766,14579 14503 7223 101 15056 7228 14713 12466 15189 14615
4767,10382 8591 10383 2325 15028 9200 15029 117 12875 131
4768,14582 4434 4755 10095 4433 4432 4435 3877 12537 4431
4769,13999 9202 6618 7351 9210 15133 12991 9208 6533 9196
4770,8128 10115 6797 8113 8124 8121 5259 5382 2394 5842
4771,11205 11426 11947 11425 11207 11197 844 11204 13001 11201
4772,11458 14583 14584 14585 11460 12427 14713 11462 113 2323
4773,10035 1889 5380 5620 5381 3878 8915 8929 8927 8924
4774,6483 908 6181 11622 6180 6170 399 11007 3939 6492
4775,6885 6884 12318 6883 11979 10519 12709 6952 1179 4924
4776,14319 11048 426 3190 6022 8760 12099 3508 1421 355
4777,14587 5559 14451 4755 1636 1134 13822 1637 9004 11717
4778,10407 10456 11426 12648 7556 14034 11427 6819 11425 844
4779,9793 2741 13574 5998 14139 13354 13260 404 9791 2742
4780,8688 7648 12892 14039 5677 13654 13655 10253 10254 9506
4781,4133 4605 8164 9852 12643 15126 11787 12731 15238 13683
4782,8575 6520 6476 10810 6886 14281 8136 7639 13419 7853
4783,12216 8410 13726 12217 12214 12215 1794 1941 8414 1945
4784,11781 5923 11177 14365 13653 7659 11782 11783 11780 5924
4785,2636 12612 12092 8508 12316 3562 12313 3564 3563 1343
4786,11366 13885 5226 14486 5267 12850 5266 692 14481 14913
4787,9022 14110 9021 9023 9011 9000 14514 9012 13512 1274
4788,6487 2650 13828 5379 6480 6492 6493 6118 959 6481
4789,12850 13885 11366 5267 14131 5268 14506 5266 553 14480
4790,13885 11366 12850 5267 14131 5266 14486 14488 14479 14130
4791,13679 7402 12981 3265 11152 14845 14737 9589 14738 14846
4792,14589 12772 12775 12773 12780 12771 12778 12781 12774 10877
4793,1475 11759 9318 4085 3736 3315 6220 4949 7915 3534
4794,8324 5 5814 5759 8323 7961 1387 7908 6 5472
4795,6984 5525 3720 3893 6979 15092 4258 6986 15187 12829
4796,12850 13885 11366 5267 14131 5268 14506 553 5266 14480
4797,8580 1949 13079 8579 8583 12512 3800 14310 7110 5721
4798,726 8590 584 14512 11405 9106 12465 35 13852 12468
4799,11405 14591 11402 11403 14136 14512 726 13286 13395 693
4800,4424 13513 5929 2951 13017 4432 4435 4433 0 4429
4801,14592 1605 14821 9106 14822 15252 11731 10468 11604 1598
4802,8832 8334 13336 3677 1475 8327 8332 8333 8330 8331
4803,11384 13681 553 13262 13737 13365 366 5757 14882 14303
4804,6004 4351 7941 2599 5372 8895 8893 6002 8888 3929
4805,12838 8832 11880 11877 4074 12535 14332 12837 1631 905
4806,2978 3582 12928 9555 14593 13617 2970 2968 2975 2967
4807,14594 2847 5729 2854 2844 2850 2862 2853 2861 2851
4808,6105 10820 4016 6112 6045 4764 8895 8888 2599 8893
4809,3542 13435 2152 10837 3521 12137 14738 2410 8325 3523
4810,11405 726 9106 14512 11403 11402 14136 6719 11399 13286
4811,11405 726 9106 6719 14512 11403 11402 14136 9105 11399
4812,611 593 6474 10893 11483 2141 6016 11484 12051 14621
4813,14301 12556 6654 14097 10392 14302 14096 5428 1249 12555
4814,7689 9655 6687 3182 9656 1707 3672 4187 4169 5664
4815,14596 14209 14595 13680 14213 15188 14458 14214 15173 12206
4816,8999 13680 14595 14596 13684 13682 13683 3483 13681 11022
4817,1485 13013 14597 1483 11316 13012 15249 15068 10840 3488
4818,2742 2614 2822 405 12426 2820 1323 1535 3465 1166
4819,13327 2742 5998 1165 8727 3465 2820 6000 1166 14079
4820,14598 4151 13417 4550 4149 4148 4150 6503 14206 13420
4821,1534 3463 3046 2814 8834 14327 5998 14599 14324 3045
4822,5131 8574 6488 8397 5160 5154 12175 1586 12174 3129
4823,13815 14600 12949 13812 1996 8216 13811 13810 8629 2610
4824,2291 7341 2412 9051 8342 8327 8330 8331 2272 8329
4825,1989 1992 8671 8670 4504 9688 1491 11017 4946 13645
4826,11444 2031 54 1988 47 3237 11440 14049 1589 13953
4827,14450 11388 9825 9150 3656 11389 11971 10402 3654 2420
4828,12163 14602 14601 7765 7832 3678 5182 13546 9822 8750
4829,13736 14214 14009 14211 8020 15169 15170 15219 15218 11186
4830,5415 7158 14603 13012 12105 1496 14553 8499 5004 13015
4831,7324 8802 14080 14605 14604 100 7325 11060 15215 15211
4832,10252 14606 12235 5678 10250 7180 14170 14118 9668 9291
4833,7352 7350 10610 10609 6622 7351 7349 13386 8264 3838
4834,2574 13042 9921 181 9900 9909 9916 6917 9913 9899
4835,176 14607 476 3365 1269 4192 9399 9342 7908 725
4836,705 3242 989 6563 4568 12941 10232 250 4673 3246
4837,14355 9910 14608 3461 4582 13632 14356 9899 3159 10342
4838,12762 938 12761 2441 977 966 1538 961 967 3663
4839,14610 10266 14223 8547 13420 14277 14513 14676 9935 8754
4840,195 10886 2026 2518 14611 10261 10707 11807 3000 10590
4841,8059 1926 10151 7434 9650 1934 1937 13761 6252 1922
4842,1268 7106 10870 10867 8967 11621 13762 1592 14588 1936
4843,3033 12347 2229 4942 3036 329 11738 11170 4246 9355
4844,12786 5194 12380 13233 13671 6995 5954 15095 14799 14325
4845,6917 291 823 5313 10539 6882 2464 9479 2562 9315
4846,9212 230 14613 14614 280 7586 13205 6481 2592 8037
4847,107 8074 5512 1216 821 3306 7821 14297 9700 601
4848,5261 13577 12028 6242 4439 1480 3410 2726 7647 5911
4849,6572 13693 6570 6355 14882 14884 14883 7120 14401 13440
4850,6339 13603 488 6338 6337 5362 6344 14363 6340 2144
4851,10486 11717 1944 12316 3350 11094 1134 9374 3302 1370
4852,145 2460 1047 167 786 6575 215 123 132 157
4853,379 3228 14617 909 3968 3229 3227 958 10780 927
4854,7051 462 658 489 7052 7050 4850 7053 466 686
4855,6146 7802 7803 12081 10745 5899 10120 10744 2728 4699
4856,14367 15276 5944 5945 5946 5947 5943 5957 5950 5948
4857,10814 10812 10816 10811 9757 6809 10817 10813 7092 1710
4858,8892 8893 8894 8896 8888 8895 5372 2599 3929 8889
4859,10151 7704 4561 10147 2432 11566 10148 10149 10145 10146
4860,14544 3972 8902 12785 5607 3275 3274 8636 14317 12266
4861,1518 3743 11289 5410 12044 488 8515 3973 6650 3933
4862,13264 651 12845 2838 8820 14275 11053 1425 5706 14279
4863,14619 1702 3916 14618 14550 12421 1409 2262 788 4784
4864,14621 3407 242 578 8182 11483 12580 6762 3956 11213
4865,2041 3475 3510 6467 3968 3379 2037 1910 2310 9995
4866,10911 13556 4599 14762 13557 14763 10912 14764 3486 13212
4867,13826 2716 8325 11265 1276 4902 13827 2287 11825 11826
4868,13759 14623 1611 7999 12296 4670 12135 5654 13757 3410
4869,9813 12594 14624 5252 14232 13073 12003 14231 13192 8099
4870,3213 12051 10421 364 3872 2061 11561 11562 151 11066
4871,12426 2814 2822 11878 11110 1535 2820 2815 405 1166
4872,4861 9255 690 12197 4418 5000 1105 13581 3454 13579
4873,13611 14076 12311 13613 13614 13612 8278 12172 14075 14077
4874,5338 5289 6108 8677 5291 5339 14754 5336 5358 12439
4875,14625 14626 1365 14640 11419 13799 12399 6385 10983 6599
4876,2956 12845 10484 10974 11679 11682 11678 8956 11674 13411
4877,8200 3916 4575 4184 8194 3631 8962 8198 7838 1270
4878,3787 14627 14629 14630 12814 14628 12170 10694 1801 5805
4879,14632 5887 5986 1585 3837 2911 6263 8281 7233 8471
4880,14297 634 9706 8074 6691 9701 7428 10704 9169 9700
4881,7886 6096 9292 7887 1264 1262 2451 6559 13417 7882
4882,5488 7580 794 5489 5490 6689 7577 7578 7357 601
4883,2711 6953 5062 6223 1460 10424 3932 6957 214 9153
4884,6488 8397 14275 3980 629 6118 2256 6330 7852 1746
4885,14635 7359 5481 4956 8737 5469 7430 5476 5470 9443
4886,14636 5740 7232 3765 10968 6149 6157 1505 3168 6152
4887,10633 882 14637 10834 5986 10507 586 1040 11259 9495
4888,11315 14638 11306 14238 8374 14572 12626 10251 13559 5944
4889,8195 1905 4850 3500 1282 11918 10136 8696 5351 3960
4890,3192 2332 10760 7388 2337 1572 8063 2537 7493 4319
4891,14639 2704 1102 4416 73 14841 14686 14839 2748 11125
4892,11082 4507 8224 1832 6178 8434 7992 4000 6442 6440
4893,14625 14640 14626 1365 9436 14726 13457 7085 13459 5943
4894,10242 2795 12696 13907 13065 3573 2797 1958 10243 5258
4895,9826 6528 6187 9655 9650 6251 5657 8059 6698 6530
4896,3009 10344 14641 3005 10345 10457 10455 3010 10346 717
4897,4907 9912 10737 1029 3749 9040 1034 9038 1031 1745
4898,1047 7836 2116 9089 11323 2943 7708 2255 4253 6443
4899,611 14621 11483 10893 6016 11484 12580 12051 8303 773
4900,8434 7822 6054 8432 10297 8431 83 10306 10302 595
4901,9540 10199 2875 7427 7554 365 11569 10198 1828 5447
4902,14611 12652 8898 224 4120 8879 1424 10261 3000 11807
4903,4862 10017 10126 476 870 1105 13581 13579 13580 13582
4904,11366 692 13885 14486 12850 5267 5266 14481 14913 14479
4905,8035 13162 8751 6482 7986 7851 13691 8271 8657 9128
4906,3945 4419 1660 1092 12758 12759 472 646 12563 6833
4907,3930 10181 7683 323 10573 347 7763 7996 11134 4801
4908,13017 8572 13012 3719 3488 13014 11316 1092 7604 13016
4909,10857 3688 3074 9535 1003 10193 3667 13985 10855 13665
4910,1452 4821 7348 9397 796 8941 6025 1450 6688 3253
4911,8724 12433 10547 7371 6913 188 9902 9905 392 1018
4912,5083 3624 5027 8243 3250 10665 10045 7397 1083 11083
4913,8363 14071 10789 8543 1134 11980 13400 8102 12003 11163
4914,7691 5408 2821 10725 5406 12873 10049 339 7049 2397
4915,11777 1354 2378 1355 1357 2371 12874 4141 10366 1356
4916,14644 14643 14642 13739 13602 8576 8507 12650 466 3259
4917,5711 8341 4577 12484 6511 8332 8333 8330 8342 8331
4918,12376 3003 3443 10543 11351 11434 10246 4692 12378 7817
4919,232 162 7196 7697 7195 229 2829 11292 10485 6912
4920,784 1474 6383 6380 6595 472 11196 12295 6592 4774
4921,5570 13314 8713 12473 8316 12471 10731 13144 10130 5571
4922,11315 14638 8374 11306 14238 14572 13559 12626 8373 5407
4923,1569 10832 12094 2748 169 1418 6028 12095 2133 11345
4924,5780 14645 14646 5775 5781 5631 5779 5778 5776 5777
4925,10840 586 11481 11316 4236 3510 11662 5030 13013 1485
4926,14650 14648 14649 14653 14651 14647 13523 6465 7082 4952
4927,4726 5004 10502 10501 1104 10500 112 12460 8049 7130
4928,8838 8570 9133 12132 11994 8964 2187 1661 440 3241
4929,10672 12034 3662 11849 12840 12103 389 4408 11836 13181
4930,3392 3393 9373 9374 3888 3391 3394 3399 555 3400
4931,10599 5866 6477 6823 645 8836 9622 10597 10348 5095
4932,578 6849 10267 9349 8606 5795 5313 10599 9343 6332
4933,14654 14862 692 5944 5945 5946 5947 5943 5942 5949
4934,14655 14309 13186 15091 14335 15032 14029 13648 13660 6353
4935,14656 14645 1094 5507 11214 5842 5382 2394 13419 5381
4936,2745 2743 13540 2822 13187 14139 15010 3045 13356 14457
4937,13330 1323 2614 12426 12511 405 3262 13931 14123 14122
4938,2814 12426 4516 9786 1535 2822 4514 405 2820 1166
4939,2741 4515 13628 2742 2744 13271 2820 1165 13323 8827
4940,2742 2743 2820 2614 1165 4605 2822 13327 3465 1166
4941,5998 1529 10730 2614 2742 13578 12426 405 2820 3465
4942,12426 5998 1529 2820 405 2742 2822 13187 1323 1166
4943,626 1339 14657 5709 4966 5377 13479 9365 8171 8175
4944,2614 1323 1529 13330 405 3465 12426 2820 2742 2822
4945,11393 2614 1529 11392 6005 3464 6897 3465 2742 2739
4946,1752 2699 3602 13585 3043 3044 14423 1751 10516 5987
4947,14315 12911 13431 4118 1632 14316 13310 13904 3067 5563
4948,8802 5567 14107 9901 10550 1497 9924 2530 11250 10882
4949,1979 1262 8693 5498 12440 12133 9242 7495 5333 15055
4950,11254 6716 235 234 2959 14985 13954 1617 1618 5253
4951,14659 13020 12480 14658 3894 14043 5559 14772 12366 13996
4952,3369 1160 665 12430 11551 11731 11064 3030 11238 7365
4953,14660 9799 259 15242 924 15276 5944 5945 5946 5942
4954,14175 6060 11079 5766 2901 6059 14104 10153 5764 14047
4955,506 880 3100 1943 12053 895 1797 8941 2162 5094
4956,13312 14507 10491 14284 14174 8218 13986 13760 7522 14362
4957,1538 3663 938 14608 977 12762 8695 7039 1539 1536
4958,9090 1194 14661 6517 895 2158 4096 9093 6194 9095
4959,7236 14662 6726 14330 13288 13298 13297 13303 13293 13299
4960,2807 3171 5277 8313 12160 5653 1028 12099 8399 3166
4961,2952 9253 3192 2352 2078 2249 9693 8196 3297 10700
4962,9352 5808 11201 8075 14663 3222 9353 9351 1742 9347
4963,13260 14139 9793 2823 13575 10410 8730 2745 13540 13574
4964,14034 6819 10967 14024 12366 10407 13072 11425 14664 8698
4965,10789 8363 8102 5370 13877 11211 8598 8759 10788 10787
4966,14666 14667 8133 7276 13077 394 8210 8132 8007 6981
4967,8376 12421 9590 5351 4850 5796 11705 9588 8565 8195
4968,13412 8872 2033 9215 14668 10528 4211 10616 11320 4280
4969,2296 11483 5452 2651 2655 11484 14621 2293 2650 2653
4970,14670 8999 15213 15211 15215 15214 11060 15212 4429 8049
4971,10235 8347 10237 1085 1484 11746 3605 1070 10656 10231
4972,1806 5577 8724 9911 2572 9616 9902 9916 12306 9926
4973,347 502 1732 1820 13722 4479 10166 4954 7823 351
4974,14534 3626 8898 3663 3759 73 1539 13721 4305 945
4975,13651 13332 11524 13331 13330 13259 12511 13576 405 1326
4976,11461 4818 11462 10039 2936 5085 11459 10835 12012 1782
4977,7172 12159 5287 2108 4172 13951 12208 12285 5486 5788
4978,10787 1734 3222 3893 7514 8897 15187 7345 5370 8598
4979,14518 3375 8286 6882 1854 10739 496 9248 2130 4994
4980,3955 1347 10909 7920 13883 6532 6923 7502 5053 8260
4981,447 4363 3510 467 1453 497 10547 8722 5095 10597
4982,6068 13631 337 6069 9829 15276 5943 5944 5942 5941
4983,6679 134 2333 14602 211 14601 13402 5167 3695 13178
4984,6836 13588 5785 14278 3906 15181 12815 12062 1425 14279
4985,10072 11777 1916 10075 8645 10071 7819 3442 10073 9751
4986,6577 216 3222 651 4085 1993 126 10601 8352 8201
4987,13488 14671 9172 13956 14673 14672 11577 12254 13761 6935
4988,1773 7217 1774 10936 1011 5255 1704 1353 12936 1770
4989,9976 8056 2710 8555 7405 9980 9335 3919 9986 9987
4990,230 11366 10867 3859 11023 12824 1663 10870 13885 3862
4991,3831 3339 5829 5208 5214 2540 3329 3319 5220 3316
4992,11419 12653 12399 9140 13799 6385 14626 7259 10983 9272
4993,14674 14470 14417 11217 14142 14490 14886 7719 6401 9129
4994,12574 5678 14606 14971 1880 14887 5676 12134 2549 2542
4995,9068 1574 9314 10452 10451 13055 9468 3222 579 6642
4996,10305 12185 7400 10301 1233 2773 8975 8875 10298 2766
4997,1769 4062 4063 11120 9853 12199 4336 1770 8824 12657
4998,6244 13640 6785 2983 6256 6239 12082 4674 10716 6539
4999,14676 6199 10077 10340 8815 8754 5610 9678 5813 14675
5000,3271 3272 3270 174 1290 1961 8793 9899 11373 7919
5001,7415 7416 3549 5145 5790 11074 11589 5968 1308 3116
5002,10626 2372 9851 6432 11808 10629 12728 3079 14347 5873
5003,14677 10808 8680 12913 13236 1712 12757 5444 2621 7108
5004,10844 10845 12677 12676 14679 13666 13703 12184 11688 13001
5005,5847 10367 5843 12375 5848 12374 12145 13789 13444 5841
5006,2750 611 4848 2313 14680 11677 8956 11679 11678 11674
5007,11252 11251 2011 14681 2010 6110 13684 15218 15219 15170
5008,12472 3425 14265 14064 3889 6540 5781 9806 12223 12473
5009,10084 14145 11188 10083 10081 8276 3784 15109 9004 10080
5010,4624 13983 11386 4615 4618 4619 4622 5844 13450 4623
5011,5988 1451 290 3863 8181 5992 4546 5990 5987 7861
5012,6067 14682 1705 2875 12259 5857 12917 12731 2872 12146
5013,10929 89 780 10927 10928 10923 10926 10925 10922 10924
5014,14684 8427 688 1302 12978 14683 13210 13904 12582 10524
5015,14121 5398 14258 12621 1834 5623 3989 2994 2102 1811
5016,53 14578 15228 10502 10501 8377 14987 94 80 14826
5017,14259 1808 4073 14685 13559 941 9267 13928 10821 5896
5018,7121 8999 14406 11185 3022 10651 12876 12874 15069 76
5019,3069 10951 13692 8746 12218 10946 10947 10945 10944 10942
5020,10798 2227 6786 5210 6444 2238 7467 10934 13277 1132
5021,6603 7380 198 10591 1765 4313 3553 11373 8793 6607
5022,10839 8471 13637 13027 13028 13636 1585 8470 8466 8475
5023,5123 13231 2279 9890 986 376 7861 7248 6266 9811
5024,14687 9511 15146 14931 8390 6202 14092 10835 7845 10834
5025,12886 6836 8190 8944 10589 14710 12269 6123 11865 12777
5026,10384 14688 14689 14914 15254 6581 14887 14905 15064 5595
5027,10715 14702 52 14100 9099 9487 14690 1351 13827 3865
5028,6489 5788 14691 5708 11397 14492 6492 6480 6502 6497
5029,10516 11961 1697 4532 11962 10596 12276 11810 12337 6587
5030,14694 14539 14693 7244 9486 7229 9244 2678 11932 8950
5031,5612 5950 3969 11250 357 5617 5615 5620 5619 5616
5032,2753 11159 1684 8348 14695 5049 893 9029 7487 10620
5033,14696 14697 12134 14976 14593 13764 13899 1754 14886 1518
5034,14698 5941 5942 5943 5944 5952 5946 15276 5948 5945
5035,14699 1186 6191 5059 10690 664 6194 6195 11080 15021
5036,14700 15289 11045 15276 5943 5944 5945 5946 5942 5949
5037,7554 6323 9753 9628 11800 6809 9756 9757 4688 6811
5038,4849 71 4095 5789 3818 2129 3607 2338 2532 2514
5039,10715 14702 52 14100 9099 9487 14690 1351 13827 3865
5040,643 638 642 639 12546 4111 636 641 644 640
5041,8334 8329 8331 8330 8332 8333 8328 8342 8327 8343
5042,611 2075 10893 11483 6016 11484 12051 14621 2141 8303
5043,8428 14706 14707 3805 14705 944 971 10906 14704 7545
5044,8250 12340 14572 13838 692 14575 6581 12339 14573 14569
5045,14708 9251 9845 12565 7205 12470 11012 11784 10180 12564
5046,14304 13919 14646 14303 2623 14960 14848 12020 9827 14961
5047,8640 12269 12886 11189 8944 8576 14710 11865 14709 7945
5048,14316 9113 11384 6484 10441 9105 14241 14570 14315 13431
5049,11148 101 1696 11563 2498 8272 12516 15066 8479 12918
5050,692 11405 14136 11402 693 14208 11403 8250 6803 13838
5051,1627 14711 11405 1628 8411 11402 11403 14136 14512 726
5052,12134 12850 14538 13885 14696 14697 14976 13899 14593 13764
5053,6202 11574 2556 10835 10833 10834 10836 8221 9511 4857
5054,14163 14866 14868 14865 14867 14612 7118 8999 12427 14559
5055,13348 14712 11109 11111 3464 13671 14799 8109 15010 13328
5056,753 2318 3049 4020 2748 5936 5924 5930 3353 6411
5057,11089 11134 14511 2355 11088 7492 3198 3257 4805 7276
5058,5459 9979 3457 9943 5454 13139 1104 5453 3770 5456
5059,11894 11895 8042 3002 9198 8031 11893 8730 1005 8405
5060,502 2320 312 12668 14310 5721 11671 14295 14298 6088
5061,58 14604 13411 15068 15249 14980 94 80 14605 11126
5062,113 2360 2358 14669 7140 2438 10664 9367 11060 15211
5063,3266 10884 794 488 1686 1194 11924 5013 10100 3218
5064,13367 1134 11425 11717 7 9374 14587 9004 5329 12480
5065,10625 14227 10102 11654 2930 10200 14740 12558 11653 12563
5066,8963 6527 3216 5087 6530 895 2158 5091 3682 3539
5067,3833 3613 3050 11958 7996 3811 10294 5652 6855 370
5068,8760 14319 8747 8807 4336 11952 7781 13345 11027 8806
5069,3753 11144 11129 11303 14839 14841 9325 9326 14686 5614
5070,7961 7960 2607 10233 10231 8344 6400 3725 11326 6563
5071,6327 6331 12200 2059 6480 12090 12089 15127 6492 6509
5072,14715 9557 2409 13690 5161 13687 13688 13686 13689 14012
5073,7857 14440 11137 14416 4359 2830 7852 7854 13108 15105
5074,4075 11466 9088 11067 11068 11065 9030 11262 10139 3695
5075,10612 11478 8367 10551 9899 5574 2553 12109 12106 392
5076,14108 12668 14210 15118 2201 5721 14504 11243 14310 7914
5077,486 2428 497 1586 9301 12175 12174 6647 9298 493
5078,7396 7395 13235 7397 4495 2745 2364 13326 7394 7393
5079,6505 14717 14716 6493 6492 6480 6495 5379 907 6509
5080,1670 14036 8780 13513 14718 6722 14997 13740 8964 13037
5081,13485 2811 10346 6754 7347 13054 15165 14149 8596 3073
5082,9660 2800 11586 14413 11688 11687 11305 11686 12336 7880
5083,692 1058 3903 1037 1055 8250 1032 1065 1025 14136
5084,12293 12675 12292 12290 12289 12673 15253 13381 14111 14110
5085,8303 4210 3542 7971 7453 7189 3293 7902 190 3532
5086,14720 7967 14719 13947 1351 14721 4671 1028 6267 14310
5087,12683 10254 11988 11355 13666 265 12679 14039 7889 12681
5088,10461 8167 8166 2399 3083 12735 12934 9194 4691 12725
5089,12858 9661 9807 7934 10027 1178 10982 6251 13178 12220
5090,13779 14109 13777 2050 13778 13678 10869 2728 13710 4527
5091,14722 7853 7855 7854 7639 7857 7861 7859 7858 7851
5092,14724 14723 7712 2726 13839 10229 7715 14738 14737 14845
5093,12846 10027 7107 14725 13776 11245 11490 1178 12858 14365
5094,14640 9436 14726 7085 13457 14625 13459 15276 5943 5944
5095,14728 14727 7471 13796 2992 13769 10104 12650 6397 7475
5096,14598 6503 4151 13417 4550 6492 6480 8204 8206 6509
5097,12961 14410 13101 15106 10180 12962 11790 14409 13100 15235
5098,14173 3387 14174 2419 8218 13986 13760 7522 14507 6435
5099,14174 8218 13986 14507 13760 7522 14173 9843 409 2439
5100,7107 13950 231 9827 14725 10027 13239 13767 12846 7889
5101,13254 5387 14178 13252 13251 12518 8264 13255 7262 13253
5102,8716 691 9718 9264 14721 5178 686 6368 11162 7912
5103,12055 12682 798 12981 4658 4645 12679 10053 12681 6748
5104,2436 2434 3798 14437 1784 2435 13768 13769 10145 13120
5105,11346 11349 11348 7057 11350 11351 4606 6551 10698 9237
5106,14161 7801 11620 11249 9857 12159 14119 11617 11616 11615
5107,12854 13081 9024 5818 2959 14805 13133 13939 12516 10566
5108,10116 13396 11984 8 10244 1120 3535 5249 8055 12948
5109,14730 14731 6614 9555 12254 14160 6612 6611 6609 12833
5110,12037 7302 15276 5943 5944 5945 5942 5941 5948 5946
5111,5729 6607 14733 9828 5759 9126 3469 13962 14732 5905
5112,13116 14725 14176 13719 11312 13610 3858 13718 5473 13107
5113,1863 3077 7222 6703 3078 3076 4625 7056 3079 1859
5114,12219 13705 12218 8746 8437 4546 6937 371 12220 12221
5115,14169 12389 13777 13418 4706 12827 4707 5124 12926 1126
5116,5716 13962 10714 6490 1846 9104 6173 8649 10363 12927
5117,13571 3977 9 15023 10744 14603 12044 4391 11939 11936
5118,6356 2998 9308 1321 15017 6807 2996 9635 9630 9634
5119,7568 231 3862 230 13988 12804 12981 13950 3753 5614
5120,14735 11486 2552 1497 1980 14261 12052 8067 3879 8533
5121,7065 3667 3688 7078 11351 13985 9536 11892 7062 11348
5122,7095 9850 10749 2375 2379 7097 10748 1000 4691 11326
5123,1355 1358 9236 4141 10365 1356 10366 1354 2999 2378
5124,13351 5193 3464 2816 1532 1166 2947 11899 8808 13855
5125,12332 14736 2372 15027 11598 12377 12729 11347 8541 1724
5126,4275 10156 14737 4274 12424 5478 10501 10502 4809 7328
5127,873 585 1204 5055 8401 10616 5037 466 4855 1686
5128,2874 9194 12209 8167 12732 7081 12731 12734 10461 2873
5129,9640 2370 7062 1012 1001 9637 9635 9632 9631 9630
5130,2371 2375 11777 4606 1778 1322 1779 9192 1780 1320
5131,9640 1012 1777 11922 13985 12637 13572 10543 14438 14439
5132,10818 7093 7784 3083 13683 13982 9851 1003 1727 7092
5133,1011 11387 4687 4693 4132 4688 14760 14758 14759 14761
5134,14739 3435 943 3432 3433 3434 3431 3430 12470 7408
5135,14105 11382 3843 3844 10952 14218 2876 3846 10815 11000
5136,5447 6555 6806 7554 10199 6556 6554 7819 7079 10198
5137,13560 7179 10416 10115 13181 7180 13083 7178 12447 11993
5138,4327 6062 2351 3589 5097 14096 2281 9317 4263 14152
5139,1532 11121 404 11122 2820 3465 1166 9791 2742 14405
5140,1145 1136 1146 4596 7215 9537 12378 10751 11351 12912
5141,4276 14099 6660 6662 6653 6656 6665 6666 3649 3653
5142,12078 12079 9308 7074 12076 12071 12080 12072 12664 12074
5143,9682 6244 6476 12082 8575 4674 10468 11605 11604 907
5144,13119 10108 13768 7869 6332 7432 14742 725 3993 6849
5145,14284 12483 2821 8058 10387 14362 12484 731 10491 13312
5146,14744 2086 6284 2093 11003 2092 2091 2094 11039 2090
5147,5845 7215 7057 12933 5673 10993 10999 4743 4134 10994
5148,14745 4039 2880 4037 4035 13380 12914 11385 13426 7819
5149,14746 14748 14747 12807 14749 12942 10568 14750 5668 10570
5150,10817 1344 1316 4036 10073 673 13426 13982 4035 10816
5151,4111 12546 643 2428 13571 4114 4115 4099 9657 4105
5152,101 15066 14898 15067 15068 15270 15249 14690 15013 7128
5153,14751 7817 12376 10246 1011 1862 4407 9625 9851 9084
5154,4403 11724 9195 12917 2872 12072 12074 11922 12080 13702
5155,12846 11245 14365 11490 6090 13710 10027 14725 13776 4527
5156,13760 10316 10110 14174 13986 7522 8218 9843 14173 14507
5157,2896 2730 3091 14062 2895 2905 2904 2900 10704 2901
5158,7913 12833 5467 2581 6614 5468 2927 8606 12830 12834
5159,1003 1354 4138 13573 1355 1357 2875 13621 7065 11777
5160,14752 14352 10560 12439 7264 13643 13642 13176 12522 13741
5161,5399 12520 1933 12892 12300 1921 1924 1922 1929 1930
5162,7015 8708 2875 4063 7014 4062 12657 14753 8477 1138
5163,14527 14723 1181 7952 13121 3861 14754 7715 275 5614
5164,11724 1317 7426 1777 4687 12643 6557 13702 8167 4688
5165,7936 4851 1837 7947 7948 1847 6174 7942 1222 6187
5166,11712 14281 8135 13419 8136 4273 7978 7639 15026 10023
5167,13617 12520 11620 13278 14593 2978 9555 13887 14340 11249
5168,14752 14352 10560 12439 13642 13643 7264 12522 13741 7940
5169,1002 8932 9173 3083 1001 8923 1000 8482 999 1012
5170,67 12764 10293 8817 13649 3501 94 14553 80 70
5171,10035 8025 5244 8008 8011 8015 8017 8010 11357 5620
5172,14755 14707 14756 12503 10906 944 14704 14705 11046 1332
5173,1914 9665 1917 9662 1915 5671 5669 1913 8165 6554
5174,13881 11660 9124 13882 2862 7884 7885 11661 6158 10914
5175,9952 9950 9949 1344 9948 9951 8382 13833 13834 13835
5176,2858 12379 2844 2854 5954 3900 8509 2850 7201 9440
5177,7532 6589 13548 12957 7536 1479 12953 12954 12952 12951
5178,1547 11589 6048 6472 10636 3120 1486 1652 3123 11995
5179,1119 8016 3429 1122 8021 9393 3428 1120 1121 3427
5180,1532 8526 4515 2614 9784 2820 3465 2742 11112 1166
5181,13667 12985 5975 10104 5890 13025 1174 3854 11661 4932
5182,6748 12682 15267 1561 12892 12701 12702 12704 12055 12679
5183,4132 4688 9624 4687 14758 14270 14759 14760 14761 10087
5184,14394 9127 9659 8035 11622 1925 1947 7259 14190 14133
5185,11107 2618 5687 11104 11103 11100 11106 2620 1730 9962
5186,10911 13557 9307 14762 14763 14764 11273 3486 13556 7014
5187,12895 6360 1011 12908 12894 674 9851 12897 13060 12893
5188,5219 315 1498 327 313 303 307 321 10019 7439
5189,8216 14023 8593 7321 2665 13814 3562 9075 2088 12544
5190,14664 12328 13318 14024 11687 14025 11247 11246 3013 14076
5191,6940 12740 12495 14262 5571 6722 1630 13612 6371 13037
5192,12311 13995 13000 8508 12315 9025 2636 12253 13611 12313
5193,14768 14766 14767 12317 12107 4554 8044 9891 10258 12318
5194,14769 14770 13907 5258 4738 14781 4654 10242 13019 5578
5195,12182 8757 12274 14773 14665 13996 14772 3994 12179 3073
5196,13003 6136 6139 6279 11211 14798 13916 14231 2792 11093
5197,14774 15276 5942 5943 5944 5941 5946 5952 5948 5945
5198,11943 13032 10343 1633 11793 13714 1294 1293 6289 2786
5199,337 13714 10666 14059 14061 14060 6068 13631 273 316
5200,11429 14617 7248 4766 6576 14664 14317 3228 9340 379
5201,9575 9572 13019 8252 11095 13822 2018 12619 6138 9568
5202,4654 14775 13019 10696 14769 13907 13945 14781 13822 8238
5203,8487 9077 10696 12695 9076 14782 12696 1743 13301 13945
5204,13402 11040 12187 134 11038 11042 11039 13915 13822 5409
5205,6672 13816 14776 5564 10683 10689 10682 10687 10684 10685
5206,4058 4056 2665 13944 4057 9012 2663 13818 8216 11716
5207,14023 1161 1134 11717 11163 13400 11980 12315 2614 2796
5208,13818 1997 12092 8594 1996 11095 4058 15110 10083 13451
5209,14370 5330 5328 14372 5326 14369 9034 14468 13531 5327
5210,14600 7565 8814 1130 12003 8813 2665 12964 1458 12949
5211,11365 5324 6824 8487 12480 7395 11188 6002 6105 8825
5212,8096 1298 5254 12314 13 4565 14412 8092 8094 5560
5213,14779 14587 13461 3380 4584 4715 10872 13067 1134 10978
5214,13927 14019 14658 8211 6268 9112 5556 4657 14020 14018
5215,11427 13 13740 844 11426 12 8096 15 14 11
5216,14454 8631 12969 1883 12970 12968 1743 9001 14453 8215
5217,13461 9573 8903 13975 10975 8252 9572 6138 5222 12993
5218,14769 14781 14066 13019 13907 11203 13822 11207 14795 1294
5219,14780 6139 13114 12614 13917 13809 1636 11096 14515 12619
5220,13433 13432 13247 1884 12997 13532 14031 14665 14773 9760
5221,13816 14782 5564 2795 13812 6797 13809 13810 13811 11858
5222,14453 12093 12970 1743 13936 9001 14454 12969 11844 1128
5223,9015 1883 14783 13900 13040 14075 14077 9280 7909 14076
5224,9077 14784 2086 9076 13383 14788 14035 14398 5228 9078
5225,9083 5565 4643 912 9084 4642 4644 5566 8634 13427
5226,1884 12997 5407 11187 13929 14392 14785 3330 10976 13246
5227,13433 12997 6099 14665 14773 13532 14031 13432 9760 13247
5228,14026 13307 8095 2664 4064 5326 5328 9759 13 8097
5229,13567 2830 6333 4673 13568 8237 10326 14057 7642 8233
5230,14373 5258 8102 10081 14368 12067 3563 13907 1092 8099
5231,5413 1082 5024 8389 1369 10497 12481 14787 3368 2510
5232,3831 10874 9576 10873 3339 5208 14516 14234 7759 3827
5233,13954 293 5253 927 1999 947 958 965 11254 14985
5234,12969 12968 14454 12970 12971 12967 1743 1129 14453 9001
5235,14788 13383 13720 7443 13780 14035 14784 4718 8594 12601
5236,13974 10872 14779 12619 14463 9681 4356 1335 9775 13969
5237,14392 13900 14377 7746 11284 14783 8416 14785 13929 5407
5238,12998 13399 14789 13527 10918 3896 15198 6273 1886 14155
5239,5327 5326 8631 5328 3482 3568 7562 1882 5330 12695
5240,13822 2795 11095 9079 9575 8213 12963 14791 13720 13019
5241,8488 13612 13614 14305 13925 6722 13613 13611 6278 11945
5242,12274 12182 13020 14772 4643 2805 8757 14773 14665 13996
5243,12999 11191 9576 12618 13820 9102 12998 14783 11688 8085
5244,4594 6795 4641 9558 9559 6797 11209 9110 5564 9111
5245,11096 10978 12094 14233 14515 13780 13531 14780 10873 2593
5246,1351 14089 1350 15274 14720 15273 740 14703 12286 13454
5247,13781 14018 12331 9708 8759 8100 14019 13925 9700 14021
5248,9353 13529 9772 13304 6139 9352 9347 4812 7780 9357
5249,14794 15276 5942 5943 5944 5945 5952 5948 5946 5950
5250,615 13099 5377 14787 623 13100 613 604 619 627
5251,12274 8757 12182 13996 14795 6101 1294 11207 14665 14773
5252,3480 14369 11096 14370 8244 8646 1703 9034 14468 3481
5253,11206 2636 8544 14796 12647 13995 2989 8545 5331 11207
5254,5374 6115 14128 11210 3580 14444 12724 13754 5371 5366
5255,14797 8101 14515 1074 9575 7443 12614 8087 12613 12616
5256,11202 12601 4714 13812 6279 13815 13811 11207 13810 11197
5257,12316 8545 2636 8508 14788 13383 12313 1343 10723 7753
5258,12182 12274 13608 8757 13432 13996 14772 14665 14773 2805
5259,13946 12648 2789 14234 12310 14467 12646 7557 12068 12181
5260,6788 6 5332 2567 8793 11373 174 10080 11378 11187
5261,13974 2567 14463 9681 4356 9775 1335 5403 13969 14779
5262,14399 9896 14398 14412 13877 12678 3073 10243 13484 10322
5263,4644 8634 4642 5565 8625 8633 8632 8630 8626 4647
5264,13486 2792 12619 14798 11211 783 12614 11093 14231 11543
5265,6101 6102 7556 13996 6100 4895 8238 11207 14795 1294
5266,2610 2612 2611 2613 4059 8629 8633 8625 8626 8630
5267,1166 404 13059 3464 1535 2820 9791 12426 405 2816
5268,2614 1529 13731 3465 2820 2742 13578 5998 3464 1323
5269,1323 2614 3465 405 13330 2820 2742 12426 14123 2822
5270,12747 14457 2614 14079 13326 13356 2818 2745 2820 13333
5271,13708 14053 13052 405 11112 5998 13851 14052 14054 1323
5272,2739 1880 407 2614 5998 10730 14336 6868 13650 12747
5273,1325 4330 13323 14326 13331 13006 13335 12504 13334 8894
5274,11403 405 12826 14512 11405 1323 11398 11400 12475 1535
5275,14800 8731 7249 2614 13854 6415 13671 1324 3465 15095
5276,405 1475 8892 1535 6113 1166 1323 13671 2820 13186
5277,2817 13524 1165 12426 8526 8727 13525 2820 1166 14357
5278,1525 14801 2814 11899 6489 11052 1531 13332 14122 2822
5279,11112 6989 1165 1532 13352 9784 13327 2742 13333 2820
5280,13201 11112 405 2822 6351 13202 1535 2820 1323 2742
5281,2743 1165 2741 2742 9784 2820 13327 1166 6996 13629
5282,13232 13518 2822 13202 1529 12426 12007 12500 2820 13201
5283,3465 2614 13352 1323 2822 2742 2820 405 404 12426
5284,11051 13005 13346 14599 13347 12426 6352 13717 2820 13345
5285,14802 14124 8831 13730 14308 13357 13128 13245 9115 6350
5286,2816 1166 2614 2820 13327 3464 404 2818 14457 2742
5287,2742 1532 5998 2614 13327 2820 1165 3465 2743 405
5288,2959 13315 7917 1527 12905 5998 12820 14805 11555 12854
5289,12742 13661 2742 13203 13327 2815 13648 14332 13623 1535
5290,13659 13325 1165 13235 2742 13327 10160 11046 2819 14194
5291,2820 405 1532 11899 12426 8301 1166 1535 1323 2742
5292,1165 2820 13625 12426 1166 2742 1535 404 12747 13327
5293,2742 1532 2614 1165 2820 13327 2743 3465 11112 405
5294,13187 2743 1165 9791 13717 2742 1166 404 2820 12426
5295,404 1535 8730 5998 13187 1166 405 12426 2820 2742
5296,1165 2741 1166 6416 2742 3464 2820 1535 12426 13327
5297,12070 14803 4791 11822 11111 4514 6990 4329 14408 6941
5298,6416 5998 2741 2742 2614 1529 6414 6415 12425 1165
5299,12426 13188 405 9794 1532 2820 404 1535 1323 1166
5300,13727 14804 8828 14327 10260 8834 15010 3045 8830 14799
5301,1475 4516 2820 13671 15095 13575 11524 12426 1535 15010
5302,13336 12425 2835 405 1532 3677 8334 9784 8832 8904
5303,13315 14805 12854 12820 11555 10056 8362 11231 12905 10880
5304,14806 11112 13333 2741 9784 10207 12032 8904 12742 4330
5305,2741 2742 12425 8827 2744 2814 1165 12426 12746 13561
5306,2741 12425 8827 13561 2742 12426 13189 2744 5998 2814
5307,2741 4516 12426 1529 5998 2742 2820 2814 2614 3465
5308,1323 1168 13562 14807 405 12007 2822 13330 13700 1167
5309,8828 13188 12426 11754 1532 2820 8830 404 13727 2364
5310,13315 12905 8362 11555 14805 12820 12906 12903 11286 12854
5311,6352 2741 2744 14327 14599 10208 11109 13356 3465 3463
5312,8057 11041 12748 11218 11219 13834 10062 7045 6537 3878
5313,14808 538 2811 4840 536 6820 4844 529 9656 13302
5314,529 536 14808 538 537 535 534 530 532 533
5315,12885 11355 11288 6123 10589 710 11353 12886 982 12777
5316,14045 6789 14809 6281 5651 10012 11635 14771 14046 11824
5317,7208 13593 12885 7203 7204 10092 6319 11270 2954 7209
5318,538 536 4844 14808 6820 9656 578 531 533 534
5319,10127 14007 5998 14194 1624 11559 7022 11557 11558 11555
5320,12822 5744 10432 5325 9467 10211 11953 9773 11069 3403
5321,1383 11919 12667 12516 10175 3403 10540 13373 12855 9773
5322,12905 14196 12906 13409 2614 11286 12903 14194 13315 14195
5323,14590 8110 8108 3551 2614 13908 8109 1909 3465 2742
5324,12821 13409 5998 14195 11098 14330 12820 14180 10880 6942
5325,5036 3771 5055 3208 5048 5057 11981 9333 11982 9329
5326,1617 1618 1622 235 234 1619 1621 1620 11814 3530
5327,11790 14322 12962 10180 12961 10191 8484 8523 11066 9667
5328,12823 6129 7486 9533 8986 8171 8174 8175 8169 8173
5329,11871 5615 6942 12818 13908 12856 7890 10943 1928 10880
5330,5998 14180 2614 14330 14195 2742 12821 13055 12843 11098
5331,13989 8111 13308 13990 14438 13985 13572 10543 11922 14439
5332,2820 12426 1166 14811 2742 405 12747 3465 13187 1535
5333,985 1575 6380 7194 7195 1093 7191 7196 7188 7190
5334,14813 5208 14814 7307 7308 7312 5220 7318 7323 12430
5335,14818 14815 9776 14816 14817 3657 4649 7735 6224 9766
5336,7231 14540 7232 2250 12309 9471 11088 5063 1612 3168
5337,14819 10494 1935 8047 9620 1930 1929 1924 1921 1923
5338,14317 14034 10407 3972 9034 14544 14468 14370 13400 12785
5339,11132 7996 8518 6152 6103 6838 7809 11862 7518 11134
5340,6264 548 8940 11326 7617 4944 3120 5583 6234 11173
5341,8440 6958 7687 3391 3882 706 3245 4079 12150 10284
5342,14307 15273 14875 15274 14100 52 14149 14554 14868 7579
5343,6210 3891 1297 781 7907 7905 6219 6218 9938 5404
5344,7945 14709 11049 7943 7942 14710 12269 12886 8576 11865
5345,14820 8186 8187 3986 3127 5947 2080 545 2749 10234
5346,2479 5088 8522 482 7863 178 5086 2481 10806 9035
5347,5677 6011 7606 7605 11835 13798 9506 7523 13762 13654
5348,5401 6391 7155 4951 6388 10781 295 2469 3381 3371
5349,1401 4704 3610 1977 9247 7504 4914 12717 2807 1410
5350,6090 12085 10561 14147 13214 476 3004 752 11245 11490
5351,1374 9582 2548 7734 4406 8504 5989 8460 1640 12204
5352,11405 14200 352 11402 11403 14136 14512 726 3896 13286
5353,1605 14822 14821 14592 11604 11605 1599 10468 1598 1597
5354,13766 7250 4360 383 14115 602 603 13600 12719 13253
5355,14161 6399 9263 12165 9857 7801 6395 12159 11620 11249
5356,11143 9805 9682 12566 10506 13893 11657 8385 11141 5351
5357,1558 12850 13616 9324 9323 13885 14230 12526 14228 13171
5358,12875 14827 14825 8873 14826 14824 12876 12874 14493 15028
5359,6498 11729 6785 5255 8045 2729 6546 3091 6480 6492
5360,692 14145 11405 14136 8250 693 10084 11188 11402 11403
5361,13277 11799 8541 13276 5689 11797 5662 11801 10798 8540
5362,1778 4060 6362 1319 6363 1779 1320 9192 1321 2881
5363,6614 6227 11977 14730 7620 11239 6611 6612 6607 14160
5364,7966 12966 5224 9044 8009 6021 6075 10076 7965 240
5365,11384 5757 12603 553 5758 12605 12604 13693 14956 6355
5366,5690 3072 2996 9850 12209 6807 12218 3069 14072 8746
5367,3665 11218 6537 2481 9848 11471 3782 11219 955 3885
5368,2590 10244 5862 3765 1067 3286 3766 11765 1283 2413
5369,13804 816 726 13807 13806 826 3333 13805 2951 8961
5370,14674 7719 14470 6589 14886 14417 9143 15260 14142 14490
5371,3271 3272 3270 174 1290 1961 8793 9899 11373 7919
5372,11306 13559 11315 14638 14859 14861 13558 7328 14860 12626
5373,11692 12694 10892 11693 8887 12693 6504 6674 11773 6525
5374,14814 14813 5208 5952 5942 5943 5944 5947 5946 5951
5375,14434 13074 451 10741 1880 1948 3166 492 6451 4451
5376,4641 5564 6797 12625 12624 4652 13021 4649 4594 13816
5377,14829 14148 3864 7489 8414 5376 14147 3455 8425 8135
5378,14830 12889 13281 4300 8675 6774 9556 13718 14062 1123
5379,14832 14831 13144 11266 5572 3868 9545 4991 4638 3320
5380,8035 8978 11622 1925 14394 11077 1267 10162 9331 10535
5381,11405 5514 14224 4861 8696 12099 11402 11403 14136 5515
5382,14833 14834 10011 11400 14436 5709 5788 12986 14667 14143
5383,58 14604 13411 15068 15249 14980 94 80 14605 11126
5384,726 8562 14512 584 11405 8561 9106 3755 3754 12465
5385,611 10893 11483 6016 11484 12051 14621 8303 3213 9781
5386,14522 731 15026 14095 14094 577 13729 584 13728 11848
5387,11760 4417 8145 841 12021 10298 5015 12022 5954 12563
5388,10648 7730 174 9188 4524 9910 9916 8793 9899 2531
5389,10414 8372 3955 5383 6622 11310 9167 847 14714 10276
5390,14101 14836 12707 1559 12705 12703 12699 12700 12706 12698
5391,13139 3457 14838 6604 8399 14366 1874 11526 13887 12864
5392,13937 699 7609 8740 5395 15069 9977 5943 11404 14930
5393,12520 14171 12683 10253 2839 10705 4373 14065 14837 265
5394,13388 3063 14841 14686 14839 11126 14840 14991 14990 14989
5395,7946 4126 14542 1586 7942 13479 12175 12174 6647 5462
5396,11763 13547 11765 11764 2590 11021 13549 3765 9941 1283
5397,106 14843 14351 9019 2204 10178 13124 14702 183 11595
5398,13039 13008 14844 10731 936 14021 6721 5570 14194 14154
5399,4516 6417 10523 3465 15095 15257 1339 8709 13452 13671
5400,2391 13697 680 2046 8112 4463 2389 2388 2382 2383
5401,6105 11365 11188 6112 8893 2599 8888 3929 5372 8895
5402,13506 13510 13509 13502 13507 13497 13505 13503 13489 13508
5403,3813 13758 14738 14056 14845 14737 14846 9589 14724 3263
5404,14847 12893 1523 6435 13403 5249 12892 15145 11619 4066
5405,8107 8795 3690 8954 8947 8794 1686 5820 8665 7763
5406,7065 1354 9192 1779 1355 7062 2371 1780 3667 7554
5407,3955 3149 1384 1333 131 3166 3133 3137 3158 6261
5408,12447 12341 4553 2254 730 3717 10728 11977 11162 13181
5409,14848 14513 14478 14706 11405 14960 14277 14961 14705 14304
5410,771 14849 100 15211 11060 15212 15214 833 12995 15213
5411,14850 14851 9510 14555 14560 13015 3960 11718 11045 3471
5412,2410 12800 14221 12137 14738 8325 13847 1471 14734 3542
5413,9023 14853 9021 311 9022 9011 13512 11920 5020 13883
5414,14329 6270 14854 13018 8408 14970 6318 10288 6043 10484
5415,8999 10786 14070 9053 2149 1313 1672 11132 6879 11131
5416,1766 5836 1295 4294 5596 2471 1871 4278 4867 644
5417,6816 3292 14856 1763 6977 14855 9142 4928 3453 3344
5418,3641 9719 4815 6791 3236 4887 4897 9992 4898 5822
5419,1222 6483 12928 4358 7936 12927 6692 1223 7942 1221
5420,9192 8541 1916 1779 4036 11799 1320 1319 9191 6363
5421,11735 6115 11476 3714 10440 9339 14857 12429 12805 8689
5422,709 383 2859 851 3397 8958 7480 7477 5976 14734
5423,7361 10227 4206 1242 11168 3696 3139 8651 4243 4209
5424,11799 8541 5689 11797 11801 5662 13277 11800 11802 9747
5425,3887 12156 10701 13887 3665 3880 15120 10704 3877 2265
5426,14861 7876 14859 13559 14860 11306 7328 259 14573 13598
5427,14168 13627 8860 14465 5369 14466 11948 11737 12837 3883
5428,14863 7209 14864 7203 10063 7204 10101 10665 2475 6065
5429,2681 13276 13737 2713 2678 2698 2710 2693 2714 2076
5430,5335 8427 7777 3020 6863 13903 10210 14684 9764 13161
5431,14824 14827 14868 14825 14869 14554 14607 14510 14165 8873
5432,14872 14871 4380 10854 10856 3919 9979 9980 9983 3690
5433,6306 3093 1332 6316 8560 11198 9509 6314 6308 9027
5434,1078 4960 2835 14873 13949 10468 11604 11605 11853 11588
5435,7336 7164 10168 11558 1624 7161 7022 11557 11559 14276
5436,14875 14100 52 716 14307 10715 3055 5942 5943 5979
5437,11124 14733 5759 11125 6607 9522 9116 14240 9126 13962
5438,9429 2304 2081 13512 13515 5589 7020 13516 932 6313
5439,8877 6211 11017 1443 1969 3188 6143 11843 9391 579
5440,14190 14184 14191 14186 14187 14133 14189 14188 14192 9231
5441,12523 11887 12522 5136 8770 4524 4151 12142 14437 13639
5442,5437 7305 7974 6860 7312 7308 7307 1819 10601 4325
5443,13635 14877 4514 408 2814 15210 10733 8806 14328 12883
5444,13908 8110 1909 6942 12818 12856 8108 3391 12817 1342
5445,14878 13825 7767 9050 3123 2962 2225 9216 6444 676
5446,6754 11685 10338 5664 922 8056 8615 14665 14773 3994
5447,14844 1475 6933 6721 14021 13008 936 13039 10731 5570
5448,9947 9197 11734 13161 14001 8573 9210 8012 5186 5420
5449,6663 14734 5911 2122 10784 10329 5021 2186 4283 5664
5450,14258 11456 13865 14121 11455 11452 11450 11448 11449 11451
5451,5001 3253 5064 7348 6688 6968 6892 10019 6903 11951
5452,13910 13269 14879 1534 12646 12844 9032 4639 13738 12647
5453,2137 8240 1036 99 4492 10837 4487 9097 9487 9099
5454,10229 13942 5199 14724 14723 13980 13839 7712 5201 2726
5455,14880 8534 6337 8361 6986 1237 5935 5929 5943 5942
5456,111 7111 7114 7120 11061 2084 7119 7126 7112 5310
5457,7224 2811 7748 7228 12111 12126 12125 12124 12113 12112
5458,1311 14845 2828 1307 1309 1312 1310 3263 1308 13220
5459,1161 9591 506 3398 12602 2796 11165 11198 1501 4716
5460,13879 7264 13716 13131 9892 9895 10560 13770 716 13177
5461,14136 692 7457 693 11405 11402 15230 14208 6803 12497
5462,10072 9751 3442 10192 4036 10075 4135 2890 12637 9303
5463,4709 13029 5354 607 6486 13843 1521 11411 11414 11413
5464,6618 6131 5896 4073 7401 11772 6502 10535 13404 11357
5465,7124 13912 15244 15228 8377 9054 14427 14555 13587 3176
5466,14882 6355 13693 14884 14368 10222 9361 13440 14883 14401
5467,13892 6622 14885 13893 6685 13943 908 1664 6189 2979
5468,14886 12351 8144 13220 13696 1311 10052 13217 9806 10122
5469,14887 257 14688 12574 7177 12134 10502 10501 5920 9931
5470,14080 8310 14605 14604 6409 15287 5056 8277 9269 9041
5471,4229 6260 13212 10911 12202 11150 4242 3539 5168 5852
5472,14261 2311 14063 7412 12005 12178 1620 9010 12766 9459
5473,10679 8454 1852 6484 3665 11162 5888 3939 11300 8769
5474,14208 14889 11405 11402 6608 14136 13182 11403 14046 14452
5475,11383 1219 794 12178 3962 5974 9273 14063 6374 7420
5476,13950 6170 231 4851 1837 13880 908 12804 6249 6188
5477,1592 1936 4696 6692 14588 5104 1268 14890 8356 7106
5478,8588 14891 8581 9056 8579 8583 9222 8260 14928 14430
5479,4515 5193 5852 14892 4516 8826 3046 4038 8596 13054
5480,9957 10982 11227 7940 3055 1178 10027 14001 12858 10445
5481,182 7915 2448 12095 6028 8705 6217 7696 6022 9468
5482,13388 3063 14841 14686 14839 11126 14840 14991 14990 14989
5483,6055 3341 2782 550 1458 9983 10311 7867 7278 358
5484,7583 14556 2277 5895 10954 9944 4752 5896 4964 4073
5485,626 9365 5377 5250 7544 5372 615 8397 6647 12175
5486,14893 4961 4861 4960 14983 14982 11604 14874 11605 4955
5487,8028 4351 2415 3993 1734 3662 8008 8010 8011 8017
5488,14689 14914 10384 15254 14905 14688 15064 5595 14543 609
5489,14045 14771 9770 10012 1544 10230 11427 11042 4656 4657
5490,5261 14894 10522 11296 7953 6766 15073 12028 6632 13579
5491,1847 8081 7937 7942 7947 7948 3422 1843 1842 1841
5492,12860 9323 9380 9973 9324 1558 12858 12220 12859 12236
5493,10754 12656 7065 4138 10990 10994 12657 3667 10993 10996
5494,14334 14742 11308 3152 14862 714 11314 13768 7805 3166
5495,13401 6974 1812 3928 6979 6861 6442 1807 4121 4258
5496,420 8464 14113 1504 8577 1641 8465 8475 8470 8466
5497,4426 6785 12566 12054 15118 10536 15002 4435 15263 4432
5498,14897 14498 10434 3126 5170 5266 202 3965 14497 476
5499,10651 76 52 15215 15212 15213 11060 15214 108 15211
5500,12491 4544 1445 4543 11604 11605 4542 4540 4539 10468
5501,14900 3722 13609 12266 6874 3721 8279 1956 8282 8285
5502,611 3595 9955 10893 10371 11483 3599 10372 3596 773
5503,14699 4966 949 626 664 10690 4955 958 927 965
5504,14901 13050 8525 15086 14214 15169 14213 8020 14209 692
5505,9011 14463 14425 9021 9023 9022 8506 14149 14514 13883
5506,8184 10865 680 8187 12020 10321 3986 8186 12542 11196
5507,14903 14904 11310 14971 5183 12388 13920 14941 14389 11314
5508,13428 10875 6710 2920 5640 10412 12901 2435 6724 3678
5509,817 27 12004 3214 3365 14261 12005 6039 2324 833
5510,14430 9299 8581 13953 13977 14933 8588 3037 9990 14210
5511,11124 7438 3885 11125 14240 9522 9116 90 4864 3738
5512,14905 9970 5608 7643 14914 15254 15064 14689 9056 609
5513,14907 14906 4400 15154 15190 14979 11485 15123 3615 1698
5514,14908 14909 14004 13521 14441 13606 4430 3801 14942 14944
5515,13936 12320 6216 11550 13805 12847 12093 14453 5971 11844
5516,10715 14702 52 14100 9099 9487 14690 1351 13827 3865
5517,14261 14063 3476 3223 839 9459 3962 5042 5811 5547
5518,10111 1677 12546 1183 5882 5483 15128 4572 8695 9940
5519,6793 10604 13812 14911 6288 2982 14111 14110 13810 11186
5520,14092 4841 1873 1436 14865 14550 15075 9511 4126 7115
5521,7663 13207 10496 14528 7666 7667 7661 7665 12247 7163
5522,3055 7116 8369 7125 108 11184 8370 13953 7132 15061
5523,11366 6196 14496 13885 14486 7110 14482 6195 5267 13025
5524,11366 13885 5266 12850 14486 5267 14479 14131 14481 14497
5525,11366 14497 5266 14574 14486 13885 14498 12298 5267 14137
5526,13956 11189 8988 726 13488 11857 13955 14671 14673 9172
5527,11366 13885 14486 5267 12850 5266 692 14481 14913 14131
5528,14801 14912 8429 13923 7442 13332 1525 11052 6489 11899
5529,11366 5266 13885 14486 14498 5267 12850 14481 14897 14497
5530,13885 5266 12850 11366 5267 14486 14479 14491 14498 14497
5531,13370 14461 11739 13933 6764 3580 12724 13754 14462 14460
5532,13885 14497 12850 12298 11366 5266 14498 14137 14131 14488
5533,14488 13885 11366 12850 5267 14131 5266 14486 14479 14130
5534,8609 8615 11366 8611 8610 6117 1335 8612 5661 4084
5535,11366 13885 14486 5267 12850 5266 692 14481 14913 14131
5536,11366 12297 692 13885 13036 14486 12850 5267 5266 8476
5537,11366 13885 14486 5267 12850 5266 692 14481 14913 14131
5538,4962 13928 6750 11366 6493 5379 4753 6487 14685 6118
5539,11366 13885 14486 5267 12850 5266 692 14481 14913 14131
5540,9424 4176 1386 11366 6979 6442 14985 809 2776 1440
5541,14645 10441 12576 5384 14656 2394 5842 14646 5382 1094
5542,13885 14486 14491 12850 11366 5266 5267 14479 14480 14131
5543,11366 13885 14486 5267 12850 5266 692 14481 14913 14131
5544,11366 4207 14913 10591 13885 14486 12528 4764 6045 4248
5545,11366 3828 13885 14486 5267 12850 5266 15150 692 14481
5546,11366 692 14479 13885 14486 5267 12850 5266 14481 14913
5547,11366 13885 14486 5267 12850 5266 692 14481 14913 14131
5548,14480 13885 8031 12850 11894 11895 11366 8008 8010 8017
5549,13885 14222 12850 9424 11366 14131 14223 13895 14415 14488
5550,11366 13885 14486 5267 12850 5266 692 14481 14913 14131
5551,11260 4746 11886 692 4745 8008 8011 8010 8017 8015
5552,11366 692 13885 14486 12850 5267 5266 14481 14913 14131
5553,11366 13885 14486 5267 12850 5266 692 14481 14913 14131
5554,13895 14486 11366 13885 692 12850 13894 5266 14491 14222
5555,11366 14913 12528 3334 14838 14486 13885 10591 4207 5267
5556,12850 14222 13895 13885 11366 14223 14131 13894 14538 5267
5557,7876 14222 14859 7875 13598 13596 13599 14860 7610 13061
5558,11366 13885 12850 14131 5267 14486 5266 8042 14130 14479
5559,13885 12850 11366 14500 14131 14488 5267 14480 5266 5268
5560,11366 5266 13885 14486 5267 12850 14481 692 14479 14485
5561,11366 13079 13885 14486 5267 12850 5266 692 14481 14913
5562,11366 13885 14486 5267 12850 5266 692 14481 14913 14131
5563,11366 14479 5267 13885 14486 5266 12850 14491 692 14130
5564,11366 9473 9470 9334 12838 13885 9477 2093 905 1631
5565,11366 14486 13885 5266 5267 12850 14481 14913 692 14499
5566,6761 11359 9239 11358 11366 12162 12207 1124 11357 9292
5567,5266 11366 14481 14486 13885 5267 14897 14485 12850 14479
5568,11366 13885 14486 5267 12850 5266 692 14481 14913 14131
5569,5266 5267 11366 14486 14897 14479 13885 14491 10611 14485
5570,11366 13885 14486 5267 12850 5266 692 14481 14913 14131
5571,14153 14181 14006 6298 13968 13566 8127 8122 12748 13207
5572,11366 13885 14486 5267 12850 5266 692 14481 14913 14131
5573,14915 6658 7526 12484 5179 6657 854 4535 6662 6666
5574,11366 4350 11359 13885 14486 5267 12850 5266 692 14481
5575,11893 8405 7078 9537 11894 11895 1005 8031 11892 9536
5576,11366 5267 13885 14486 12850 5266 14479 14130 692 14481
5577,11366 692 13885 14486 12850 5267 5266 14481 14913 14479
5578,11366 5267 13885 12850 14486 5266 14479 14130 14131 14491
5579,11366 13885 14486 5267 12850 5266 692 14481 14913 14131
5580,11366 13885 14486 5267 12850 5266 692 14481 14913 14131
5581,11366 14477 13885 14486 5267 12850 5266 692 14481 14913
5582,12321 13885 14490 7847 12850 5938 11366 366 6621 9264
5583,12485 2604 2605 14402 14401 2837 9346 10836 4659 3013
5584,14137 14497 3815 13998 14136 13885 12298 11366 14574 14498
5585,7244 11190 3886 14790 14694 7240 14693 14539 10896 9486
5586,11007 11006 8143 8034 11005 12460 6621 10363 5657 1109
5587,11405 693 11403 14136 11402 14512 692 726 6725 13286
5588,6606 13183 14204 625 6605 14846 9258 6609 6607 6612
5589,11711 3486 10508 3771 7405 9976 7174 13282 10167 304
5590,14917 14916 14032 14918 14919 6334 5180 6335 12363 9789
5591,13388 3063 14841 14686 14839 11126 14840 14991 14990 14989
5592,2346 169 9703 8550 6307 9742 8956 11678 11677 3204
5593,9365 7544 14167 1559 12236 8475 8397 11330 8396 12174
5594,14920 5919 9209 5950 5943 5944 5945 5941 5947 5951
5595,11260 6849 11143 11886 9885 14055 11259 8606 6563 5862
5596,4350 8407 512 10495 8414 8419 8421 13261 7905 10617
5597,9144 14921 9143 12803 4756 7109 5552 625 2067 7697
5598,3665 6537 11218 3782 2481 9848 11471 3885 955 11219
5599,3771 4575 14486 4741 12372 12099 5055 8015 14684 8008
5600,739 15230 14852 10806 9035 14553 833 834 15147 14551
5601,14307 15273 14875 15274 14100 52 14149 14554 14868 7579
5602,6785 366 1094 14429 6112 8575 12566 13832 13419 14656
5603,8272 14923 14476 12390 8279 9889 12065 14475 8289 8285
5604,9054 7124 14555 13912 14166 78 8999 14296 15079 13587
5605,6079 14926 7711 4033 1301 8473 2049 2262 15009 14910
5606,11084 2834 14129 9520 14982 13342 9169 14983 14874 10391
5607,7543 5172 12554 11391 10615 9472 5170 5163 7254 7537
5608,7977 4474 10183 5113 8037 2200 4074 13178 9839 9833
5609,4474 12670 876 1433 3193 4469 8037 12537 881 8927
5610,14449 14927 14843 14404 14555 5943 5942 5945 5944 5946
5611,10670 2687 13168 10669 10172 10177 14386 3647 157 7255
5612,14163 14866 14868 14865 14867 14612 7118 8999 12427 14559
5613,9055 14088 4426 3611 13587 2949 12651 14865 14306 8413
5614,9299 12264 908 9304 1587 9301 9298 14219 15018 9306
5615,10897 14928 8581 8260 9222 9423 4552 10653 4837 10896
5616,12513 14930 14427 15244 14929 15250 14931 13134 110 2203
5617,14404 14843 14449 15228 8377 14351 3176 3177 14927 106
5618,14396 14709 8581 747 14933 14162 1396 4191 7945 14891
5619,14924 14936 13455 13410 12584 6714 6992 3400 8810 8817
5620,9054 14824 14868 14165 14555 14827 78 14166 14930 11367
5621,4426 8999 15118 15002 10536 4433 12054 4432 15263 13016
5622,11259 685 14937 10507 882 5986 14637 10834 9885 1040
5623,8782 13208 10106 11654 12012 13191 7509 2932 10909 2914
5624,10321 14939 4758 12542 11302 12061 13041 8184 3560 7616
5625,14910 2595 10690 5137 14709 9278 15009 14699 14926 10686
5626,8282 1845 7632 8279 8289 8284 8276 8285 8267 6405
5627,14552 14553 3471 14557 14551 9740 14556 14554 14558 8120
5628,14940 7848 10833 6584 7849 7842 10834 4727 7845 7846
5629,14163 14866 14868 14865 14867 14612 7118 8999 12427 14559
5630,5581 14162 14941 8390 6894 2409 11918 14713 14113 11810
5631,8428 14942 13521 14705 14944 14707 14909 14908 14068 14972
5632,14943 14536 14067 14537 2630 13646 12850 15276 5945 5943
5633,6836 11027 360 4336 11025 11026 12062 1904 8168 7881
5634,12784 14742 15088 3257 11271 11865 12620 14334 9296 1702
5635,14853 645 9023 311 9228 11687 11175 12382 11246 10419
5636,11401 11135 12640 1523 11400 11398 11399 11404 11397 3064
5637,14946 8985 10638 709 11784 10333 12342 6562 11779 13133
5638,9373 14947 9960 9374 7293 3392 7234 13031 9375 335
5639,13935 14672 13488 13585 7768 14673 14671 9172 1751 1831
5640,7229 13033 5726 9486 14694 6116 8820 11053 14279 14275
5641,14484 4028 5259 14482 12538 2283 1539 6270 8340 1784
5642,11577 14673 8833 13488 14671 9172 14672 13956 9405 10155
5643,10820 714 11473 12326 12633 12586 13699 13991 11914 4853
5644,14435 14948 15276 5944 5945 5946 5948 5957 5950 5947
5645,14452 10124 13335 6836 6489 14127 12989 13331 12062 4966
5646,9292 11358 1379 11359 9239 6761 1380 4971 11357 12207
5647,10679 650 11812 11162 6302 6194 6370 9689 459 9676
5648,11366 13885 14491 14486 12850 5267 5266 692 14479 14131
5649,12950 14949 12828 14691 9243 12173 8829 10655 12371 10493
5650,14950 14951 14388 4162 9472 14455 14166 9054 14387 15009
5651,4426 4433 15263 15118 10536 4435 13016 15002 12054 4432
5652,10381 2319 14952 10380 14341 11419 14626 13761 12399 13799
5653,4090 3221 8935 2290 3930 4175 4777 4078 9097 9487
5654,14714 13430 14471 3055 14483 11322 10414 11391 7116 8369
5655,9583 13836 14224 13793 5133 13795 1384 13794 1175 13550
5656,14952 5107 14157 14224 5102 5108 5101 5103 14159 14158
5657,9430 4738 160 6003 4737 4734 4733 13907 14970 6128
5658,4426 4433 15263 15118 10536 4435 13016 15002 12054 4432
5659,11084 4711 14129 9520 5405 9130 2348 3363 15097 13320
5660,4536 337 1292 4543 4542 4540 4538 4539 4546 4545
5661,14953 23 10183 15185 4634 11162 602 603 10654 11975
5662,5107 5102 5103 5101 5108 14952 5106 5105 5112 5113
5663,14921 12803 7109 9144 12799 12798 12794 12796 12795 12801
5664,14695 11213 7487 8348 5465 893 3117 11159 2753 10620
5665,14574 14705 10238 14575 14819 14942 14492 14706 8428 14009
5666,14954 14955 10566 9553 9269 14393 6135 12020 15108 3615
5667,13286 11405 577 10821 12159 11402 11403 14136 14512 726
5668,2128 8866 14505 41 2146 10016 12995 7727 12692 12106
5669,10743 5026 9490 10601 9030 14279 11053 1210 14275 8820
5670,9615 14864 9139 12202 9616 4996 7439 9363 8718 9618
5671,14304 14158 8734 14157 12032 14303 14646 14848 14960 2623
5672,10865 12020 14304 919 14955 14393 14303 15199 927 958
5673,8323 1885 4701 8324 5572 7349 11968 5759 11967 11969
5674,14932 3261 4357 8028 3259 9543 9542 9838 1311 5287
5675,14957 14958 434 3720 15070 9178 9175 9176 12192 497
5676,12281 14390 4121 13265 13266 9704 2405 13267 7171 7314
5677,1746 6118 13888 10334 5382 1938 8928 14275 13928 13929
5678,13432 13424 11221 13532 13433 12964 13608 14031 12288 13531
5679,7229 6610 14132 9486 14694 11398 6611 6607 6612 6609
5680,14790 14276 8237 15108 7642 13822 13810 5913 14777 13257
5681,11366 13885 14486 5267 12850 5266 692 14481 14913 14131
5682,9590 7126 14460 14205 14462 12421 5796 5351 11705 14461
5683,3064 3068 3065 11401 3066 3067 11400 11398 1523 11135
5684,14704 14136 11405 9989 14707 11402 944 10380 9242 10906
5685,13838 12566 9682 9805 10263 13893 14009 11143 12340 14366
5686,692 311 8145 14205 10233 8250 14136 693 313 321
5687,692 13937 8250 14136 11404 693 8740 15069 5395 7609
5688,11702 11701 1926 12303 3781 7962 11700 9275 11232 183
5689,6105 14227 5708 8979 2986 6112 8888 5372 8893 2599
5690,14637 14823 15196 882 10507 5986 10834 1040 11259 10633
5691,12779 14946 14873 14424 12775 12773 12772 12781 12780 12778
5692,14960 14848 14961 14304 14706 13943 7740 14478 3801 14513
5693,14949 12950 14691 12828 14492 11397 5708 6489 5788 5945
5694,5923 6476 6484 6485 5930 5924 5936 907 6480 6492
5695,14963 14962 8177 5937 11229 4959 4958 10655 7664 10615
5696,13892 6622 6685 14885 13893 6257 12567 1664 2979 13943
5697,12778 12780 10877 12781 12775 12774 12772 12773 12771 13838
5698,5514 12059 12009 12062 12099 5515 7457 10362 12060 12064
5699,11428 14202 14069 8423 13925 3840 7964 9256 11268 14021
5700,12840 11956 8452 5514 10157 13220 13221 10672 12103 11849
5701,5521 2835 14472 13838 11221 6608 14873 13336 12557 2829
5702,692 11366 8250 14136 693 14208 13838 6608 15083 15082
5703,14964 11384 692 14572 6581 8250 6355 14303 14882 13693
5704,14136 692 13838 11405 693 11402 14208 15230 6803 8250
5705,14136 692 1667 11405 6803 11402 11300 5888 3939 8769
5706,14426 11217 13949 10468 11605 11604 4960 14524 5183 13947
5707,6622 13892 908 14885 13893 1664 6189 6685 6170 13419
5708,8326 14729 14091 13004 5273 6909 10169 3602 5942 5941
5709,13183 7663 14462 692 11384 13178 13182 14461 14846 10707
5710,4968 14202 12009 8423 12010 12011 8117 3840 14203 14069
5711,692 14838 6604 14366 693 7256 13838 8250 14136 6608
5712,14858 187 4884 5215 9964 7163 12247 4904 3319 7307
5713,14472 5521 6608 12557 6312 14208 692 6605 13838 6611
5714,13673 9961 12333 14956 13647 12385 12064 12741 14169 14013
5715,14208 1701 6608 2329 11402 5521 14889 13182 14046 14452
5716,692 13838 14208 6608 14136 8250 14366 12340 5521 693
5717,8272 14102 4934 12031 5734 8581 11817 714 11818 9938
5718,1680 12161 8233 8234 3999 6480 6492 7485 10269 6629
5719,7936 6620 9614 2337 6622 9139 11047 9616 7947 1222
5720,12392 14615 14968 12391 12390 12389 11354 10565 6852 4843
5721,6183 8114 7940 1700 13961 14146 5714 6187 6171 1846
5722,6495 6494 10836 13191 11221 7528 6505 9226 6493 6543
5723,7782 12090 12089 11172 12088 6844 7781 7780 6327 8339
5724,14528 13988 11786 8992 7663 8268 7664 13987 14527 12804
5725,13359 13378 6487 4700 13394 13393 7328 7576 4545 10518
5726,14706 8114 14885 6183 13961 14705 8122 1700 14848 1846
5727,14960 13943 14706 7740 6183 14848 14961 8114 14304 14705
5728,9551 14205 11384 9965 4046 9549 13838 12758 12759 14889
5729,5614 14065 13368 7660 14531 12519 13405 14171 10252 9668
5730,14057 682 14663 11289 372 9249 191 8320 13697 6403
5731,9594 5383 9106 3614 12872 6083 11424 5504 2583 10841
5732,6083 10893 12872 611 9594 6016 9778 11036 11037 11484
5733,11126 13388 15285 15069 12206 14988 11125 14989 14990 14991
5734,8190 11959 14579 15244 2189 14931 15250 13056 14937 14867
5735,8351 7320 14733 8961 7307 7308 7312 7398 7325 6800
5736,118 383 117 2956 392 12109 4726 8503 10342 5574
5737,9228 7012 5896 4964 11654 5895 4073 7744 7745 645
5738,2957 7844 6768 12918 7842 12516 3965 5752 1624 11558
5739,5678 14971 14606 5676 12574 14903 9175 9178 9176 5675
5740,4279 14969 7183 4294 4289 4287 4296 12541 4277 4298
5741,12483 1988 8702 12484 11932 5932 5925 4535 9486 5179
5742,5972 12633 7170 12586 5974 4764 6045 9497 15191 4383
5743,14538 14973 14938 14264 14415 13262 553 12850 13623 14223
5744,14538 14973 14938 14264 14415 13262 553 12850 13623 14223
5745,14068 14972 8428 14944 14705 14942 13521 15193 14707 11287
5746,726 584 14512 11405 9106 35 11591 13804 12468 14996
5747,14538 14973 14938 14264 14415 13262 553 12850 13623 14223
5748,14538 7229 9486 14694 14938 14973 14539 15199 11932 14693
5749,14142 13831 8577 15132 14417 14490 14470 14674 11167 14524
5750,13623 6071 14538 14806 13622 6072 12742 13624 407 12032
5751,14222 14223 14415 14538 14224 5518 13895 14160 14610 9424
5752,8425 1616 8414 1615 8417 8420 8412 8406 6567 8419
5753,14542 5337 7946 4126 5945 5946 5944 5956 5949 5947
5754,14513 14277 14610 8547 13420 14478 14848 4549 8366 3949
5755,14163 14866 14868 14865 14867 14612 7118 8999 12427 14559
5756,10715 1655 13584 8298 5384 14702 52 14100 2204 8247
5757,611 1621 1622 1618 14538 1620 1617 10893 235 9955
5758,14974 1697 14975 1904 10608 1695 14176 8428 10516 1694
5759,14975 8428 10608 14974 15193 14942 14068 14705 14972 13521
5760,13764 14976 12024 11575 14593 1754 12134 12626 15018 8928
5761,8988 8989 8987 1494 2740 13956 8985 272 3833 5293
5762,14974 14975 1904 10608 8428 1697 5947 5948 15276 5946
5763,14974 14975 1904 10608 8428 1697 5947 5948 15276 5946
5764,14978 14977 13026 13405 14656 12525 59 14531 3427 13404
5765,13056 11959 15244 14931 3841 15250 14867 2203 14937 14930
5766,1367 11404 36 15249 15068 5311 13952 7132 10891 7128
5767,9851 12551 9749 9300 1357 8477 6360 14225 13683 4140
5768,12788 9606 10497 12787 8346 10201 9942 10204 636 8364
5769,726 11405 14512 11403 9106 11402 14136 584 11399 13286
5770,11366 4745 4746 4749 4747 13885 11421 4748 6182 14486
5771,6852 12650 726 14059 14061 12391 14060 8507 14644 14643
5772,14979 14980 58 14013 740 8935 4400 3615 14907 9341
5773,363 14981 12422 13125 11916 8696 8307 12202 14907 14553
5774,14616 13365 8081 13262 13682 13132 7639 11647 12775 6476
5775,14756 13350 14755 14707 12503 10280 14563 1054 11972 2722
5776,14615 14579 12392 14968 14503 15189 11959 13991 11632 7223
5777,9300 14804 9467 13727 9298 1587 9304 9301 14566 9302
5778,14393 14955 10865 12020 2210 3615 9618 15108 2223 4940
5779,8281 14580 13268 8279 4449 5986 1585 8276 10334 8282
5780,5670 6943 2449 14648 14649 10214 14651 14653 14650 8979
5781,14268 11253 3116 5226 14396 4576 11630 8454 1236 4269
5782,14209 14596 12251 14595 14213 14458 13680 15188 12188 14214
5783,14285 14286 13896 15173 12440 13897 14209 1858 15195 13894
5784,10541 6881 14210 1287 7898 5971 12966 10637 9222 8260
5785,14714 10414 11322 14471 14483 13430 7175 11391 5062 10423
5786,11565 11309 1655 8956 11677 11678 11679 11674 11682 11314
5787,8589 14511 8590 11212 1337 10029 11134 11089 6982 10892
5788,14982 14874 14983 2834 4961 9169 13342 10391 4960 13699
5789,14203 5373 6609 7581 14202 14204 5372 14205 5378 613
5790,5945 8586 14862 283 5936 5924 14061 14059 5930 7475
5791,8397 7544 626 9365 6488 8475 11330 8396 6526 1630
5792,692 8250 14136 693 11366 14208 13838 6608 14242 14366
5793,3152 714 14984 14334 11308 3166 7805 1333 14742 14985
5794,14985 9781 3152 11630 9424 11310 11254 13954 6716 13372
5795,692 12748 8250 14136 693 11366 13838 14208 6608 14251
5796,4449 8258 14580 11630 8281 11852 4448 11310 12577 9743
5797,13058 692 6583 5569 7616 4438 518 5460 2113 9563
5798,692 8022 8250 14136 693 8017 8015 8010 8011 8008
5799,14569 12339 8250 14575 6581 14492 12338 2273 14009 14238
5800,11384 12252 14956 13693 14303 14884 14882 12065 6355 14379
5801,2699 7527 10624 4926 9500 2368 5423 3524 14423 9622
5802,4829 13559 11306 8221 14861 7328 14859 11315 14860 8008
5803,6581 14572 14964 8250 14575 12340 14238 6582 12339 14573
5804,9466 14692 13843 7696 12605 12604 9475 9039 2754 12874
5805,13395 14888 10093 4954 11230 9410 2112 9409 4955 460
5806,165 3874 476 4574 9094 13487 123 2134 169 3281
5807,14573 14861 259 14572 14859 13559 8250 14860 7328 11306
5808,14861 14859 13559 4085 7328 14573 14860 11306 259 7876
5809,11630 14574 14819 14575 11310 11186 14110 14111 4451 14580
5810,14209 14458 14596 14595 14213 13680 15188 15169 14214 12188
5811,5407 8374 5406 7876 14392 14785 5404 5403 11187 13929
5812,14861 14859 13559 11120 7328 259 14573 14860 11306 8221
5813,3840 14505 14425 14202 14933 8423 8866 6935 14671 12254
5814,12156 3665 3887 10701 3880 13887 12154 12157 3877 4466
5815,12083 3747 7169 6617 10765 8879 7271 12652 11396 1898
5816,14990 14988 14992 14989 14991 53 14993 14987 3061 3062
5817,12304 11219 12748 12403 11789 6141 12404 11380 12405 2335
5818,10420 9347 10897 10653 9353 9352 9341 3520 9339 4812
5819,10484 8408 14854 13018 14970 14329 14526 9430 7381 8289
5820,11405 6113 6112 3883 5562 5727 3983 6110 6111 11402
5821,14581 5518 14204 6606 14203 14846 5520 4549 14523 14513
5822,8411 11920 1627 8414 12201 14514 8412 8425 8420 8417
5823,12841 13997 9025 9948 13515 8845 14074 2018 6100 13996
5824,11384 9836 13693 12065 14882 6355 14884 14303 14956 14160
5825,2681 13276 13737 2713 2678 2076 2691 2710 2698 2693
5826,2685 7183 6342 1575 2713 2678 2691 2681 2714 2708
5827,3801 14961 8421 886 12324 7699 13520 11087 14530 14441
5828,14757 5943 5944 5945 5946 5942 5947 5956 5949 15276
5829,10214 5670 8979 14648 14649 14653 14650 14651 14647 13523
5830,13587 14826 14827 14713 14553 13940 15270 14555 7392 4758
5831,10921 14995 10928 10926 10925 10923 10927 10922 5971 3890
5832,4756 13511 14565 1805 13618 10200 14564 13515 3898 7020
5833,14689 14914 10384 15254 14905 14688 15064 5595 14543 609
5834,12805 9245 10440 6310 11735 14857 11476 9320 8689 140
5835,14721 9938 13570 14102 14424 14720 14740 5404 6529 15034
5836,8421 7699 13520 7700 3801 5784 8414 8407 281 8417
5837,886 14996 13852 726 869 882 867 884 874 14961
5838,12059 7457 12062 8299 12064 10362 12060 12063 2330 10563
5839,4279 12541 10625 4294 14969 12539 646 4296 4289 4287
5840,7700 8421 14388 7699 281 15009 8414 8407 2700 3801
5841,14564 14565 11994 15180 13511 4756 10200 5019 7865 7898
5842,8780 14986 14997 645 14036 1670 15246 14718 6722 13037
5843,726 11405 14512 584 9106 13804 12467 13852 35 14996
5844,663 10522 1499 14140 713 4865 14718 8190 14713 9210
5845,8013 3673 2985 5515 14157 8017 8015 8011 8008 8010
5846,12810 7132 12384 7112 12195 6642 7134 6207 7125 11658
5847,14998 5942 5943 5944 5945 5941 5947 15276 5949 5946
5848,11403 14512 11405 726 11398 11400 11402 693 11401 11397
5849,8408 14854 13018 13342 8414 10484 8417 8425 14970 14526
5850,14199 11399 4703 726 8411 75 11398 11400 3507 11560
5851,11405 7229 9486 14694 11402 11403 14136 14512 726 11932
5852,11655 8232 3158 4559 4531 254 8892 4864 4595 3307
5853,9423 10897 4552 5441 14928 6104 10896 10894 7748 4837
5854,12487 365 4397 7583 8983 5438 12349 10662 8573 2886
5855,9226 309 6622 7017 9841 7949 1840 13386 9225 10785
5856,15000 7050 10171 5225 11130 10601 10172 10177 9135 1463
5857,9554 1916 1277 12727 14363 12728 8158 2617 1712 11099
5858,2742 2815 11493 5998 13672 2820 1166 1535 2614 1165
5859,2820 405 13651 12380 1166 2742 12426 1165 1535 1323
5860,1261 1260 1259 7899 13460 1262 1264 1266 5245 7893
5861,14584 14583 13587 11458 15001 15002 14585 3056 3054 3053
5862,58 14604 13411 15068 15249 14980 94 80 14605 11126
5863,8039 12897 12894 674 8026 8279 8010 8008 8015 8017
5864,2741 13561 1534 12425 13562 4516 6352 5998 13201 2742
5865,13574 3465 1166 2744 2820 13327 1165 2742 3464 404
5866,611 10893 11483 6016 11484 14621 12051 8303 3213 9781
5867,14586 11440 2659 14524 471 10776 12326 3606 4853 11444
5868,9021 5329 9023 9022 9011 9004 14149 13512 1274 9006
5869,14475 15006 1091 14713 14162 7392 13390 13516 4822 4816
5870,13920 14475 15007 5183 12428 15006 14941 12388 7509 14389
5871,5369 15008 11332 5372 2169 5379 14168 5378 5371 13627
5872,5016 4316 8691 3839 13411 5055 14680 9636 9642 2454
5873,502 6821 879 9400 9161 6822 7849 5721 9398 9401
5874,990 4953 14458 11756 11131 7677 4955 5710 4668 3659
5875,15009 14910 8407 8421 10495 8414 14926 2595 8417 6567
5876,2820 1165 2614 2742 1166 12426 3465 12747 405 1535
5877,12426 2820 360 13248 2822 1166 13187 1535 1323 404
5878,5490 6689 10304 5488 5489 8074 595 9370 10308 10297
5879,712 3600 577 11396 11395 6256 6239 5984 7846 4854
5880,15011 15247 15022 14519 12877 5946 5940 5943 5939 5949
5881,12671 8889 2816 12672 5345 12743 8893 3929 8888 2599
5882,13398 3656 10647 11971 3646 10403 14293 14294 14291 14292
5883,2569 4519 746 3181 2199 4411 3735 10475 2533 8391
5884,6002 6004 1957 5324 3213 578 618 46 8893 8895
5885,53 14578 15228 10502 10501 8377 14987 94 80 14826
5886,7520 570 10230 9241 566 564 565 7517 7521 3851
5887,1576 1577 10732 8336 11392 8314 46 1564 1565 4336
5888,14837 14087 267 13103 12926 13638 12851 265 10705 9387
5889,14856 14855 9142 6816 4928 6977 1763 3292 3453 38
5890,1231 15014 1382 2448 6967 3697 8705 7288 5015 2765
5891,12343 4742 11862 4924 5455 12318 1949 3296 3146 2676
5892,339 7691 7398 4553 351 343 346 340 341 10725
5893,14442 15015 14443 7527 15276 5942 5943 5944 5945 5941
5894,9192 9853 1320 10355 1779 4036 1319 6363 7062 1321
5895,9758 4603 10988 9647 4139 5667 8159 6555 14270 14761
5896,7906 5044 3839 12204 1432 383 13991 2670 1116 10406
5897,13885 12850 11366 5267 14131 5268 14506 14480 5266 14488
5898,7014 12143 9412 7015 9307 3486 12145 7013 9406 12146
5899,13885 11366 12850 5267 14131 5266 14486 14488 14479 14130
5900,2790 10102 8176 4830 349 2428 12563 9700 1217 9066
5901,4596 10574 11891 12726 9664 11351 14438 14439 12731 12378
5902,962 963 15016 3663 977 967 958 927 965 945
5903,8578 8 14971 4861 14903 5216 10832 1458 8583 8579
5904,14352 14752 13176 6231 2840 1360 12486 9659 1947 10560
5905,14789 14155 6273 15198 12998 3896 13399 13527 9761 4356
5906,15017 6356 2998 6807 10199 5447 2996 1011 10198 7819
5907,7129 7130 79 3598 5191 9925 2514 69 9899 10537
5908,11859 14609 11861 11860 9782 5991 475 7776 5945 15276
5909,14719 7967 6267 7170 14720 13947 4671 14721 1351 14310
5910,12057 3267 3027 3506 3029 1484 2696 72 527 10181
5911,10611 4862 5266 10506 7406 11657 10613 8385 8821 8322
5912,616 15018 8136 6622 4697 4674 1125 12039 6131 11575
5913,3676 4559 6686 10806 3973 5055 9035 8232 10744 3158
5914,4414 4413 8164 11347 4134 12643 12644 1826 7064 7057
5915,14387 13959 999 14389 14388 2029 362 13354 12446 5431
5916,1982 9987 8768 3209 1981 1552 1962 4157 9469 1580
5917,7898 8468 1602 6881 5971 7865 10215 8992 15074 10921
5918,3923 12128 11930 9686 7389 15019 601 3912 3922 14123
5919,10968 2306 7341 3176 14636 3765 11364 8567 7373 10566
5920,7719 6491 15260 14674 9143 6766 14321 4392 3988 14470
5921,6707 4626 1826 1777 2715 11010 13076 7425 505 11011
5922,5003 3200 3438 10406 159 7113 9700 5154 3129 5159
5923,611 10893 11483 6016 11484 12051 14621 8303 3213 9781
5924,9273 2798 1287 1565 1564 6374 5974 9322 9527 9265
5925,6821 167 10168 6027 466 2312 6822 5053 6030 6824
5926,2597 14298 8218 9484 160 14174 5176 10669 10360 13522
5927,7014 9307 7015 11273 13557 9412 3486 7013 14762 9406
5928,2471 1295 8248 2474 3281 3324 3312 2476 9105 4814
5929,15022 6065 2096 13957 9115 15021 62 1300 14863 9847
5930,9966 13695 6073 12945 12047 9893 12048 12049 7379 11700
5931,3179 3726 36 181 9907 5574 8377 10020 9916 15228
5932,11936 11939 11937 15023 11938 14898 14603 4391 13514 220
5933,13753 1291 381 12516 13373 12918 6390 10566 5750 7798
5934,4785 9402 2174 10796 3408 4784 2173 2179 2178 2176
5935,11824 919 10978 3462 8582 14975 9102 14809 12991 11828
5936,10111 12853 8413 12546 15128 4803 10110 13161 10105 2424
5937,3456 10886 12634 7189 12516 11301 10595 13372 2498 13373
5938,13803 7563 13802 13801 13800 7557 10605 8252 1634 11680
5939,13881 2925 6330 2017 11256 13882 10763 9124 2862 11660
5940,5844 13983 13911 4611 1011 10814 13984 6554 5841 5839
5941,2095 10967 4892 4717 11171 6099 9494 14773 14665 2805
5942,6138 6100 13809 6137 13975 10057 8252 8295 14377 12069
5943,12964 10916 13432 14600 12288 4882 13532 13433 12949 10917
5944,8760 14319 11952 8807 4336 8747 7781 11025 11026 8803
5945,15024 15276 5944 5945 5946 5947 5943 5957 5950 5948
5946,1417 5088 4770 8242 2762 8418 2294 2239 469 1434
5947,692 12325 476 2566 8250 13012 11316 983 3719 7332
5948,7403 4762 3699 5596 7280 847 5760 8939 5436 8366
5949,3021 11440 13134 7970 11938 12326 4853 3742 14929 9588
5950,4948 576 7866 10955 8424 7401 6180 6782 12815 12460
5951,11748 11215 10910 3359 3317 7283 9741 10050 5508 1836
5952,9433 15025 5792 9431 4284 9432 7086 9434 5945 5946
5953,1779 2375 1320 2371 9192 11532 4606 4060 1778 6362
5954,2925 10042 10763 5143 9442 8052 6103 2918 10765 2917
5955,9263 821 128 5419 9250 11761 3250 8777 4025 163
5956,101 740 14979 15066 15190 14898 15067 14547 14690 15013
5957,10664 715 7047 1760 10291 591 14669 6880 3944 10656
5958,2244 13958 4946 4776 4305 12712 7190 9149 7286 1834
5959,6620 8409 15026 2301 13832 14281 637 8414 2108 2705
5960,6349 6944 6623 1713 11780 6485 13704 10226 11593 13597
5961,661 9248 1282 1212 4201 10471 10478 6133 4212 4241
5962,7832 7385 10893 2200 6468 3597 10292 8142 5281 6969
5963,710 7936 4358 11355 1896 1222 2908 7947 1847 7948
5964,9906 2516 2532 9164 9899 392 8502 2531 1190 9917
5965,8874 1374 7346 49 12050 12051 3131 8871 12052 843
5966,2307 4128 793 2107 6178 10607 6176 11194 4496 749
5967,1711 4039 12914 4037 13380 11385 7819 2880 9194 8848
5968,2662 8215 13072 8214 1635 8216 10083 7756 7444 12092
5969,9142 11864 342 1205 12776 6981 11326 11867 12688 11866
5970,6047 12862 10418 5553 6999 4201 141 10415 2159 4193
5971,7430 10304 8700 9443 7364 9370 3993 5481 10297 10306
5972,1282 2588 2342 6132 3933 12847 8669 6698 13411 14707
5973,13388 4153 9610 4148 4150 4149 14686 3063 14839 14841
5974,1346 2277 11654 711 5580 2272 2276 2273 2280 2292
5975,12227 10819 14791 11385 12935 14750 7785 9289 6276 15027
5976,9200 466 2711 494 15029 15028 10383 10382 12875 9210
5977,4350 9519 13312 10249 5257 12447 10491 11979 8008 8033
5978,12510 12130 8480 12507 12506 4302 7295 12503 6430 11046
5979,14054 6325 10494 5927 4095 361 15032 12097 8691 8925
5980,15033 5944 5945 5946 5947 5943 5956 5949 15276 5951
5981,1001 10072 6847 4138 12644 7062 1000 12731 12643 11348
5982,10494 3684 9886 4687 2719 4017 1317 7453 2987 9561
5983,3305 14321 7719 4392 4884 3236 14252 12410 3988 7046
5984,11265 4068 12939 14313 11264 14116 11034 7625 11263 8325
5985,8997 12748 10353 9012 9006 9021 8506 1274 13682 9023
5986,7138 13610 13777 14176 13778 4637 15243 4469 7927 4639
5987,2815 2742 2822 2820 13562 1166 405 1535 1165 2814
5988,11753 15035 2820 13960 13007 14150 15034 13259 5999 10207
5989,12744 12007 1168 3465 1167 13200 12006 2742 12745 2820
5990,12747 14712 3464 13661 1166 1323 2820 2815 14457 14084
5991,2815 14879 2820 405 1323 12747 13202 2742 1535 12426
5992,12426 2820 13672 13518 2822 13232 2818 13356 1535 1323
5993,6360 2371 1357 9851 1011 10192 2369 2014 2375 12075
5994,13237 11891 11350 14363 14440 8741 2096 1145 11351 14439
5995,10164 3406 9815 11918 2409 6894 9773 11919 10657 14113
5996,9534 10199 5687 9539 402 6742 7091 1011 9537 9535
5997,90 5312 512 80 94 55 6903 84 6893 2529
5998,470 1642 2224 499 3365 12916 6702 1474 768 6127
5999,8888 12176 248 5372 8893 3929 8895 2599 8896 8889
6000,498 5650 707 10529 12984 9894 6094 10128 10131 11493
6001,15036 10059 8986 7630 9533 11098 6129 12372 11467 6076
6002,10300 9530 3310 182 6471 8975 9169 1984 1412 4007
6003,13593 421 10092 3393 11270 3143 492 3168 497 3166
6004,15038 12842 7393 12027 4790 7908 8761 1740 6282 954
6005,9441 4406 11139 5186 6375 9601 5622 10433 9596 9599
6006,6858 9171 7552 12730 8553 3543 7062 9711 4453 4606
6007,10990 9084 10994 12656 1011 12376 10355 7449 7817 10246
6008,27 9252 8307 5791 10230 8455 5810 3035 5750 2366
6009,1504 1478 4496 8349 4179 5155 9177 5810 8970 11317
6010,708 4020 13923 706 675 10934 682 7467 1132 7680
6011,15040 14282 15039 12759 12758 5051 9780 11867 2600 9551
6012,3983 1301 7913 383 13754 3580 12724 6112 6115 10613
6013,5541 10891 8422 3367 2575 5017 166 5655 161 9467
6014,46 197 4220 11735 5462 10671 11903 885 6406 948
6015,15041 7011 2883 14682 5875 12245 1774 10258 11074 5854
6016,14127 13452 4516 5615 7684 5229 10124 12511 14332 14084
6017,3847 10154 5901 5199 13634 3849 2859 7328 10147 12965
6018,14163 14866 53 14868 14865 4424 14867 14647 14612 12031
6019,2504 47 2579 86 54 85 87 9222 8260 10134
6020,9495 1302 13905 1040 9596 9597 9599 9598 6314 4029
6021,771 100 15211 11060 15212 14849 15214 833 12995 15213
6022,8889 11583 1475 8894 15210 11581 11580 11582 2599 5372
6023,7135 9159 10883 2526 6015 15043 15042 15021 14608 12559
6024,6933 14844 3133 6937 6938 6931 6932 6936 5403 6935
6025,10776 11718 11440 10768 10771 10770 14560 10314 10773 10767
6026,11658 6382 420 1641 1814 6829 2645 11574 5577 8320
6027,4660 4663 11368 11370 4653 4650 4662 9105 2804 11369
6028,9249 9372 3304 6489 13431 7234 13065 3573 9564 4260
6029,8104 3394 10901 14358 3392 3399 7698 10900 555 3391
6030,14280 15044 372 10667 12307 12741 8768 5026 377 371
6031,14163 14866 14868 14865 14867 14612 7118 8999 12427 14559
6032,323 4468 6411 176 6374 7420 763 10299 10296 10309
6033,13124 14541 12752 467 6400 15046 11406 7049 11361 6312
6034,1351 10390 1350 14720 14089 15274 15273 14719 13454 14703
6035,12538 1784 4028 2283 1539 5259 646 12539 13840 12541
6036,7096 6360 4413 15161 15162 9851 4306 568 10257 12558
6037,2741 11881 12994 8827 8109 11109 12006 11267 6352 9794
6038,7264 14752 10560 14352 13770 13879 2635 13177 12439 10561
6039,13486 11545 11543 11380 13084 646 12539 14798 11211 4299
6040,5535 7366 1011 11528 10913 1140 1135 1148 5530 5532
6041,9934 314 16 5116 3717 6647 12175 12174 1586 18
6042,1355 1354 1357 1356 4141 4140 1829 6741 2376 2369
6043,3765 14636 10968 11550 2309 2590 13379 11607 3766 2413
6044,11231 560 14805 13671 10056 14325 11164 13328 15095 14799
6045,3465 14799 3464 11121 4514 13671 15095 14712 1166 15035
6046,11111 9784 14803 12070 11822 4791 6941 11109 6990 13711
6047,4643 4642 8625 8633 8630 8626 8632 4644 5565 4647
6048,4160 3914 12283 4156 4165 4155 988 4161 4162 4163
6049,11954 3015 1980 4957 6025 2531 10341 7374 9905 8846
6050,9984 15047 12250 7823 11998 11995 3440 11999 12000 5925
6051,1721 4407 1776 5440 5443 5442 5439 10246 3693 8152
6052,7044 5052 3020 6034 1584 6968 5037 5032 5077 8283
6053,3957 1512 1092 8569 8564 8570 8573 654 9497 213
6054,4906 4344 2799 6301 1371 2329 7566 295 1370 7559
6055,9048 9390 5076 6317 6444 9047 6223 5718 7392 7285
6056,8198 2225 6378 15083 15082 8196 7838 3631 8194 2330
6057,7321 11970 2488 7312 7307 7308 4916 7322 4885 7306
6058,15048 2109 5188 12506 12783 14151 5818 15030 10758 9244
6059,3553 10657 2962 8595 10291 7991 954 211 6056 6880
6060,15049 12261 4596 6067 4072 12146 11102 1151 10716 4626
6061,11673 4116 11707 11677 8956 11674 11679 11678 11682 4117
6062,5190 6990 9784 9935 4038 5189 14877 12070 13635 4832
6063,6908 4370 1960 11954 8503 6892 10712 9930 11176 9929
6064,905 7740 6228 3423 9805 7487 10322 5247 12838 3422
6065,15051 8023 13047 15168 15119 8130 8017 8010 8011 15241
6066,966 9879 9880 4589 12946 2196 967 15052 4590 961
6067,7655 12943 15052 15053 12946 12944 15054 8263 2196 1540
6068,6391 6402 4843 7961 586 10439 4075 7869 4355 9053
6069,6065 11634 6109 13948 9847 11633 14863 10101 15022 6112
6070,10660 5078 3148 6322 3383 5812 3350 2066 5816 5806
6071,6095 13823 13080 14656 1094 3877 12831 5842 5382 2394
6072,13342 6789 4577 5607 2402 10259 12797 8408 2834 12583
6073,10066 3025 1537 12202 4996 8718 3032 13553 9488 13555
6074,7921 1641 2126 5011 13649 5730 7181 3195 9166 5414
6075,15055 2990 887 668 4167 864 4779 6148 19 1979
6076,11293 14265 2117 12197 1404 4861 11294 8756 11292 11295
6077,4718 11036 4713 13383 8252 14788 4719 2018 1541 14784
6078,5336 911 7843 2015 3838 12480 4645 13181 13083 7842
6079,11368 11370 4663 4660 4653 4650 14681 4662 11369 2804
6080,2325 15249 15068 13173 15190 13174 15066 15250 14597 103
6081,14585 8239 625 15006 11458 14713 11462 10637 12966 4822
6082,149 708 13673 13647 9961 14956 12333 12064 12385 706
6083,14163 14866 14868 14865 14867 14612 7118 8999 12427 14559
6084,10920 1666 11643 4757 425 944 9000 13386 10020 12995
6085,14713 1449 7223 15056 11460 11458 14585 15057 4816 4822
6086,3503 11391 2659 12800 9367 10263 1044 2487 12062 9667
6087,7014 7015 9307 9412 9406 3486 11273 13557 7013 14762
6088,271 2865 15058 5797 270 4099 3137 273 269 5796
6089,13682 2374 9407 2869 10095 9410 14616 8997 13681 13684
6090,14220 4805 8702 14703 3890 14702 610 6848 14221 14219
6091,699 13930 15059 1394 12062 702 695 6118 1401 493
6092,101 15063 8370 15061 15062 8369 15001 3056 3054 15060
6093,14306 12206 10215 6106 14865 14427 14320 1858 9055 739
6094,14910 10667 14891 15009 2595 10669 14280 15044 10690 14926
6095,11920 8411 12201 9024 13512 9021 3405 15064 5348 14149
6096,12324 14961 11087 3801 13943 14960 11817 886 11818 2355
6097,12574 5678 14606 14971 14887 5676 12134 1880 5947 5941
6098,14550 15065 15184 14619 14092 11820 14081 14618 14620 3373
6099,101 15066 14898 15067 15068 15270 15249 14690 15013 7128
6100,9300 14163 1587 9301 9304 9298 14566 14804 9302 8283
6101,8241 6971 6592 10173 3903 5586 11257 11328 2021 1391
6102,52 76 8474 15273 94 15274 14875 80 14100 14307
6103,9472 4162 8999 14951 9054 14166 4165 4156 4155 988
6104,14213 11043 14209 3153 15188 15169 14214 15086 10218 8020
6105,14088 6521 14558 12513 14554 14868 14867 14553 14866 14930
6106,625 13517 9296 6633 6030 6023 14585 12178 4488 3188
6107,12338 14860 14508 7937 14859 15177 2273 2263 6467 12339
6108,3022 7116 7134 7177 9113 7125 4423 7132 7127 7113
6109,12134 13899 14976 14696 14697 13764 14593 14886 1754 10977
6110,8408 14854 13018 7381 14526 7170 10484 14329 7376 7375
6111,176 4761 3711 488 2448 3713 6022 4200 3015 5038
6112,12819 5313 3587 5140 12868 9211 328 9030 876 15185
6113,13627 15070 14652 14958 8860 15187 14465 11948 14653 14648
6114,11195 8560 2248 11697 11696 11698 11695 11694 12778 7877
6115,11299 2829 232 7278 14473 7933 11297 357 10153 9016
6116,10153 13429 6316 6869 11299 14473 11847 8560 14096 9509
6117,8256 13526 3841 13522 678 1928 3789 7890 13705 13169
6118,10565 5674 11354 1907 11353 12391 12387 11894 12390 12392
6119,3654 3656 13211 14450 5599 3646 3650 3652 3649 3653
6120,8871 6411 2324 14240 11124 5375 13933 8872 11481 8500
6121,8690 7002 11563 14620 12811 15072 13949 1500 12689 14911
6122,2986 74 541 13012 3719 13014 3488 11316 8561 5415
6123,15075 15074 14092 12017 7579 1589 11914 7865 7898 10171
6124,11459 4 6596 9262 12178 6374 1782 3643 1450 9268
6125,10483 10559 1865 14529 4417 8969 12512 276 8667 8131
6126,14792 7131 13369 3576 9227 15076 786 12013 14296 9155
6127,14255 3561 7962 1886 8095 4564 13929 2015 13822 12963
6128,2938 11993 13560 2781 9396 3253 9544 6948 2933 8941
6129,13917 14780 8901 11096 14372 13780 14370 13531 2593 12094
6130,7433 11934 12549 5928 5028 5947 7431 6186 3295 7432
6131,2277 9683 46 2272 1346 711 2279 9684 5372 2280
6132,14080 8310 14605 14604 6409 15287 5056 8277 9269 9041
6133,5329 14022 5330 9021 13925 9022 9004 9023 3482 13531
6134,7240 15077 9573 14781 7242 7241 7244 8252 7243 7239
6135,4205 9480 12995 2234 6914 9161 951 3738 12106 2499
6136,6495 6543 6494 6505 11654 6493 13178 6480 6492 10106
6137,12293 12290 12675 14631 12289 12292 13381 12673 15253 12291
6138,12613 1637 2089 8087 14371 10133 12277 13969 8101 9566
6139,12852 8196 11836 14676 3161 10077 8754 2249 8815 9678
6140,15078 3214 10291 14621 11485 14642 9400 15229 14418 14643
6141,3055 15013 14578 101 8369 15270 3054 3056 15062 15061
6142,1173 8921 2086 7293 11162 1172 1225 3934 11055 6370
6143,11210 11246 11247 9566 11687 14025 645 14024 12328 4641
6144,14307 15273 14875 15274 14100 52 14149 14554 14868 7579
6145,1368 91 14612 14559 14823 9119 14865 12604 15068 12605
6146,2929 7960 9092 2607 10134 10782 2915 10837 3974 8183
6147,12689 13388 13937 12688 14210 13807 14647 14430 9208 9056
6148,2717 13945 10696 4119 4654 8130 8129 8125 6533 8135
6149,6812 5823 3691 5804 6697 5806 5816 884 10983 11149
6150,15013 14578 15270 3060 15012 14407 14993 8050 13603 8563
6151,14160 6346 14106 14223 10121 8737 6614 183 3273 13124
6152,12388 12386 12387 794 5183 14389 14904 14941 13920 13518
6153,12388 12387 9343 2828 12386 5183 14389 14941 13920 14904
6154,14703 200 14702 610 14220 2204 14100 2031 106 1351
6155,15081 14840 3061 14993 3062 14988 14989 14990 14991 14992
6156,13527 10918 1883 1886 8663 8416 12104 9770 5634 12998
6157,4215 6964 3441 4248 1458 4222 4231 9983 3917 2098
6158,656 3548 8666 7805 13161 297 8573 4261 653 654
6159,6610 7632 11398 13637 4238 6607 6609 6612 6611 14132
6160,15082 15083 8198 692 4406 1270 8194 7838 3631 2330
6161,13838 14721 13215 14366 12340 14740 14720 691 13214 13213
6162,15060 15063 14826 14570 15134 15028 4754 13414 8370 15001
6163,12134 14696 14697 14976 14593 13764 13899 1754 14886 1518
6164,6836 5595 14689 14543 12062 4349 8272 11027 9260 12428
6165,8050 14742 8052 8049 112 58 5311 13603 168 2806
6166,6099 13996 8212 13433 2095 14665 14773 8757 6101 4892
6167,13587 9054 14826 14555 7124 14827 14553 13940 15270 14713
6168,14299 14120 1456 15009 14926 571 3956 10904 8975 15245
6169,2107 2949 2103 7723 182 4248 11461 580 4200 4212
6170,713 12463 798 14140 1499 663 14718 10522 8190 1625
6171,15085 7440 1238 12313 1028 11269 7736 11268 9065 10704
6172,1304 4973 2653 6558 11665 5452 11733 3411 3614 7820
6173,10637 5376 12966 10339 3821 15006 8007 11462 14585 6881
6174,7170 8081 6785 7161 6267 7163 6612 14526 14719 12633
6175,13538 15086 14890 9214 11921 12653 4375 6346 11610 644
6176,8483 7223 15056 9319 1553 12983 383 11653 794 3313
6177,14268 4576 14396 5226 3116 11253 15107 4583 4584 4586
6178,15072 9056 8588 2201 14792 12689 14210 7904 14504 15069
6179,8904 1533 14324 1532 4330 10207 12425 6992 13455 12825
6180,859 9947 11196 749 2317 8184 4287 13161 5420 511
6181,5850 7393 11157 5851 15038 12027 5746 12842 6282 8312
6182,11709 12371 6613 12828 13577 12372 2732 9589 11708 12373
6183,11073 14215 7380 13771 7828 13454 4911 11565 12248 14314
6184,7648 7889 14039 11610 2839 12282 13175 12719 10253 10254
6185,2774 4 6826 2133 2779 10138 4366 2758 5055 5034
6186,8999 7121 1368 11184 14670 14166 7116 13912 7325 3178
6187,413 8960 4265 6329 5888 3939 11300 8769 5203 7280
6188,4028 6270 14482 8340 14484 5259 12538 1539 2283 6043
6189,2151 11405 11402 6370 2467 7003 14136 6371 4190 2792
6190,12385 4963 4700 14956 12064 14169 12741 4955 9961 14013
6191,13932 6415 11755 405 12746 13931 13700 7249 13186 13660
6192,7163 9964 14858 12247 7663 7161 1018 6612 4450 7162
6193,8376 2204 13909 3485 14702 14703 14220 610 106 3900
6194,963 962 15016 3006 5058 14764 13556 940 965 927
6195,1069 5438 651 1004 15088 478 1062 1059 1030 1025
6196,15089 14398 10695 352 12276 6276 6268 11654 10085 13945
6197,10281 9071 8838 5618 10282 8570 11272 2581 440 4945
6198,12667 2930 1747 2240 1752 5132 12516 12855 10540 5752
6199,12087 11480 2556 12516 7805 12918 13373 10175 12847 12855
6200,5430 12843 14180 10974 12581 12844 5429 5432 8642 1785
6201,13813 14416 4840 14074 14077 13812 14075 13811 13810 13815
6202,4705 15090 5747 5746 13754 3580 12724 5745 13755 3775
6203,13315 12820 14805 528 10880 11555 8362 13314 12854 12821
6204,2820 12007 2614 9784 1167 2742 13200 3465 12426 12747
6205,2742 5998 13327 2614 2820 2815 1165 2743 3465 405
6206,1528 12509 1535 13248 6000 13244 13128 13331 405 13575
6207,2816 2815 1535 14084 405 1166 2820 12747 2818 2742
6208,404 13271 13574 13628 13650 1166 9791 13327 12426 14405
6209,405 1323 2820 2742 6001 12426 6000 1535 1166 14122
6210,7923 13129 1880 177 5308 7922 11683 9360 2549 10676
6211,12502 13422 6326 14054 9792 6867 14811 14812 13851 14052
6212,14375 14374 14376 15093 2365 9784 5945 5946 5944 5949
6213,2815 1529 1166 3464 8904 2742 2820 15010 2814 3465
6214,1166 3464 2820 2614 13187 2742 3465 12426 1165 405
6215,12475 13345 403 14122 12826 13347 405 1323 12511 14457
6216,3464 11052 1166 13731 3463 2820 14712 15035 13259 1326
6217,13346 13005 14015 13186 13347 8730 11051 13562 13345 12008
6218,14811 14812 11123 12502 14408 15032 406 14054 6325 12825
6219,3464 9791 13422 6867 1166 9792 12502 404 13625 14712
6220,12742 13623 2815 9784 14806 2742 12032 407 14879 3465
6221,9792 15091 14812 13851 14052 14054 15032 12502 6867 13422
6222,1323 404 405 13334 13562 12426 1166 14457 13330 2820
6223,15091 15032 14029 14655 14812 14811 9792 12825 6325 14054
6224,3465 13327 14562 5998 11955 2742 2820 2614 1166 8727
6225,2742 13327 1165 12426 2820 1166 8727 3465 2743 1535
6226,2814 1535 13625 4330 1879 1166 14405 12426 405 2815
6227,14375 14374 15093 2365 9784 14376 14806 13354 1532 6866
6228,13423 2742 13651 5430 1326 1532 14327 11524 13672 10260
6229,2815 2742 5998 14881 2822 2820 3465 2614 1535 1166
6230,3464 13731 11052 3463 1324 15035 1166 2816 2820 1326
6231,6351 13248 12426 15010 8906 3463 13232 1166 10525 13672
6232,1323 14662 14183 15210 10733 14877 13441 12883 8806 14328
6233,2365 15093 1532 9784 14374 14375 1167 13200 360 12007
6234,405 1323 2820 11052 12426 1535 1166 14122 2822 3464
6235,13700 13932 13186 13660 1533 12006 8402 13628 13648 5475
6236,12747 1535 4515 2742 2744 14457 2820 13356 1166 14079
6237,362 13959 9791 13562 12446 15259 11121 13354 404 15094
6238,4515 2744 405 12747 4330 1535 2742 2820 7686 14079
6239,1166 2814 405 1529 13575 1535 3464 13671 2820 4514
6240,7686 13339 3465 6350 5344 13340 13338 2614 13960 5998
6241,3465 15097 2614 2820 2742 11121 13352 1166 13327 11122
6242,1339 1534 5998 6991 8175 8174 8169 8171 8173 4516
6243,14655 14335 6353 14309 14336 15091 13990 13960 5999 14029
6244,10207 13339 6350 2614 12425 3465 8904 7686 10206 5998
6245,2741 2614 2742 3465 2820 5998 12425 1529 13352 13672
6246,13806 13804 13807 3333 13805 2951 5950 5949 5947 5936
6247,1532 1165 8830 2742 2820 404 1166 13187 2818 12426
6248,4516 8907 4330 15095 13671 13331 11394 12301 1339 15010
6249,11418 9786 13188 2820 12426 2364 13324 13187 13189 11231
6250,2820 408 11899 12426 1166 405 2614 2742 12747 1535
6251,404 6989 14150 9791 1166 12426 11753 13271 13960 2820
6252,2741 8907 6994 11753 8827 2742 1526 11898 13348 13671
6253,2741 1165 2742 12994 8827 2820 12426 11881 2743 13327
6254,6994 2741 11898 8907 8830 8810 2742 8827 11753 12198
6255,4315 6109 1381 10790 6112 12154 12157 15240 6311 10498
6256,6923 11782 14890 1557 4290 15098 11684 13117 14446 11689
6257,14674 14120 5359 14470 14417 7719 14886 14142 14490 15245
6258,14588 13070 1874 1844 6162 1268 7106 2627 8356 14890
6259,7571 1912 10254 11620 6069 14039 7573 11249 10253 7648
6260,14000 11011 947 12494 914 978 934 2715 11010 927
6261,13046 11153 9205 13004 6613 10868 5970 14090 13971 1669
6262,6090 10184 13765 6091 5598 11245 14147 6092 11490 10561
6263,8869 14657 2614 13482 13452 13320 13855 13321 3465 2742
6264,4459 11780 8647 1927 623 2866 4460 4456 4457 4463
6265,12559 1133 12558 5931 8868 12562 11997 6015 15042 11653
6266,12924 10376 10377 9712 5111 12923 7764 14776 12859 12208
6267,11537 9547 15126 11787 11536 12874 12607 14225 4617 12876
6268,4285 816 10417 286 1684 10818 8764 826 8765 8768
6269,15099 10838 5728 968 4755 8038 10837 1986 1430 99
6270,14762 14546 7014 10911 14764 4450 7015 13212 11571 15156
6271,12934 10461 15027 12332 12935 6432 7072 12933 12932 7077
6272,7474 1117 1226 7475 1018 7484 7476 7471 4932 7473
6273,11120 8164 4605 4133 5673 8151 8162 14225 8160 12551
6274,14226 9249 14225 14464 6317 4260 2887 12551 9648 682
6275,14182 1748 13103 267 12611 7827 6842 13647 9961 13368
6276,13483 1861 2874 1011 12585 8302 7817 8157 8154 8155
6277,2014 9851 4599 1357 6360 10365 9236 12282 10368 12589
6278,10169 6909 14729 5273 3602 14091 13004 7455 8326 12062
6279,7018 2418 10519 2946 13142 12959 5287 6774 6884 5171
6280,7253 13605 13238 6548 4523 14170 560 7628 11642 4357
6281,14342 9233 13459 8555 6782 10351 15131 13544 14181 9232
6282,6228 6225 14237 13070 6163 12229 12765 1253 6530 5157
6283,9807 12025 9661 900 3878 7934 6251 13393 13394 13204
6284,6174 7948 6240 7947 1847 1268 7106 13880 6510 7434
6285,14533 8032 11908 13770 14006 1126 13841 4458 10490 8030
6286,6183 14146 4068 2008 1700 5714 13961 8114 14314 14002
6287,12196 21 7953 9438 3661 2421 567 2422 2859 4787
6288,14731 6479 6168 6240 8136 11529 14730 11219 1665 607
6289,1844 6781 8144 12432 7938 6783 6162 11648 1853 1841
6290,13285 7302 127 12037 3580 6979 12724 13754 3577 10123
6291,3862 13782 8516 8118 3880 230 12138 10119 13385 5945
6292,1532 11112 2820 11418 2742 2614 9784 3465 14405 12426
6293,8590 6548 10029 8589 4357 10028 10033 5158 7963 10030
6294,14091 13184 5895 13535 10450 14729 14090 13004 12499 10244
6295,11273 9183 7394 3947 9307 957 12231 13557 12232 9581
6296,13537 14001 6669 7660 14182 13725 7475 4368 14207 13176
6297,13665 15101 11996 15238 11785 15261 11995 11999 11998 12000
6298,10441 8335 12576 5385 5384 14645 2439 5716 13392 5381
6299,15102 9795 13441 10041 12500 12505 12534 15210 6571 10733
6300,7401 7571 14353 7253 11940 7573 11568 11372 13385 11637
6301,1011 10073 4035 10071 8645 10072 13426 10074 10070 11420
6302,7571 9803 13692 7573 6783 12048 8116 10257 6779 7576
6303,13519 12077 11387 12074 12072 12080 12917 14439 14438 13060
6304,12147 13556 7702 12143 12145 11776 12144 1749 12146 11085
6305,14085 10986 14086 12486 1561 13725 14087 9830 266 14446
6306,13585 1751 14672 7630 10435 3044 1752 4852 4856 4860
6307,2820 12426 1166 2742 405 12747 3465 13187 1535 1165
6308,3092 10282 11065 11067 11068 3695 7329 3093 4552 10139
6309,15105 15104 13108 13438 7857 15164 15159 1472 1473 10642
6310,13697 14057 9683 6486 10941 8320 9199 11190 6403 14058
6311,1001 1002 1145 1000 2869 12644 7062 1006 1012 11351
6312,7217 1704 9194 1774 12936 8302 5854 12585 15041 1773
6313,2885 11025 5129 4336 1772 10751 12378 12912 4285 11027
6314,12802 12796 12794 12799 12795 12798 12801 11530 3268 6066
6315,6360 2378 1354 9851 1357 10366 1355 4142 9236 10365
6316,4430 1003 5673 5644 4432 4433 4435 5648 5649 5645
6317,11002 3083 8476 2869 11703 2378 10191 9173 12297 6550
6318,8210 13728 13729 995 14666 9280 5569 731 10277 5405
6319,2014 9236 10365 10366 12282 10368 2378 9851 12919 12920
6320,3676 11469 8181 6526 3686 11468 5039 3973 10806 5055
6321,14740 14721 3197 10625 15034 9510 5363 1527 3204 11326
6322,13105 7623 11054 12568 4752 12717 2032 11117 13668 1094
6323,2592 323 576 13741 370 13668 11117 1094 11375 15019
6324,12499 13795 13171 12719 10450 12498 13175 14230 12526 13793
6325,13793 10488 4672 14229 11248 13848 13794 13795 13550 9205
6326,2875 4135 4605 6067 7553 2872 12731 4133 9751 6557
6327,8541 9748 9747 8540 11537 11799 5662 11797 11801 1158
6328,13766 14115 14116 6188 7950 13358 6249 6250 2909 12804
6329,2371 1354 4138 2375 1357 1355 4606 1779 4144 1778
6330,10892 1809 6764 2725 14118 7539 10251 6398 9147 3593
6331,5007 5005 5006 5009 5008 5010 5949 5951 5948 5950
6332,9085 14057 13567 5452 10783 8183 8320 4359 13697 895
6333,12470 12565 4700 1127 14739 7408 14311 13741 4795 10894
6334,11273 7014 14764 8296 2881 9307 14762 7015 14763 13557
6335,102 574 5793 8844 566 565 564 2272 10332 2288
6336,12221 2023 3197 7960 102 11477 12218 8746 12219 3512
6337,15107 4576 9894 4582 4583 4573 4584 4587 9892 4586
6338,4787 9053 1672 10786 10435 14070 4784 13903 10438 13197
6339,12253 8386 12311 383 10527 4045 8384 995 8379 8380
6340,14162 14475 9263 6596 1993 14713 2311 9296 12178 15006
6341,1367 7132 13952 7128 9117 5311 7134 7125 15068 15249
6342,7441 12975 10860 12974 5833 12976 8957 7329 5996 7331
6343,10037 10038 10036 14777 10039 12289 13381 147 4896 12617
6344,9361 4657 4655 14882 13693 14884 6355 4646 4656 4648
6345,9473 9470 2093 9334 12838 12837 9477 1631 905 9471
6346,2093 10086 6347 2086 2090 2091 2092 416 12068 2094
6347,3571 1998 3572 12949 13065 3573 1996 9108 9105 3566
6348,12565 11038 9202 12470 14708 12564 12971 7351 4065 14739
6349,15108 14790 14276 13257 13810 14777 7444 7336 13822 8237
6350,13811 13812 13721 13815 13810 13222 10079 13814 979 8393
6351,7563 6136 7309 7557 8252 6137 6138 4903 2667 4887
6352,12647 13703 1884 12646 14795 12068 14796 8093 8544 12310
6353,5374 5364 6334 6115 5371 13754 3580 12724 5366 5372
6354,6303 12338 9778 11036 11037 2273 2263 7248 6083 12339
6355,15109 3784 3716 6111 10084 9004 8636 14381 8617 3776
6356,1956 12182 12274 8757 13996 14772 14900 1955 14665 14773
6357,13433 13432 10918 14031 9760 13532 14809 12172 12997 13527
6358,4056 1997 2663 3572 8214 12949 1996 3566 8216 13812
6359,15109 14381 6128 8617 12870 6003 13522 14035 9430 3784
6360,13382 8095 15 8096 4565 13 9759 12049 9034 12645
6361,15109 14381 8617 12870 6128 12871 13522 14035 3784 13526
6362,11165 9027 147 9494 8638 12602 14428 13817 158 11198
6363,12740 3451 4651 8825 3447 3450 3448 13925 12495 14402
6364,13944 13817 12544 12183 5557 1542 13814 8275 12066 14622
6365,11261 12410 10259 12911 12412 12414 12415 12411 12416 12408
6366,11203 8629 14600 12949 1996 15110 10083 8216 2610 11191
6367,13904 6852 3804 13031 7293 14684 14061 12391 14060 14059
6368,14032 14917 14916 14918 14919 6334 5180 6335 12363 9789
6369,9027 13461 10872 14428 12602 8638 8560 9494 3233 11198
6370,9571 25 13063 12069 3712 14796 8899 8252 6138 14020
6371,15112 11184 12877 5941 5942 5943 5944 5940 5946 15276
6372,15113 13071 7225 7723 2311 6577 580 7228 7223 14713
6373,12494 14706 14388 14000 13552 11011 9678 1658 14705 947
6374,4762 3596 3222 6198 612 10919 6031 11683 170 216
6375,5116 1956 14900 6874 10669 3722 1955 157 5122 3245
6376,15117 15116 15115 15137 15138 15136 15135 15140 13594 15139
6377,5758 1247 2761 8918 4217 5757 1248 12042 14431 5235
6378,15118 4426 12668 1396 2201 4432 4435 10536 12054 15002
6379,1489 1488 14396 14278 14937 14891 1481 13848 8572 1487
6380,10215 14320 10745 14306 5971 10120 10744 7898 6146 14869
6381,10095 14582 1132 10934 13682 7467 7738 11961 11383 14458
6382,9350 11631 12179 9342 4057 4451 13451 4058 11164 8897
6383,14436 8140 7993 11400 14834 14833 5709 11396 12652 1270
6384,363 1797 3791 4180 895 1197 12053 11741 2159 750
6385,6523 9924 6522 3309 5044 5567 9899 9909 9133 2120
6386,12233 8852 13435 9147 957 1376 6057 12881 12231 14523
6387,14434 14228 4451 12526 14230 6451 13074 13175 13171 9995
6388,3367 3167 8201 4031 6701 3860 12097 3166 11146 5017
6389,4191 15074 10171 7579 14307 11914 744 13545 4248 13044
6390,11317 13364 7145 13925 8970 11945 9256 3569 14020 14021
6391,15120 10701 12748 12156 10704 3887 5892 2127 10703 8845
6392,2867 881 10558 12708 8322 11873 979 2912 3805 14250
6393,4900 7326 4348 10675 4985 4885 9499 4901 4904 14676
6394,3811 1796 7344 4761 7040 5725 1452 8452 10347 5117
6395,15122 15124 15121 15123 692 15154 7002 11485 2703 1698
6396,12238 9853 2380 12241 12240 10748 1143 11891 2379 5533
6397,14095 12973 14013 11856 10050 4731 11249 12972 15026 14522
6398,5385 9810 2438 12576 11908 5716 2979 9809 1665 5382
6399,6251 6187 2439 3878 7934 13394 13393 7935 9807 7942
6400,8885 1122 1119 9128 8029 8041 8024 1120 14050 13267
6401,11681 4503 3936 12361 5063 4490 12053 1390 9974 805
6402,1217 879 9066 12043 5325 9098 2672 8973 3466 1804
6403,4424 4433 4435 4432 4429 4431 4421 14647 12031 0
6404,9895 13879 13716 13131 9892 9894 11772 1121 11770 9893
6405,6940 5571 529 8761 8489 7333 7334 2614 7236 6722
6406,1901 1047 8403 1499 3266 6317 871 9564 6223 115
6407,6137 13821 3561 6138 8252 2018 13820 6139 9573 9571
6408,10369 14707 10374 10920 10375 944 10906 10380 10378 3014
6409,13623 1535 6004 12742 5194 407 1166 14806 12747 405
6410,14944 8428 13521 14942 14705 14068 15193 14972 14908 14909
6411,10645 5074 209 7611 6961 2987 4422 8942 4481 2942
6412,11366 13885 14486 5267 12850 5266 692 14481 14913 14131
6413,15065 3200 618 14550 3204 5160 9700 4259 4253 4248
6414,3330 8100 12593 9566 4909 13462 12649 158 8759 11187
6415,8027 14986 12568 258 14483 8007 9190 8010 8011 8008
6416,4424 11147 4432 4433 4435 4429 4431 14647 4421 12526
6417,4311 9302 9406 9308 1587 9304 9301 9298 9316 9303
6418,9111 11209 9110 11210 12649 2094 9354 11858 9559 12625
6419,15125 5198 2982 5945 5946 5947 5948 5949 5958 5951
6420,5338 7682 5358 1621 8398 13024 14967 12439 14754 13642
6421,4754 5325 5896 4964 15060 4073 4710 4751 9228 5895
6422,9312 9310 9311 9304 15068 15249 9298 9301 1587 7288
6423,3811 4871 14893 9211 4961 5290 4955 11353 10239 9210
6424,12877 15112 12876 7120 12874 15247 14519 14578 4363 15011
6425,15060 14570 15063 4754 15028 8370 15001 15134 14241 15061
6426,2340 7992 26 9878 2353 10650 2355 10649 10704 2069
6427,2201 14504 7904 2457 715 10708 15072 2415 12668 13805
6428,15126 11787 4036 9192 14225 12643 9852 13982 4133 13568
6429,6327 15127 6331 6480 12089 12090 6492 959 12088 6481
6430,138 7462 836 1188 10623 1020 6535 2752 9570 141
6431,9299 4757 11462 9306 9304 9301 1587 9298 4262 5552
6432,8427 10210 5882 10111 12546 15128 4572 8695 8921 14684
6433,15129 8735 5929 14217 8733 8736 14471 8734 8739 8738
6434,15131 1789 1788 13252 13255 10000 9233 9232 13253 6945
6435,625 3407 12406 9030 6762 12995 6016 9296 13517 6633
6436,8450 9064 7399 6999 4237 1807 5523 458 1391 8447
6437,8613 13024 13548 9126 12653 14521 11884 14117 13691 11783
6438,11177 1939 13889 9810 9806 9809 6887 2627 1665 1522
6439,12032 611 4020 5 14806 14158 13623 8314 8734 14879
6440,11235 2319 516 11236 6267 11237 7547 6119 11215 11064
6441,2369 11537 4688 1357 4687 2376 1354 2372 1355 6551
6442,14971 5678 12298 14903 14606 12574 10832 5216 5676 8578
6443,11120 8141 10622 5673 13394 13393 10518 7576 4545 11118
6444,9393 7796 13404 4971 9394 1119 11358 9392 12155 7788
6445,7120 7113 12877 81 137 4363 8494 2155 6572 7116
6446,14743 3017 13741 3210 406 11255 13366 14040 14311 5596
6447,9055 13587 14088 14427 14306 14865 3611 3221 14555 12651
6448,14718 14997 8873 1670 14036 8780 15000 14493 713 12875
6449,14299 15009 571 14926 3956 10904 14910 10042 1456 8106
6450,13430 13431 14707 14714 14471 10906 944 14483 14705 14704
6451,10746 13957 3437 6279 6281 6272 6292 6283 6291 15179
6452,13587 14865 14826 14554 13940 15270 14713 14827 14553 14555
6453,15132 14142 11167 9544 12383 14417 13831 14470 14490 14674
6454,12991 15133 13999 10429 14975 8635 12989 9798 10428 12990
6455,5781 5782 10255 5783 2287 1253 14064 5917 1845 5780
6456,15134 15064 92 8587 15060 14826 53 8999 5945 5946
6457,8999 7121 1368 11184 14670 14166 7116 13912 7325 3178
6458,14886 1518 12134 13220 3973 14470 14674 13696 1311 6650
6459,14930 15244 12513 110 14427 14931 14165 15250 14929 14937
6460,8108 5430 14196 8110 14590 13409 3171 2669 1785 5429
6461,15139 15140 2626 10287 15135 15137 15138 15136 10481 13594
6462,15139 15140 2626 10287 15143 15142 10481 8708 15135 15137
6463,6785 3859 9826 12566 12041 230 1268 10870 12564 14219
6464,6415 7249 10277 2958 7783 8713 11033 12269 13144 13314
6465,4066 412 2013 2916 11619 14847 15144 15145 10048 2919
6466,11319 11318 12756 13568 3080 11787 15126 2887 14438 14439
6467,6780 8057 15101 13366 6776 11041 6779 6775 11731 6778
6468,14824 78 14868 14554 93 14558 14827 14553 80 94
6469,15146 14931 9511 7845 15244 14687 15250 2203 11959 14937
6470,15147 739 3790 3600 7301 1490 2206 1880 827 814
6471,13033 3160 3021 14427 6116 13134 8820 1425 14279 14275
6472,4133 4137 8164 1721 9625 4605 4144 10067 7554 9751
6473,8999 15148 7121 1368 11184 14670 14166 7116 13912 7325
6474,1883 7909 12617 1182 9004 14783 14797 7903 12091 1432
6475,3019 3018 12995 3243 108 3240 5307 9480 7115 10651
6476,15149 5944 5945 5946 5947 5943 15276 5950 5948 5952
6477,6378 8860 1532 7993 5365 4318 8859 13627 4026 8855
6478,15150 3828 3830 3833 3824 3832 657 3829 3835 3827
6479,10910 12191 11669 11904 11748 1830 9741 1836 10571 5397
6480,6784 6502 1126 13416 7855 11661 6492 6480 14340 10986
6481,14344 14128 9341 3691 10653 2230 8176 2189 8462 3873
6482,15119 15059 7002 8130 15051 15168 13930 699 14911 1394
6483,15152 2614 5998 2742 3465 2820 1529 1323 1532 7686
6484,15027 14736 12934 12935 14750 12227 9289 11385 6276 14791
6485,14234 13914 14467 12648 6796 10696 7759 10873 10874 11210
6486,14616 8057 8409 10701 11041 13682 13132 13262 8414 10813
6487,14413 10080 2567 4909 6788 14684 13484 11040 13915 10081
6488,15153 6866 1532 9784 7237 13855 6941 14806 2614 11112
6489,9574 9348 10959 13064 8899 13067 13916 12618 8252 9572
6490,8798 664 14699 1620 15021 11080 1436 1622 9918 5632
6491,4199 15057 4437 4978 4473 14713 4208 9527 4494 4245
6492,4966 13184 5896 13535 4955 4964 4073 626 14176 5895
6493,8038 11424 859 1516 8008 8015 15099 8010 8011 8017
6494,12748 7937 12717 14153 7942 11219 1847 11041 15120 12338
6495,15101 13685 6567 15261 11785 13290 13938 11996 9691 4628
6496,9774 4288 2643 8419 8479 11148 6872 2646 2642 8195
6497,7560 3573 13065 5221 4882 7558 3567 10242 9372 2797
6498,13557 15106 15156 3486 13101 15155 9307 11273 9406 7014
6499,10994 11382 10952 14218 10999 10998 11000 10997 11350 11923
6500,9779 2709 5552 14713 11462 13516 13390 15057 7392 4816
6501,13484 13399 4909 8302 12585 14412 13877 12678 12998 13001
6502,3896 14775 8087 11042 10976 8092 5560 8101 8094 8093
6503,6381 1567 5084 9065 8453 6959 11934 10471 458 3226
6504,1880 6473 1033 3402 4240 499 8530 7463 11015 4147
6505,10039 2936 9779 11462 4406 11461 9367 8753 440 1989
6506,12066 9348 11544 14798 13916 12183 11543 11211 8624 12069
6507,14732 14219 1665 6781 14340 9809 6783 13887 9803 4551
6508,5012 3186 5042 6636 4736 3208 5055 2021 9319 5035
6509,323 1028 11328 1241 1217 11175 764 2133 1065 1206
6510,3662 8591 10382 10383 10672 6532 3933 2325 15028 391
6511,3055 7116 8369 7125 108 11184 8370 13953 7132 15061
6512,1047 2168 5618 6317 1057 12199 8824 1901 2943 1032
6513,593 4295 1583 589 597 4321 4322 3729 4325 11301
6514,11475 12927 6513 12928 14732 5246 7891 11152 13951 3118
6515,9324 9323 1558 10373 14230 12526 12860 13175 12858 12220
6516,13286 10821 12159 577 14959 14685 9267 14259 13928 941
6517,3040 8526 10898 9287 1549 9288 1133 4117 4118 2670
6518,4219 1201 5090 2457 4248 4212 4184 4209 4221 4190
6519,10917 9015 5331 10916 9374 13040 13900 10918 9280 14075
6520,11721 12655 3083 7784 13621 11722 12211 7058 4137 9969
6521,6275 11813 1870 6291 6292 6272 6283 9030 6470 6282
6522,13954 5253 11254 6716 14985 3005 5732 293 12624 2011
6523,15162 15161 723 4306 568 274 10257 1799 7952 4300
6524,11945 13051 14025 10086 10407 7844 13925 4270 9577 1448
6525,12624 13681 4398 9407 5732 13954 3005 12625 2011 2010
6526,9303 7057 2881 1587 9298 9304 9301 3442 13590 2890
6527,4973 13571 2584 11113 296 7184 10664 82 5055 9428
6528,12875 9306 9319 14493 14827 14718 11863 15154 12874 12876
6529,1187 6103 15128 247 8717 1189 10527 1210 4230 11326
6530,14451 637 14780 2793 12171 1636 5222 3274 14665 14773
6531,53 15163 14578 11883 11911 80 15228 8377 14987 94
6532,3464 1166 8526 14712 2820 1326 11052 2815 1165 13651
6533,3808 8554 11257 8555 3806 12058 12057 9479 3809 7089
6534,1874 1554 12470 7643 12129 14588 1127 13715 7649 14119
6535,15159 10642 13108 3097 7857 15105 13438 15164 1472 1473
6536,14274 12620 12714 4346 15088 11271 11865 4003 635 12621
6537,14956 12064 12385 12741 14169 11384 9961 13647 14013 12333
6538,1367 7132 13952 7128 9117 5311 7134 7125 15068 15249
6539,8695 115 82 1901 12546 8694 1538 15128 7896 14608
6540,3395 1613 8948 10636 6472 6681 1652 3399 1486 3394
6541,3773 3473 10301 8975 8875 1233 2773 2780 12023 8654
6542,11824 12418 1796 6576 6789 11828 11823 11826 11831 11825
6543,12497 11405 14136 3725 12017 8473 11402 3396 1444 11403
6544,5581 4462 149 3574 794 4695 2306 8390 2409 11918
6545,15051 8130 15119 5376 15168 8129 8132 3951 6533 8135
6546,11124 9522 14361 14448 11125 12103 9116 14240 630 9520
6547,2741 6120 12198 6121 6124 6122 6123 8827 6119 8824
6548,9241 9143 7205 11291 12600 15046 233 10247 14005 15260
6549,14377 9348 2788 14392 1541 11544 4713 7746 8416 13900
6550,618 385 2313 3144 612 211 3839 6357 5314 6674
6551,7687 14628 2597 8440 14627 14629 3787 14630 3245 706
6552,11197 15166 14658 14371 15165 14164 13160 6280 8758 14773
6553,13703 8899 9358 2805 11128 14795 14796 9708 14791 7309
6554,4594 9558 14770 3896 6795 9559 4641 6797 9110 11209
6555,12366 14659 5565 12365 1 14043 3894 13072 10967 14024
6556,13361 13306 15167 14798 11944 1636 1637 14451 11544 8739
6557,5331 3482 5332 5327 10917 11207 11197 11201 11208 8758
6558,14453 12274 12093 1128 13936 5 11844 12182 8757 14772
6559,12999 14076 7909 12091 14783 14077 14075 12677 8085 9576
6560,10872 8295 14683 10542 14684 14516 8279 12616 10873 10874
6561,1883 6796 1544 13256 14022 8420 14234 9770 14019 14018
6562,2010 11850 9814 2011 14681 13684 13954 3005 642 6110
6563,12182 12274 8663 8634 8757 13996 14772 14773 14665 12179
6564,13382 11199 11427 14468 12645 9034 14370 4566 14467 11197
6565,10456 2015 12748 10455 10457 1182 4705 14771 3775 10012
6566,11165 12967 13817 14624 5557 9772 13814 13818 13944 12602
6567,9350 4594 6795 9342 12179 4641 6792 9354 7738 2787
6568,12998 13399 10456 14789 13527 13001 8085 12184 11688 12999
6569,11143 5351 10506 4101 11141 11657 8385 7406 8821 11142
6570,13520 7699 8421 3801 5784 7700 7226 14961 13521 281
6571,15168 15059 15051 5376 15119 13930 699 1394 7002 5949
6572,14993 3060 3061 3062 14840 15012 14992 14990 14988 14989
6573,4671 7384 8575 14720 4672 13947 14719 6622 7967 14721
6574,12147 11776 12866 11120 13590 12143 12145 12146 11085 1749
6575,9192 2375 1778 6361 1320 1779 6363 4060 11352 6362
6576,2945 11837 3723 3128 1328 3123 2948 3127 3125 0
6577,14892 8596 8491 13054 14149 13485 15165 12582 13002 3073
6578,771 15029 100 5517 14825 11838 15211 833 14849 15213
6579,11373 8793 174 6603 11378 11375 11374 11376 8501 11377
6580,5535 4035 1140 1148 5530 5532 10913 1135 1141 5534
6581,11470 14262 13613 14892 4840 13614 8596 13054 8491 7296
6582,3015 5732 11383 7696 871 12095 176 5069 1452 8704
6583,611 618 578 3213 612 12051 11483 10893 11484 2141
6584,14635 7359 5481 4956 8737 5946 5945 5947 5944 5949
6585,4426 4433 15263 15118 10536 4435 13016 15002 12054 4432
6586,9834 6084 8935 9839 8260 9222 9833 6089 9338 5800
6587,3141 15031 11868 4712 12783 12150 12503 10160 14408 3166
6588,10930 5987 4225 2735 10931 1752 3455 4568 7922 1521
6589,2883 4139 5447 2875 2869 10199 2890 2884 10198 2881
6590,2310 14669 8479 2315 2311 3968 2303 1910 9995 12602
6591,7040 7311 8659 7041 7036 7312 7307 7308 11918 6894
6592,14384 14383 12081 6228 692 5947 5943 5941 5950 5944
6593,13050 8020 15169 14214 14213 15086 8525 692 14901 14209
6594,4590 2442 7654 4589 9879 12760 12761 967 966 4087
6595,5059 1186 9284 5466 2180 6650 9349 7861 5795 7265
6596,9390 1685 8742 5079 12533 579 6964 8763 9468 4353
6597,12065 8272 10082 12312 14891 11384 13 8279 9889 14923
6598,8869 2614 7224 6414 13320 13855 13321 15097 192 13319
6599,15171 4752 15100 4126 4955 4751 4958 14556 10954 11054
6600,12850 13885 11366 5267 14538 553 5268 14938 14506 14429
6601,13214 1840 6617 13215 13213 13217 13216 10561 14147 77
6602,8409 2705 6160 6161 7951 7103 12586 6167 8414 12587
6603,10091 4616 3085 13981 12608 14269 7099 11102 8849 6739
6604,14764 14762 9406 14763 14546 15156 8296 11273 3486 9307
6605,14887 14688 12574 7177 257 12134 10384 6581 14689 12850
6606,14887 14688 12574 7177 257 12134 12850 5940 5941 5945
6607,633 10125 5917 9325 9326 5904 3775 632 2005 9327
6608,5225 4030 15000 8777 1395 11130 1463 9135 7398 14718
6609,13057 14502 5499 8238 8614 15172 562 4742 10558 14967
6610,12850 5497 1061 13885 12652 11396 1041 1613 8140 6801
6611,8999 78 14166 13912 9054 93 14554 14868 80 94
6612,12254 13761 12164 11575 14671 7470 6935 14505 12024 13764
6613,11300 5888 3939 8769 12212 1667 8960 12909 9507 9844
6614,4956 14986 4955 4958 14635 7082 4960 4967 4963 4952
6615,7841 14996 4557 5283 7842 7849 7235 6584 13852 7848
6616,6902 7717 9051 6894 7805 4261 8960 624 11659 4847
6617,14910 2595 14388 15009 14926 14299 10690 9278 14950 14455
6618,8456 14561 12206 15173 14276 14209 8054 11307 6357 5988
6619,10169 9789 9588 5180 7489 10172 10177 15192 12062 8313
6620,5764 3401 3578 5766 5762 5765 7982 10177 10172 7981
6621,15174 15276 5942 5943 5944 5945 5947 5941 5949 5946
6622,1709 7015 7014 7013 1720 9307 9412 1726 7016 8848
6623,12850 13885 14887 7177 11366 5267 14538 553 11767 12134
6624,14812 14811 12825 15032 8904 406 6325 14054 12502 361
6625,8950 14539 173 7280 478 8939 5760 847 5436 3638
6626,14140 1397 12320 11758 126 1452 9265 1796 1425 713
6627,12144 3134 9061 1732 8971 12143 12145 1879 3166 9030
6628,14353 4447 11219 4448 8316 7242 4446 7571 10680 936
6629,4630 6951 4434 5103 5102 5101 5108 4632 6947 13014
6630,1390 822 4503 3932 3439 1389 11262 852 12361 3929
6631,5938 7847 14704 12321 9989 5924 5930 5936 995 14707
6632,10552 5938 2332 6834 5760 12974 9425 6204 4832 9985
6633,7847 12321 5938 13181 14704 7842 7849 14490 6584 13083
6634,11366 13885 14486 5267 12850 5266 5938 692 14481 14913
6635,15175 5938 14496 14146 14361 14485 7847 14481 12321 5936
6636,5938 7847 12321 5924 995 5936 5930 14704 13181 5933
6637,14496 9026 1883 15175 6196 14491 3580 13754 9025 12724
6638,11366 13079 13885 14486 5267 12850 5266 692 14481 14913
6639,15175 14496 14361 14146 14485 9026 14481 14486 5938 11366
6640,11366 14477 13885 14486 5267 12850 5266 692 14481 14913
6641,15175 14496 14361 14146 14485 9026 14481 14486 5938 11366
6642,14496 14491 5267 9026 15175 14486 11366 14479 6196 13885
6643,11366 14486 13885 14496 5266 14481 5267 12850 14913 14499
6644,15175 14361 14146 14496 14485 14481 5938 9522 14486 13961
6645,11366 994 6271 876 13885 7670 211 15092 1673 14486
6646,15175 14496 14146 14361 14485 14481 5938 14486 11366 5939
6647,13885 14480 12850 8031 11366 14486 14131 14488 5267 5266
6648,15176 6077 14481 6072 6076 11144 6071 6073 6075 6074
6649,12850 13885 14486 11366 5266 5267 14506 5268 553 14480
6650,11366 5267 13885 12850 14479 5266 14486 14130 14491 14506
6651,11366 14532 13885 14486 9217 557 5267 12850 5266 692
6652,11366 13885 14491 14486 5267 5266 12850 692 14479 14481
6653,5267 10210 8427 15128 3257 4572 7265 5882 8695 10111
6654,11366 13885 13697 14486 5267 12850 5266 692 14481 14913
6655,11366 13885 1181 14486 5267 12850 5266 692 14481 14913
6656,11366 10552 692 2332 13885 6834 5760 12974 9425 14486
6657,12528 3334 14838 14913 14486 11366 3281 3324 6604 3360
6658,11366 14481 13885 14486 5266 5267 14499 12850 692 14913
6659,14508 15177 14860 12338 7937 5980 5942 5984 5943 5941
6660,15178 15144 15145 14847 10048 11619 4066 2919 14541 1594
6661,6834 2332 10552 4324 9425 12974 5760 13581 13579 5004
6662,15179 13957 14046 5651 11635 6281 15022 5112 15021 14045
6663,4126 5163 5170 5172 7543 5462 4125 9329 8015 8017
6664,14055 11260 4016 7854 13722 8870 12670 3193 14298 881
6665,11366 13885 14486 5267 12850 5266 692 14481 14913 14131
6666,11366 13885 14486 5267 12850 5266 692 14481 14913 14131
6667,11366 14481 14486 13885 14499 5266 5267 12850 15176 4339
6668,11366 15175 14485 13885 14486 14496 14481 5266 5267 12850
6669,11366 7716 6903 12785 14486 13885 5267 12850 6892 5266
6670,11366 13885 14486 5267 12850 5266 692 14481 14913 14131
6671,11366 14485 6834 14486 13885 5266 15175 5267 12850 10552
6672,14897 10434 5170 3126 202 3965 476 729 5266 5172
6673,11366 13885 14486 5267 12850 5266 692 14481 14913 14131
6674,11366 13885 14486 11050 5267 12850 5266 692 14481 14913
6675,11366 692 13885 14486 8250 12850 5266 14136 5267 693
6676,11366 13885 14486 5267 12850 5266 692 14481 14913 14131
6677,11366 13885 14486 5267 12850 5266 692 14481 14913 14131
6678,14491 5266 692 14486 14479 5267 11366 13885 14496 14897
6679,11366 13885 6467 14486 5267 12850 5266 692 14481 14913
6680,11366 13885 14486 5267 12850 5266 692 14481 14913 14131
6681,11366 14486 13885 14481 5266 12528 14499 14913 14491 5267
6682,11366 13885 14486 5267 12850 5266 692 14481 14913 14131
6683,14486 12850 14480 13885 11366 5266 12528 14499 14481 14491
6684,11059 2154 11058 7115 3019 5945 5946 5947 5944 5950
6685,10135 4345 8882 12429 9330 2292 9681 3282 11995 11998
6686,10658 8891 7233 3944 591 11840 11842 6880 10655 7197
6687,693 11405 6725 11403 14136 11402 9704 14366 692 6717
6688,279 14959 11237 6345 13668 5997 6600 13640 278 3672
6689,9116 3798 11124 11125 9105 9114 2436 8524 4662 9108
6690,8221 14835 11700 2180 6650 6202 7328 10835 8220 5795
6691,15180 14564 14565 7865 11994 7898 15074 13511 8992 6881
6692,14042 2089 14233 2091 2092 2090 2094 12613 12277 2087
6693,13207 14193 8564 1092 2914 8573 8570 8569 14006 9837
6694,14555 14449 14081 14850 14852 15184 14553 15288 9054 14166
6695,14721 14555 14740 14720 15034 9938 13947 14719 9718 13215
6696,13752 3793 14941 13313 9321 7251 7566 3733 9037 525
6697,4191 15181 13588 14278 13541 13545 4248 14896 13044 14162
6698,14162 4191 14713 14933 14475 14709 14396 13516 4822 13390
6699,14166 14081 14553 14930 15244 15184 14427 110 91 78
6700,14705 14706 14707 8428 10906 944 14942 14704 9115 1332
6701,9055 2391 12651 14088 3611 2949 13587 14306 14865 581
6702,9197 11734 8012 14001 9210 9947 9208 6533 2904 3474
6703,8666 15182 2598 3548 522 2250 6438 2245 13208 2578
6704,776 11973 9014 833 763 828 800 829 8390 2159
6705,14141 14716 4591 15281 14717 14140 2074 12545 1701 13919
6706,2918 10210 10042 8427 12960 2917 2925 2931 2919 6839
6707,14227 4474 11654 12881 13460 9213 10200 10625 10102 2930
6708,13836 22 2598 11 14 15 12 1274 9006 1
6709,14925 14741 2637 5522 7188 6152 5635 11919 6150 12197
6710,13912 7124 8377 15228 3176 1589 3177 11444 7431 10958
6711,11731 10115 14822 10834 14821 10833 14592 7179 15252 6202
6712,1855 6544 8444 4962 4753 1841 1853 1842 6731 11162
6713,14970 9578 8143 13018 12638 12639 14329 9430 10484 8408
6714,8413 9055 14612 8414 2154 8406 6567 8425 8412 8417
6715,14620 15184 14555 91 8999 11820 14081 7230 14166 3373
6716,9613 138 11485 5412 6472 10636 15229 14418 1652 6429
6717,611 8335 5381 10893 11483 11484 6016 12051 14621 8303
6718,3548 8666 6815 656 949 3163 6816 6814 15182 2250
6719,14163 4426 14866 14868 14865 14867 12427 8999 14612 4435
6720,14834 14833 11400 14436 5709 5788 11398 11404 11401 11397
6721,8323 1885 5572 4701 8324 11968 7349 13532 5759 11967
6722,15185 14953 9030 12819 10985 5990 15159 5993 1449 9028
6723,12875 14827 12874 14825 14493 12876 8873 10383 15028 9475
6724,14527 14132 13697 5016 14723 1181 13121 14528 3861 7715
6725,8575 6780 9803 10810 6520 14429 6886 6783 13419 6781
6726,14095 14522 15026 12973 14013 4731 11249 11856 14094 10050
6727,614 6509 610 641 604 6492 6480 615 623 907
6728,13924 12659 11554 13673 14323 11555 10694 5805 13647 13923
6729,692 693 14136 8250 14366 13838 14208 11405 675 11403
6730,13943 13892 14960 13941 12324 14563 13794 13350 2730 5201
6731,9239 11358 6761 8016 11359 4971 15186 11357 12207 1124
6732,11402 14208 11405 13182 14136 11403 6608 11398 11400 692
6733,15070 9239 8016 14958 11358 6761 13627 14652 15186 9394
6734,14502 12254 12164 6614 13057 13761 14671 6935 7470 14505
6735,14970 13018 14329 8408 10484 9430 14854 14526 9578 7381
6736,15187 14652 3893 14465 8897 6718 6717 10787 6984 5681
6737,5896 9228 4073 4964 5895 7012 7744 7745 603 602
6738,8132 8133 8007 8027 8124 8135 5506 6533 8130 3951
6739,8127 15188 8459 4450 8123 8122 14213 8121 12225 12224
6740,15186 13690 13265 13686 14012 13687 14715 13688 13689 9239
6741,13694 14008 5352 3763 13695 3961 15262 6886 6235 5613
6742,14209 11962 7256 14596 11961 14595 14213 11743 10516 10596
6743,2108 6761 6622 6189 9239 11358 1380 1664 12207 14206
6744,1379 1380 13207 1375 1376 9292 1378 9239 6761 11359
6745,7256 13208 8666 14366 7136 7258 2914 7257 5710 5909
6746,3019 3018 12995 3243 108 3240 5307 9480 7115 10651
6747,8145 14959 10821 9963 8414 10165 11237 279 2161 5520
6748,13350 14563 13943 10280 14756 12465 1054 11972 2722 583
6749,6621 6619 5486 6617 6611 6609 6612 6607 6603 6610
6750,14213 6991 15188 8020 14209 14214 15086 2651 15169 13050
6751,10906 14517 12901 7984 3771 13949 8134 14707 3895 9496
6752,5788 8145 12474 6497 8412 8235 12471 12473 6935 6495
6753,7497 5897 3886 10786 2149 7494 8441 2829 3880 8746
6754,14579 15189 11632 14503 14615 13991 11959 7220 14364 7223
6755,14667 14143 10011 14666 8133 13077 7276 14911 394 857
6756,7664 1846 7401 6171 1111 14528 11786 5715 7667 7661
6757,15172 13602 6952 9842 15100 14642 14643 14644 13739 13057
6758,8914 6516 8881 8930 8927 8924 8919 8916 8920 8929
6759,7253 6887 7222 7401 11940 2732 5899 11637 13360 10703
6760,7528 11796 15189 1845 6494 12590 14047 14048 10220 5783
6761,13388 3063 14841 14686 14839 11126 14840 14991 14990 14989
6762,15190 14907 740 15249 15068 2325 15066 15250 14597 13174
6763,8999 7121 1368 11184 14670 14166 7116 13912 7325 3178
6764,8617 14035 14788 13383 14784 7443 13720 13780 8594 12601
6765,924 14660 259 958 927 965 915 933 916 969
6766,14711 12850 13885 1627 11366 5267 14538 553 11405 14506
6767,14229 14883 1694 14230 12526 13693 14884 14882 6355 14228
6768,10701 5717 13179 12156 11353 10704 15120 3665 3887 5722
6769,9989 1500 9242 14704 10380 15287 11965 1782 8189 11459
6770,12850 13885 14538 14938 11366 553 5267 14222 366 14506
6771,14674 14470 7719 14886 14417 14142 14490 9129 6401 11217
6772,5972 15191 14509 13227 5974 9497 6045 4764 4383 9955
6773,857 871 1901 14143 8403 7141 868 1900 2329 1047
6774,12850 13885 11366 5267 14538 553 5268 14938 14506 14429
6775,10169 15192 12062 10177 10172 8313 12064 8574 14729 7003
6776,14329 13132 14970 10484 13018 14854 6270 11286 9430 13409
6777,14538 14973 14938 14264 14415 13262 553 12850 13623 14223
6778,15193 11287 8428 13521 14705 14942 14972 14068 14944 914
6779,8397 7643 1127 7888 7649 6488 13536 15018 4674 9365
6780,15134 15064 92 15254 14914 14905 11920 8587 12201 8411
6781,14618 14619 7572 93 14547 14866 1702 12421 14550 1409
6782,11932 10668 12483 9486 7229 5023 13595 12102 10669 3772
6783,12850 14538 14938 13885 553 11366 14973 13262 5267 14222
6784,14320 10215 14306 10745 14869 10744 10120 5971 7898 6146
6785,5107 11668 5102 5108 5101 5103 5106 14952 5105 5112
6786,8374 8141 342 2804 13394 13393 8373 14638 5407 4545
6787,14620 7230 10893 14621 3213 6016 11484 12580 11213 3956
6788,11026 13602 14565 4336 11025 11027 1904 7881 8168 14644
6789,58 14604 13411 15068 15249 14980 94 80 14605 11126
6790,7898 14564 8992 6881 15074 7865 106 14565 15180 5971
6791,8999 14320 7121 1368 11184 14670 14869 14166 13912 7116
6792,6881 7898 10215 5971 10921 5541 10541 7865 10745 15074
6793,3616 3617 12558 3912 5931 11997 8868 12562 15054 12559
6794,14974 1904 14975 4336 10608 11026 11027 11025 1697 8428
6795,9300 14904 9056 9304 9298 1587 9301 14566 14804 9302
6796,15173 14286 14285 12206 14561 8456 14276 14209 12440 5190
6797,8459 8123 8121 1697 8466 8475 8470 8127 15188 8465
6798,13896 13897 1858 15195 13894 14285 692 2134 2013 8250
6799,11311 15194 4379 11314 11312 11309 11308 2803 11307 10038
6800,15195 1858 13897 13896 12206 1859 12734 7546 6106 14306
6801,1858 15195 13897 13896 12206 1859 12734 7546 6106 14306
6802,91 12711 2083 7116 94 15184 80 12054 14612 7122
6803,13897 13896 1858 15195 13894 14285 12206 1859 2134 692
6804,692 14637 15196 8250 14136 10507 14823 5986 882 693
6805,13896 2134 13897 2013 1858 15195 10722 13894 14285 4803
6806,9698 2424 14643 14642 13739 14644 2419 2429 2423 4803
6807,14561 5683 12206 15173 8456 14276 14209 9953 14443 782
6808,8054 8456 11307 714 8455 11308 15173 12206 8055 11314
6809,12841 14074 13813 14077 14075 8845 13997 2018 6419 14076
6810,15134 15060 15064 92 8587 14826 8999 15063 53 14570
6811,6622 2108 5486 14206 6620 1664 6189 6612 6609 6611
6812,7002 6622 14911 13137 14143 13892 7003 15121 15119 6189
6813,15077 6971 7240 9573 8241 14781 6979 6974 6986 4121
6814,15197 13653 11781 14365 11105 11177 13652 5923 5943 5944
6815,11711 7936 1222 7405 7174 9976 710 7942 7947 4358
6816,13699 10662 113 11473 10820 9359 13436 14816 9097 9487
6817,5110 9220 5108 9461 5103 5101 5102 9462 12008 5105
6818,5325 773 10414 1855 6892 14773 14665 5001 782 6903
6819,14143 14911 7002 14667 857 10011 7141 7003 15121 13137
6820,14143 7002 14911 857 14667 10011 7141 15121 13137 7003
6821,12837 7141 4591 14466 12838 11737 905 14168 3883 1631
6822,7271 10765 12083 6222 1458 5681 3730 5144 7867 7278
6823,12547 630 12688 13808 4541 13913 3521 9209 7263 6220
6824,10028 15198 9401 5158 7963 10033 10030 10029 4802 4277
6825,9666 9548 4598 9547 9549 6432 12731 1358 12151 12915
6826,7229 15199 10865 9486 14694 7675 11932 14693 14539 12020
6827,7457 12059 8299 8062 8064 12062 8061 5860 2674 4541
6828,14276 14790 15108 13810 14777 13257 7444 7336 8237 13822
6829,58 14604 13411 15068 15249 14980 94 80 14605 11126
6830,771 100 15211 11060 15212 14849 15214 833 12995 15213
6831,14493 12689 8272 9306 12688 12031 14210 12875 14718 9319
6832,14564 14565 10200 13511 5019 11994 4756 15180 3898 11026
6833,15202 11054 2596 15164 13105 7623 2594 2593 2592 2598
6834,14393 2678 14693 3771 14955 3895 3615 12020 13930 9618
6835,7678 10986 9331 5788 9999 9830 7670 1767 5146 6529
6836,8407 10495 9986 9579 4011 1102 10498 8309 10496 10492
6837,14004 14441 3801 14909 14908 13606 14961 13521 14530 4430
6838,15203 15276 5942 5943 5944 5945 5941 5952 5948 5946
6839,15003 3061 3062 9818 14993 14840 3060 14988 14990 14991
6840,9052 12015 14869 3890 14929 14221 3611 6848 14220 10921
6841,14596 14209 14595 13680 14213 14458 15188 15086 12188 12206
6842,14209 14596 14595 13680 14213 15188 14458 14214 15173 12206
6843,14596 14209 14595 13680 14213 14458 15188 15086 12188 12206
6844,11549 15249 15068 13173 13174 15250 103 2325 14597 15190
6845,3061 14840 3062 14993 14990 14991 14988 3060 14989 14992
6846,471 14524 14586 14216 11740 497 446 459 498 470
6847,611 10893 11483 6825 6016 11484 14621 12051 8303 9781
6848,15204 7313 15007 7312 7308 7307 7318 7311 15084 14272
6849,11140 5376 11758 11147 12945 8007 1284 9893 1964 3864
6850,15154 15205 11863 8479 9306 9319 1500 11838 5517 15123
6851,3744 9489 1027 9494 9492 6678 8714 6426 8616 9493
6852,6140 11190 10356 12277 5222 10603 12613 8902 12615 3013
6853,1160 650 3288 4886 10738 9669 7327 1161 3356 2484
6854,6050 853 1963 6051 7907 7905 4029 4175 5724 8522
6855,14363 10554 6339 12728 2617 10993 11434 10996 14440 12378
6856,15206 15207 7428 5527 9169 10309 8975 10296 8431 10308
6857,7152 12543 3538 7907 7697 4052 646 12539 5771 13454
6858,15208 15209 14763 15155 8269 2443 14764 4086 12760 12632
6859,234 235 1619 1618 1617 11087 1456 1622 1620 15254
6860,10404 12050 4276 1505 10397 8819 3988 3653 2030 6143
6861,11583 15210 14877 14662 1475 13635 14328 8806 12883 13441
6862,10524 12584 14684 13410 10523 12978 13210 14683 13455 6714
6863,12689 11865 11271 15088 12620 12784 11867 12688 11864 11866
6864,3132 10905 1917 9526 661 7793 7787 7789 7786 7788
6865,9991 2182 10470 5960 5025 666 7243 4335 4186 3976
6866,5244 8025 11357 5243 11772 12207 1124 11358 10535 8010
6867,9458 9294 1987 9983 9980 9979 9986 3919 9335 9987
6868,782 773 764 14443 970 828 5683 5055 833 14967
6869,11184 7116 15213 15212 15215 15214 11060 15211 7119 8802
6870,3893 8517 6725 8897 15187 14652 6717 6718 6984 10787
6871,15216 14810 12797 12796 12795 12794 12798 12799 13342 12801
6872,1001 2876 4416 3843 11348 12644 7554 7062 6811 1000
6873,9193 2999 3667 1012 13985 6462 7065 5450 11989 4420
6874,14283 3001 6431 11347 4661 1355 6805 11348 11349 9173
6875,10537 10759 14388 8061 1008 9933 7965 6762 5749 5838
6876,11044 4985 11047 12192 6675 9249 6637 10129 10617 12193
6877,3800 973 9532 940 12512 927 958 965 917 1865
6878,4818 10275 2809 13579 13580 13581 13582 13583 1105 11037
6879,12261 15049 6067 11102 1151 12146 2875 10543 1711 1723
6880,277 10022 5613 888 8171 8615 8169 8175 9621 8173
6881,1145 3842 1136 560 9537 1146 11351 11350 9536 7075
6882,7123 13952 7159 7127 2125 108 113 7117 7125 9117
6883,506 1943 1572 895 1197 10478 5573 5539 8941 880
6884,101 15066 14898 15067 15068 15270 15249 14690 15013 7128
6885,15170 15219 15218 15220 15217 15169 9418 11252 11251 13736
6886,8253 6550 10192 12795 12796 12798 12794 12799 12561 9889
6887,1532 9784 11111 8808 14359 13711 11112 13482 11822 14803
6888,10085 10695 14770 10694 13114 5554 4718 10976 8275 14769
6889,15217 15220 12629 3444 3442 11001 7065 15218 15219 15170
6890,6770 6771 12212 701 6501 8005 8006 10580 10581 4309
6891,3148 15222 8697 5540 10512 5806 646 9280 10511 5816
6892,5786 5787 7000 4636 4885 11868 4992 11364 9345 7048
6893,14752 14352 10560 12439 7264 13643 13642 13176 12522 13741
6894,9265 9715 2798 1759 4085 1819 9269 7398 5663 3643
6895,10500 3347 3903 10501 10502 3273 9931 2006 5478 6848
6896,15223 15224 14408 5192 2614 3465 2742 2820 1323 1532
6897,547 2063 11713 9930 12995 9013 7646 10013 10016 8245
6898,7697 7696 6596 176 6026 1452 12095 8287 7419 2448
6899,9218 10007 5384 5703 1211 13392 10441 2439 9210 10502
6900,1957 4452 7182 6002 15005 7181 640 5324 3149 2321
6901,15225 5943 5944 5945 5946 5942 15276 5949 5947 5951
6902,15092 12829 6984 5322 994 8897 6979 3893 6271 876
6903,611 9781 10893 11483 12051 11484 6016 14621 3213 8303
6904,9060 8926 1949 9059 13886 14529 10483 10559 8927 8916
6905,1532 13329 1533 2597 11112 8904 13006 13331 13344 11122
6906,4421 14641 12899 2404 11941 8084 12276 4435 4433 4432
6907,1345 11821 4357 5589 2328 8028 3619 10474 7508 9838
6908,13783 13317 3613 14093 5122 6950 3612 9820 7657 10261
6909,14986 15246 14997 14483 4956 12568 8780 8027 258 645
6910,11804 7619 3925 6381 5025 4254 12449 8765 2778 2934
6911,14889 11384 6622 14205 14882 13693 6355 14884 13456 14208
6912,13977 14430 8588 13953 12689 3037 9056 14210 14933 9990
6913,769 770 2448 4020 2106 176 7418 2771 833 5155
6914,613 5373 11221 13535 284 9833 9839 627 9393 9837
6915,7159 7127 7123 13952 15226 14898 7158 7156 7154 13414
6916,11985 1024 6638 245 9272 10241 585 6365 7931 1581
6917,13439 13850 13440 10730 2959 15276 5944 5945 5946 5951
6918,5579 5578 13820 13066 4925 13821 9576 1690 4252 2953
6919,13408 13972 13407 13036 13970 14520 14521 7867 2429 12555
6920,1859 1860 11806 12375 1863 13992 1858 12374 5847 13444
6921,3104 3196 10294 2024 466 9505 4221 9355 6854 3204
6922,6831 8716 7763 8704 9313 1881 8194 7365 7448 3468
6923,226 5502 3551 6979 7645 2736 4121 6986 1675 6974
6924,8070 3196 1460 1443 6963 6961 815 1638 8062 8064
6925,9222 8260 12167 3755 2317 1463 3754 14928 15227 10379
6926,13069 12467 11043 13162 15131 14012 12468 12465 35 1789
6927,8737 8661 7531 8733 14118 8736 8738 14635 7180 8739
6928,7394 5594 3942 7395 12424 8125 7397 3947 7396 9183
6929,46 2960 169 6762 11097 14914 15254 11902 69 6050
6930,10640 14857 335 7234 8977 13371 10440 13037 11476 8597
6931,8377 15228 3176 3177 14404 13912 3179 3178 53 7124
6932,15043 15042 8494 6015 4088 15021 14608 1536 12559 10883
6933,705 11854 12941 3242 6563 14815 14816 14817 14818 9776
6934,67 10547 3501 131 5791 10341 9929 10342 10293 13649
6935,1623 1544 3332 11827 11789 11906 4880 2809 5994 10615
6936,13054 12200 5326 12198 12582 13485 14149 15165 5982 5328
6937,15007 15204 14566 7313 8563 8050 13920 13603 15013 15002
6938,1028 8702 12001 11998 11999 11995 12000 7823 6308 11997
6939,15229 14418 3471 6523 11485 383 11360 10163 8816 3396
6940,1532 14324 1533 13329 8904 11122 3465 11112 8834 14138
6941,10278 3404 1839 14305 10279 15242 9762 9366 10280 3393
6942,2191 9928 9802 3500 325 15012 14675 1027 7126 13546
6943,7625 7628 5446 9965 6622 5439 5443 5442 6252 7624
6944,13920 5183 14904 14941 12388 14389 14426 13518 13670 5515
6945,14136 7113 15230 2142 739 3021 7120 13670 2125 7116
6946,8597 14881 5109 13037 13371 14857 9500 4926 10624 305
6947,6910 6870 3112 13161 7418 5035 9953 8573 6894 4254
6948,1320 1319 1779 6362 6363 9192 1321 1778 4060 1780
6949,15231 15232 9697 6297 1942 1898 7466 4462 5947 5946
6950,11611 12519 5696 7650 9137 10757 12684 13280 2840 3489
6951,8964 15005 12182 8838 8570 6722 13740 13037 13612 11994
6952,4840 8710 13144 8713 6415 5570 13314 6284 10731 11558
6953,1463 15227 8260 9222 14928 4350 3754 14037 11442 15056
6954,15234 15233 15276 5942 5943 5944 5945 5941 5948 5946
6955,15106 13101 15235 15155 15156 13557 9307 11273 9406 13100
6956,7070 7099 7100 7066 10996 7061 7060 10589 7098 10590
6957,3377 7877 4905 4913 233 4901 9499 3236 4891 4813
6958,223 5524 1638 5588 12395 11933 9266 12267 213 212
6959,11112 8892 11880 6996 1532 13344 8894 1475 8893 13329
6960,14178 7860 13669 8264 13254 12518 12926 5923 8440 6479
6961,4416 2876 3843 12071 12077 6811 14156 6810 12074 12072
6962,12948 9393 1119 9392 284 13404 8021 11772 6761 9394
6963,3486 9412 13556 13282 9408 9415 9419 9416 9417 9411
6964,7015 7014 7013 9307 9412 4062 3486 7016 14762 11273
6965,9422 13557 9419 9417 9416 9413 9411 9415 9408 3486
6966,7293 8821 6790 8439 14947 13031 1300 9364 8105 411
6967,1862 1011 13981 4037 6245 7498 11598 12332 12908 2880
6968,10715 14702 52 14100 9099 9487 14690 1351 13827 3865
6969,14339 14338 12628 12627 12632 12630 12629 5668 9639 9644
6970,4314 2712 4304 4306 4311 4308 4312 4305 4309 4307
6971,14772 15167 9769 11199 14665 14773 9766 9765 14451 2805
6972,15156 9308 9302 15155 14546 15106 13212 6356 4311 9307
6973,4710 13170 13456 11547 6492 11546 6480 13457 3522 13458
6974,5190 14286 9935 4038 14877 5189 4832 1461 13635 2341
6975,6812 884 11149 6697 5119 10983 882 869 8943 8652
6976,3407 3439 2344 9271 4326 9580 3376 8193 258 11030
6977,15053 15054 12763 15052 12943 7655 12944 4581 12946 8263
6978,8348 5004 9320 2794 14695 8346 7487 156 155 12105
6979,91 1367 6916 87 5301 2554 80 94 5302 6891
6980,4295 451 346 2012 3153 4046 968 1802 340 492
6981,14762 14764 14546 13212 15156 8296 14763 10911 11273 7014
6982,4743 10996 10993 7070 10987 10578 10855 10990 10989 5846
6983,14080 12440 15287 6409 14604 8310 14605 9242 14286 14285
6984,9903 6899 6889 7758 1373 9899 9915 10537 9921 3459
6985,12784 9296 625 15088 3257 11865 12620 11271 14742 9322
6986,12977 7759 14076 9101 311 10860 14234 10874 10873 14664
6987,2741 11879 2742 12425 8827 2744 2814 1165 12426 12994
6988,11368 11370 4657 4655 4663 4660 4653 4650 11369 2804
6989,2209 11671 11952 8973 3299 804 8279 12398 12396 12397
6990,2892 1321 11723 4138 1779 11531 1320 1778 6363 11527
6991,3187 3373 12190 1021 11160 10736 13794 10617 11294 3204
6992,9130 6407 6406 9520 6403 6405 3363 2348 6404 2048
6993,2232 12782 2508 8310 6409 2229 2226 8548 2212 2223
6994,14290 14288 6664 6655 14292 14294 14293 14291 6653 6666
6995,5449 2869 12332 5448 6447 1135 5533 13981 7094 2890
6996,12085 12543 330 646 12539 14147 10561 308 12084 7907
6997,1183 5468 6773 5404 1184 9938 6529 9272 4234 9941
6998,4136 7498 8165 4608 6737 10578 1824 10368 7055 10367
6999,507 6987 7369 5035 7338 13083 6979 5539 1582 7737
7000,13365 1960 8177 2243 11647 12775 9185 9182 8493 3822
7001,15238 13665 4605 8164 4133 11996 3688 9751 9852 15101
7002,2758 1737 2527 1373 2248 2774 4366 2768 2779 3527
7003,9192 2371 1779 4060 6364 1778 2477 1320 2375 6363
7004,2371 2375 6361 6362 1320 1779 4060 1778 4415 4606
7005,7449 13878 2379 7064 7450 7451 2380 10990 10355 12656
7006,8399 8670 10619 13139 3171 10472 5778 3457 3170 12406
7007,12332 11598 12377 11339 8541 7498 13981 11434 9629 9969
7008,3773 10303 10823 1069 10301 1235 841 14661 10299 12021
7009,3824 14215 13040 7545 14314 13771 3830 3833 657 3828
7010,5969 6060 8576 14056 7527 7714 13121 12309 12867 13122
7011,11120 5673 12551 8302 12585 10067 13483 13878 14225 2887
7012,6360 4133 1721 9851 11787 15126 1357 8164 12075 4605
7013,167 1452 6030 1450 6018 6821 4826 5072 5065 5073
7014,15162 15161 7952 723 568 4306 1799 10257 3074 274
7015,12434 12436 14870 12435 14554 14869 14868 363 15269 14558
7016,1880 14717 612 14716 6875 2549 2542 6505 3159 2509
7017,7217 2869 6363 4606 7427 1779 9194 1321 1320 11348
7018,3055 7186 2342 6309 9420 8044 12002 7116 12579 8369
7019,9165 11445 11446 8961 11785 13415 15261 5658 9404 9156
7020,888 12423 6953 5545 214 5546 3614 12562 6469 5030
7021,13842 7725 3091 9996 9768 8030 13564 11908 7656 13841
7022,7215 3443 1136 4692 9537 11351 1145 5845 10750 7075
7023,3055 15226 8999 13952 7116 7127 9117 11184 7159 5460
7024,13590 13568 12756 11776 9303 12147 12866 15126 11787 2890
7025,722 6214 9887 10618 3153 8146 6192 6132 243 4774
7026,7133 5424 6897 6895 2071 5425 11175 12382 11933 1687
7027,5636 11798 11028 7960 9850 3458 664 11802 14218 4983
7028,1006 1353 7217 1008 1000 1012 12378 1010 13185 8279
7029,1798 8047 7510 2758 6053 2754 8662 2779 2932 2940
7030,4913 4891 8349 3237 4901 3236 1163 4887 2484 13274
7031,12114 8709 12115 12118 12119 12120 12117 12123 12121 12122
7032,1291 12106 5748 2794 9908 9929 7727 2652 2496 2516
7033,10142 12011 1106 14120 10143 12010 11904 6533 4968 1103
7034,15096 408 1660 2824 14331 13926 13575 14044 8828 14877
7035,10712 2130 5135 3742 10538 11374 6727 10378 6892 6908
7036,2837 8832 9340 14402 14401 9346 10836 2604 12495 4659
7037,6934 11405 14131 2078 3133 6933 6938 6937 474 11705
7038,3 8195 1 24 13313 12169 13927 22 12516 7160
7039,2375 4060 2371 1320 1779 1778 6363 6362 9192 1321
7040,1532 49 2498 11112 13329 12516 2614 13234 8904 11685
7041,14520 13036 2362 14521 7867 13533 5973 13263 12297 7251
7042,9192 1320 1780 1779 2371 6363 1319 1321 4060 2375
7043,4452 5328 15005 640 5326 14149 5327 8097 13002 1957
7044,8999 8591 7121 1368 11184 14670 14166 7325 7116 13912
7045,7758 8972 6899 9921 5498 9903 3459 6888 8802 6889
7046,8999 7121 1368 11184 14670 14166 7116 13912 7325 3178
7047,3071 8482 12512 8746 12218 3069 8932 3072 13554 1920
7048,2277 2927 7863 10642 6613 11466 7864 2272 10331 1346
7049,8429 13923 14801 7442 10694 5805 14912 13924 12814 10677
7050,7377 10294 15123 1215 15154 1420 11485 14907 2703 1698
7051,4580 13853 8384 8380 8379 3786 8388 4582 8383 4587
7052,12906 12905 12903 11286 12904 9517 7986 5430 13315 5189
7053,794 176 795 3222 5041 1450 7411 2448 2777 833
7054,7675 15199 7249 7670 7201 5582 7677 6271 5146 12422
7055,6352 13007 11121 11122 3465 14327 15010 3045 13334 13356
7056,4687 4132 4688 7057 4138 3083 1317 7427 5874 11724
7057,1529 3046 3464 3045 4514 2364 3463 2614 1166 14599
7058,14712 1166 3464 13671 2820 13348 15010 14325 15095 14799
7059,6000 6001 14084 2820 13628 13327 1166 13323 2742 405
7060,11122 9791 404 11121 1532 3465 1166 13625 2820 9784
7061,1529 11121 8904 2364 3465 4514 1532 14799 11122 13578
7062,12426 14599 13186 13717 2820 2364 2822 1166 13188 2814
7063,1529 1532 1166 405 404 2820 12426 1535 2742 3464
7064,2518 9282 2234 11644 10140 2528 2514 5187 2499 2544
7065,2702 2696 11088 206 1438 11323 920 2698 2713 2678
7066,6231 11871 11397 4753 6230 6229 6232 13176 6233 6234
7067,9440 10065 12781 15240 9607 2952 7272 2714 3029 3802
7068,14137 13998 3815 13905 4670 14497 7742 5782 14136 13885
7069,11369 13022 2804 4657 4655 4653 4662 11371 11370 4650
7070,1683 2228 8286 1219 8179 5591 5586 4250 1458 804
7071,5748 5308 10123 2271 4634 297 13976 2519 9773 2270
7072,15241 8023 5952 5943 5944 5945 5947 5942 5956 5949
7073,1545 4712 207 11162 459 6370 8845 2018 9689 8743
7074,189 3528 5424 2318 5858 3531 8449 3035 6440 1906
7075,2441 9880 12763 12761 12944 966 9879 12762 4589 2443
7076,727 11326 584 11335 11337 11329 11331 11173 11334 5583
7077,4207 7925 13724 4845 11740 4248 4764 6045 4317 3514
7078,10006 4984 1288 9188 2485 11364 11699 4909 5996 8957
7079,15242 7071 13125 3393 10056 10278 7060 7061 9799 7074
7080,9096 2290 3727 4814 15243 3320 9353 9352 4812 3884
7081,4974 6767 6402 9072 5292 3222 1191 8961 820 4972
7082,8376 13909 2204 3485 14702 14607 14703 5351 3900 10712
7083,1784 10104 7662 13840 14727 14728 10103 1781 1782 12538
7084,1493 5282 1488 12017 1489 14107 8651 10457 10455 3933
7085,4399 3486 13282 9412 6355 14429 14882 13693 4394 14884
7086,10584 716 13597 12247 12252 5640 10335 12249 12248 9448
7087,1973 769 3709 1959 13754 3580 12724 5068 9988 1182
7088,8993 2449 501 1088 14414 13799 3876 5772 9993 5346
7089,10651 13891 13808 15213 11060 15211 15214 15215 15212 108
7090,3595 3594 3599 11960 734 3596 6052 10058 8018 7918
7091,14710 11550 12347 12269 11865 8944 12886 8576 7945 14709
7092,5803 13041 3348 5361 3680 10356 12108 5816 5806 5827
7093,8263 10930 13193 13194 1540 15052 7655 12943 15053 10931
7094,9799 15242 14660 13125 7071 10278 3393 10056 5944 5948
7095,2503 2505 2551 2552 6914 2536 2562 2557 2542 2524
7096,4356 3892 9761 6350 14155 9001 13614 8486 3897 7333
7097,11120 5673 12585 11118 13483 8302 12551 14225 11776 8151
7098,15098 6923 11937 14890 11782 13117 14446 4290 11689 11684
7099,4344 7561 7048 8481 3312 6928 3289 7317 2476 6301
7100,11939 11936 11937 11938 611 15023 4391 14603 14898 13514
7101,12021 6651 10567 6954 10102 1235 10298 11950 3704 3773
7102,4510 2799 2711 2467 3702 2776 3631 2147 6442 4227
7103,5515 5514 15163 5513 5516 5183 8013 13920 10126 12388
7104,13878 14236 5673 14678 7449 11120 12756 4062 2887 2380
7105,3547 6108 1053 6388 6112 1076 3277 1038 9475 5790
7106,4044 13425 8512 15058 2286 11156 7623 6084 5982 4042
7107,9055 14088 3611 12651 2949 13587 8413 14306 14865 581
7108,12022 4249 6041 4863 6046 10018 2503 8971 2560 1398
7109,4009 13145 915 639 5950 5944 5945 5946 5956 5951
7110,14298 11376 45 10551 10342 11969 7263 3461 9918 2190
7111,2081 9680 2079 6532 8306 12192 5609 10608 5739 3904
7112,10961 12669 7911 8085 9030 9222 3973 8260 2226 4921
7113,11987 6320 2369 1354 4141 14218 12367 12369 12368 1355
7114,4423 6929 4422 8802 13808 4433 4435 4432 4429 8199
7115,12571 5210 14534 12569 8741 5946 12570 2115 5166 9426
7116,14789 15198 10028 6273 12998 14155 13399 13527 10918 3896
7117,5579 2953 6332 5578 13820 13066 995 13754 12724 3580
7118,14265 14347 7071 3889 12472 11293 5781 14064 3425 6540
7119,4442 83 1868 10704 12563 11704 5892 10697 10706 6690
7120,3487 4181 4488 782 4929 3258 10742 4501 841 763
7121,11974 4911 2470 11676 9493 88 10391 5410 3302 5820
7122,2614 6352 13701 2815 3465 2742 2820 14327 1323 14599
7123,2258 10864 7146 2688 920 2717 2710 6518 12639 12638
7124,9349 8846 12435 12436 12434 2576 12062 10837 12433 1980
7125,10964 10963 2113 15276 5944 5945 5946 5947 5943 5942
7126,7458 9883 6677 9457 7191 2085 7121 7190 2084 2083
7127,11550 2934 2782 7245 4235 6643 8790 11222 7348 8223
7128,2428 2790 6220 12531 12532 7811 2750 5765 349 6208
7129,44 771 9203 6902 54 80 94 13953 28 10238
7130,12941 705 2266 240 11469 3242 4807 6563 11854 4806
7131,3110 2790 8553 14251 12532 4820 14250 14242 14243 12531
7132,9494 4717 4029 8457 3409 9489 3744 3645 2219 1027
7133,6432 4598 4036 2880 3038 14751 12731 12637 2881 13981
7134,3748 10762 1551 3255 7504 2826 1103 871 1413 1458
7135,8800 9692 4933 8461 8801 6917 2120 11377 9909 9206
7136,74 8561 3803 6823 8388 7082 9770 2986 8562 94
7137,648 11272 1252 10281 4405 3811 10172 10177 6182 8697
7138,12469 15143 15142 15141 15140 15139 14855 2626 10287 10481
7139,2611 12268 8585 11042 2612 2610 2613 1911 2668 8637
7140,13388 11126 14686 14841 14839 3063 14840 14992 14988 14991
7141,1779 2371 6361 9192 1319 1320 6362 4060 4606 1778
7142,2996 11626 6807 11892 2998 6808 4604 3074 3666 9642
7143,10429 9798 9797 10428 15133 9100 13620 9796 5942 5943
7144,10476 14896 10475 132 494 4855 9010 6872 5165 1204
7145,11739 1029 6560 10498 6701 11001 10526 11643 11098 3694
7146,14986 15246 14997 14483 4956 12568 8780 8027 258 645
7147,11587 3222 10432 250 3132 509 3327 1212 4241 1646
7148,984 2694 3707 2076 8531 5404 9938 3614 12562 8989
7149,14163 14979 4400 14866 14868 14865 740 3615 14980 14867
7150,2664 12291 6269 7868 12417 12179 13160 12290 11426 9350
7151,3019 3055 13016 108 15263 13953 7132 7125 10651 12347
7152,14383 14384 12081 11403 693 6228 692 5945 5944 5942
7153,1255 1254 1253 1256 1251 44 1252 5949 5950 5951
7154,14163 101 15233 14866 14868 14865 14867 8999 14612 14547
7155,15205 5608 4788 9260 9056 15154 11838 11863 5517 4786
7156,3055 58 7116 8369 11126 108 7125 11184 8370 7132
7157,5023 9491 13847 3771 2320 917 276 5051 5055 10483
7158,9219 4076 6463 10592 3028 13263 9884 10472 9295 2515
7159,3095 7290 12360 7140 8868 9878 12540 9932 9240 10650
7160,5630 7448 4553 13581 9428 13582 13580 13579 12287 1105
7161,9209 14920 5919 13913 9210 3474 9196 2904 6533 9208
7162,14547 14618 14866 14867 14264 14619 14163 4727 740 93
7163,14977 13026 59 12525 14978 14656 13405 80 94 12526
7164,58 14604 13411 15068 15249 14980 94 80 14605 11126
7165,14555 78 14553 14081 14868 9054 14554 14166 9740 14552
7166,7146 11931 11324 3560 8301 3785 6419 2229 13310 12778
7167,15081 14840 5943 5944 5945 5942 5947 5941 5949 5946
7168,11061 15215 11060 15212 15214 15213 15211 4429 8049 14670
7169,8999 10503 1696 4727 14547 8718 10501 10502 10504 91
7170,5479 10159 2739 5469 5476 5470 5472 5484 5481 5482
7171,14566 14543 15007 3841 11884 9300 6729 5595 14689 14585
7172,1367 7132 13952 7128 9117 5311 7134 7125 15068 15249
7173,5610 11302 8669 2254 8692 7337 11234 3180 7386 2588
7174,15011 15022 14519 15247 15021 2096 12877 6065 62 13957
7175,7129 79 14840 7130 3061 14993 3062 14989 14991 14988
7176,13783 3611 3612 14093 13317 6950 5122 9820 7657 10261
7177,15247 13626 14519 7994 15011 12877 3055 5931 5945 5944
7178,9303 2380 2375 4060 5846 2379 9304 9301 1587 9298
7179,7128 8999 15276 12054 13891 1367 11184 2125 7134 15226
7180,58 14604 13411 15068 15249 14980 94 80 14605 11126
7181,6473 2777 7697 5739 12815 305 8593 8600 2808 10248
7182,12186 9119 45 1368 4426 9821 9818 9067 728 12605
7183,3068 8734 8735 3064 3065 8733 3066 8738 8739 8736
7184,6106 15248 8999 10536 6112 7994 12206 5727 6113 7431
7185,740 14979 12084 14980 15274 833 1351 14348 15273 14907
7186,3055 7116 8369 7125 108 11184 8370 13953 7132 15061
7187,11126 13388 14992 14988 14990 14989 14991 14993 15285 15069
7188,1001 1013 10193 11352 12644 3080 3081 7062 1000 10698
7189,3552 9680 12063 3161 10702 9122 11200 9033 11302 3868
7190,3055 13626 15247 7994 7116 8369 7125 11184 8370 108
7191,3989 1738 11930 9186 14121 3990 11904 5623 3992 11670
7192,3337 10509 1602 10710 10641 3222 5061 2784 4229 3281
7193,1352 1753 7940 4962 5944 5945 5946 5947 5943 5949
7194,6657 14302 6658 6663 6666 6656 6665 6653 6660 6662
7195,15045 4426 5944 5945 5946 5947 5948 5943 5957 5950
7196,15067 15066 15249 15068 36 2325 103 15190 14597 15250
7197,13262 242 14616 13132 10484 13365 553 4234 6972 13737
7198,7129 13891 79 7130 15276 11060 15214 15215 15213 15211
7199,5376 15168 15051 8130 8007 3864 5506 8124 8125 8121
7200,13355 14114 5516 14785 8726 2082 7252 4164 8629 5823
7201,8581 14862 8583 8579 8586 8588 9208 4934 7110 14928
7202,11367 7842 7844 7843 14447 14165 6584 7849 7848 4727
7203,9054 12015 12014 12013 6201 10482 1506 14275 14279 5085
7204,12977 11205 1883 46 10860 5833 12976 12975 12974 14041
7205,7911 71 2575 10659 10650 10211 8085 2080 10887 94
7206,9610 4263 9317 1130 5706 4153 8621 1078 7812 6387
7207,12277 11166 13427 6140 12613 8087 13969 2089 10133 10603
7208,15252 14821 14592 14822 11731 10833 10834 10115 1605 9106
7209,1779 6362 4060 6361 5845 6363 1320 1319 9192 1778
7210,12290 12289 12293 12675 12292 13381 12674 12291 15253 12673
7211,11769 561 12479 1179 6772 7209 12081 565 566 11744
7212,13784 12641 8655 10639 6311 3802 3177 11819 12771 9552
7213,15254 14914 14905 1618 235 15064 1619 1617 14689 234
7214,15255 2154 8413 13891 15276 5943 5944 5945 5942 5948
7215,14930 15244 12513 110 14427 14931 14165 15250 14929 14937
7216,11229 3498 14295 14275 14279 8820 11053 1425 14962 14963
7217,8572 14979 1092 8564 10509 8569 8570 7052 8573 4572
7218,1011 3075 2870 7546 7221 6324 3079 12237 9835 3078
7219,9544 15132 12383 6948 942 11727 11993 4405 3745 1552
7220,6468 6261 3149 13514 7965 12202 8142 10292 8718 4996
7221,15108 4940 1204 14955 14393 9618 3615 7933 14790 14276
7222,1589 10381 15074 9781 1988 12698 10958 9914 5749 15075
7223,12024 11575 13764 12626 14976 15018 14593 1754 4674 6131
7224,9054 7124 14555 13912 14166 78 13587 15079 14296 8999
7225,14793 12578 399 6612 6477 6617 7161 6185 3997 14337
7226,3174 11379 11441 7005 3975 12016 3159 2027 9929 3160
7227,6443 855 7520 7836 11300 3939 5888 4253 8769 2255
7228,8099 8100 14373 8092 8094 5560 8098 8091 14232 8102
7229,6364 4416 2876 3843 11797 5662 11801 1826 11802 6811
7230,10975 13051 13976 12310 4270 5575 1448 9577 12646 5472
7231,4117 4116 4118 15050 11673 4581 12763 3040 4120 4119
7232,6989 2614 7686 13701 13960 12301 13352 13333 1534 6353
7233,1339 4516 5430 3465 6353 8174 8171 8173 8175 8169
7234,1532 6353 4516 2614 13960 3465 2742 12301 5999 13352
7235,2614 4516 7686 8728 3465 1534 13960 1532 2742 13339
7236,3465 4516 5998 13339 2614 2742 15095 2820 7686 2815
7237,14014 14325 13671 14799 15095 13328 15010 8731 6718 8109
7238,13628 13323 4515 13271 13650 6000 6001 13629 13357 13327
7239,13960 7686 2614 1532 8904 6353 13333 13352 1534 12301
7240,6352 4516 13561 10208 3465 11109 1534 15010 2741 10179
7241,8907 2743 4515 1532 1533 6992 2742 13455 8904 8810
7242,8828 15096 14044 13727 8835 8833 8834 14804 8831 14799
7243,15257 5818 14138 1532 6417 14151 4634 9002 13343 9024
7244,4330 5194 4515 13331 10206 1325 13623 13671 6995 12786
7245,2548 2131 3213 2524 86 2488 10019 2494 8504 85
7246,5991 2302 14753 11860 5992 11861 12639 12638 11859 5990
7247,14811 14812 406 15032 12502 12825 14054 6325 361 11123
7248,12502 15164 12826 13422 15202 14811 14812 14054 11918 6867
7249,6868 2739 1880 10704 13015 9595 407 6897 5719 2549
7250,13421 14122 14123 13932 12511 13700 14124 13931 11394 13330
7251,14044 14123 11121 13421 3923 1323 8727 3465 14122 15096
7252,13731 2820 3464 12742 1166 11052 15035 1326 13187 2742
7253,11121 1165 13244 1535 1166 3465 8727 11122 2742 1532
7254,2820 1166 11121 3464 13931 3465 2742 12426 405 1535
7255,404 1167 13259 13200 1166 9791 12007 2820 3465 1168
7256,1166 3464 3463 2820 14712 11052 1535 2818 1165 2816
7257,14457 12747 13624 2820 13347 13356 1535 1166 14122 3045
7258,13334 408 14405 2614 11121 2364 1532 1323 15010 3045
7259,2820 12426 13421 2614 14123 12511 1166 3465 1323 405
7260,11122 3465 2742 6417 6351 11121 2820 1532 1166 13327
7261,15258 359 361 15094 14333 15259 362 12098 360 6325
7262,15257 6417 3465 14138 11121 5818 1532 11122 2614 2742
7263,359 14333 15094 15258 361 15259 12098 362 360 5951
7264,15258 359 15094 361 15259 12098 362 14333 360 5947
7265,15259 15094 362 359 12098 15258 361 14333 12446 13959
7266,5430 4516 3465 13701 6353 1339 5432 5429 8642 15095
7267,6861 13401 10142 2101 11904 1830 4005 11935 5523 11905
7268,15260 9143 7719 6766 12600 9144 15046 10247 4756 9241
7269,13902 9587 9585 7460 7732 1384 3867 9684 6875 9899
7270,11407 11710 8605 11408 2437 10764 2732 9589 11708 6483
7271,8275 13944 12268 8637 4059 8214 3830 8216 13817 2662
7272,4594 6795 4641 9558 9559 6797 5564 11209 9110 11210
7273,1954 8592 13257 1950 13925 11362 3569 9256 13364 14020
7274,13063 8899 9772 12617 14797 14066 14041 13462 14020 14796
7275,8487 11425 6818 6819 7017 2801 1742 8712 12266 12645
7276,11039 8585 2086 5409 11042 6376 12180 11004 6568 12187
7277,14658 11096 14020 3274 13063 4719 14664 10873 7759 10874
7278,945 8393 13222 2012 7903 12992 4655 979 13812 6099
7279,11714 1635 13721 11715 11716 1996 2662 8633 8625 8630
7280,12290 12289 13381 12293 12292 12675 12291 15253 12674 12183
7281,14888 9409 9410 10587 460 2112 13395 9416 9413 9417
7282,6099 6792 11166 9012 6794 13996 8212 5563 4655 4648
7283,5563 6792 9560 5566 4644 4642 5564 4641 4594 9338
7284,13118 5785 14787 7293 12815 13031 14795 14947 11207 1294
7285,8105 8090 13821 7293 5228 13914 13031 14947 13915 9076
7286,2654 11274 5157 6528 10716 2896 6228 11232 12566 2982
7287,12091 10527 12253 8543 7756 247 8717 8392 14783 4565
7288,5368 7825 5109 5371 8058 13371 11097 12605 12604 14444
7289,13 12 13307 9759 15 11 14 14684 8096 8095
7290,12290 13381 12289 12292 12293 12675 12291 15253 12674 12183
7291,14043 7824 6789 3894 14659 13020 5559 14658 6790 1955
7292,9657 4450 5788 10777 10775 10778 10774 10772 13875 13873
7293,13355 14785 8629 8726 14392 14114 13929 11187 5407 3330
7294,8903 12993 8663 11207 11197 9573 11204 8758 11199 11201
7295,12290 12289 13381 12291 12292 12293 12675 12674 12673 10037
7296,13381 12292 12618 12289 12290 12978 9669 2793 12293 12675
7297,14771 11942 10012 10837 14045 10230 9770 1633 10838 1293
7298,13907 1958 4654 5258 5578 14769 4738 10242 7916 12695
7299,12290 12293 12292 12675 12289 13381 15253 12673 12291 12674
7300,1911 8103 8899 12268 1890 2665 14041 3274 3010 8592
7301,7916 2833 6094 14399 5349 10322 3113 903 13907 7293
7302,12439 13642 13643 13741 14752 12522 5358 14967 14754 14311
7303,6544 4753 4964 4962 13386 6494 6543 13385 7890 13360
7304,7264 6171 6537 11219 11218 8120 13770 10560 13879 11605
7305,15261 11785 7436 13263 13533 5973 14968 4628 3246 13290
7306,906 12577 12333 6256 13394 13393 6239 900 6251 1678
7307,10756 1265 5601 10757 5334 10311 5656 7167 1227 6478
7308,8735 5929 14217 8733 8734 8736 15129 8739 8738 10562
7309,5778 9439 3094 8399 601 3028 6962 5780 6966 5775
7310,15262 14008 13694 5352 12162 5943 5944 5945 5942 5947
7311,7331 4904 5392 2478 10054 4900 164 6300 122 7329
7312,4073 5896 4964 5895 9228 602 603 10785 11568 10954
7313,13320 14359 14029 14122 13321 8869 15097 13319 4711 13855
7314,4948 11912 11227 6782 5157 7574 908 6181 13391 6180
7315,11108 6990 10563 10179 11109 11110 11111 12070 6995 4329
7316,11045 15274 6917 8801 11047 14560 15273 15289 5595 7117
7317,6356 9308 7215 2998 15017 6807 1321 5845 10199 9302
7318,13113 6104 2859 5112 13180 8529 4292 7408 5898 3980
7319,13130 5685 10809 1507 14677 10808 2552 1497 14684 12913
7320,904 7628 12354 1220 8919 8927 8924 1223 1224 8929
7321,3486 9406 13282 9422 9412 9415 9408 9413 9416 9411
7322,9997 13733 12026 11729 1590 8978 10704 13142 13643 6389
7323,15129 14471 14217 5929 8735 14714 14483 10562 13430 11391
7324,13968 13566 10009 8122 14006 14153 10008 14181 8127 13207
7325,6908 9930 68 6892 10712 11223 6894 6896 9918 2580
7326,2614 11112 1532 2742 3465 2820 5998 7686 9784 6352
7327,1317 2881 4401 14678 10199 13982 1318 1322 12643 4606
7328,13855 15153 2614 1532 4514 8869 3465 13351 2742 11112
7329,1709 12332 8541 1711 1720 1710 9967 1725 15049 1717
7330,12215 9806 5707 5964 8144 13726 12214 12217 12216 1794
7331,8477 14464 5689 2887 14226 6737 4626 9749 3845 4133
7332,14411 6744 13023 13551 354 15141 5288 7662 6743 9975
7333,11569 3075 1709 8848 9540 2624 7221 11639 365 1850
7334,13855 13351 8869 1532 360 13320 15097 4711 15153 14183
7335,8808 1534 4514 13351 11822 10733 13635 12501 14328 8806
7336,14347 2888 1013 14265 10626 13483 7071 13209 10812 10816
7337,5201 5798 12309 13122 13794 13941 8299 5198 6393 2730
7338,5385 1864 8335 5383 6162 12576 8298 5384 5381 2438
7339,8645 10071 2880 13981 3443 4037 13982 4035 10073 10072
7340,14678 13878 13982 4401 1318 7784 8541 10199 2881 1317
7341,14359 12744 9784 13711 14029 13320 13482 11111 8906 12745
7342,6311 15240 72 9553 4315 10639 3802 2779 9552 3029
7343,903 13647 12659 13673 14956 9961 5892 10445 8917 6145
7344,11651 14765 4289 940 8599 5411 11653 1102 1306 3006
7345,11537 4611 12607 4617 4612 4616 12367 4621 4620 4623
7346,1947 9127 14394 9128 9659 11622 8885 8035 4522 4520
7347,3486 13282 14545 9406 9412 9422 9421 9417 9411 9413
7348,13235 8906 6990 4514 10041 12500 13622 2814 13234 1741
7349,11120 14464 13483 8302 12585 5673 2887 14226 4061 13484
7350,4605 4133 8164 6553 12731 15238 9751 12728 12643 4135
7351,11768 1011 7784 2893 10858 6703 11057 5422 3803 1445
7352,2377 14571 8477 12920 12919 7553 12077 7072 11625 1825
7353,7241 1527 11267 13295 13297 13296 8440 13289 13288 13293
7354,11899 6990 4329 1532 4514 14803 12070 14408 13006 11898
7355,11111 12070 6990 4791 14803 11822 6941 11123 11109 11108
7356,3079 7076 10626 7222 2616 3077 14347 3075 3078 13483
7357,7015 7014 14571 7013 9307 9412 7016 4062 3486 14753
7358,3259 14754 4296 14643 14644 13739 14642 8507 8576 13211
7359,3789 2981 11794 4580 13705 8383 8256 9514 9515 9516
7360,2928 7627 13906 10973 9030 6532 10093 1747 1985 7626
7361,4034 14038 14445 14409 11776 12760 12866 13557 137 7013
7362,6611 9828 2852 6607 6612 6609 6606 6610 6608 6616
7363,8581 8009 8583 8579 8588 7110 14928 14430 13807 9208
7364,13016 15263 3488 13014 11316 13012 3719 13017 4426 10203
7365,2156 14553 3460 184 78 5260 14556 343 7890 14554
7366,7561 4342 5423 9781 14863 10101 1437 10665 2475 7048
7367,1532 15095 10208 2614 3465 13671 13328 15010 14799 8109
7368,12134 12574 14887 14976 14697 14696 5678 13764 13899 14593
7369,13301 1743 14782 8487 12314 13740 13298 13296 13297 13302
7370,2614 11112 1529 1532 2742 3465 5998 2820 2364 13578
7371,11873 5121 9200 12190 2318 12853 5325 11740 9210 12192
7372,3055 4988 7116 8369 11184 7125 8370 108 7132 13953
7373,12320 9817 11477 3736 3737 12847 6698 9820 9479 12057
7374,2650 12748 6537 12303 11218 11219 12536 8373 2655 2296
7375,3731 1066 9975 635 592 2331 5590 3737 4341 3725
7376,13202 14879 13423 13717 13233 14806 10207 13201 12032 13910
7377,9800 2249 2247 10176 6378 1093 10218 3935 3161 3618
7378,8067 415 11949 5722 3943 13569 15227 10293 2490 3812
7379,4182 133 8390 5053 6017 14001 6015 4230 4248 789
7380,8999 7121 1368 11184 14670 14166 7116 13912 7325 3178
7381,9487 13436 9099 3865 9097 8895 3214 3396 2570 9931
7382,5365 15264 3403 5750 5745 3400 5744 5379 5752 5747
7383,7632 8272 8282 12876 12065 9889 14923 8279 14165 11398
7384,14557 14553 3471 8473 10914 14552 14556 14551 14554 9740
7385,1511 2133 11284 4840 14677 4744 10808 11785 15261 8562
7386,14264 14547 14538 101 14973 14938 14415 13262 553 12850
7387,14939 1619 8748 234 10321 14391 1618 235 1617 5037
7388,14144 8585 11042 11004 4576 11039 11040 8583 8579 2611
7389,11725 14545 2853 15145 2854 2844 9406 2850 2862 2849
7390,12536 8454 14181 868 12168 5888 3939 8769 11300 2650
7391,14341 10381 10380 11419 14952 10374 6385 13799 12399 1937
7392,11482 1334 7727 742 837 10283 9929 12106 9035 10806
7393,13282 3486 9422 14545 9412 9406 4399 7015 7014 8999
7394,10178 2157 7160 5306 10712 2489 6915 9586 9019 9923
7395,3036 5542 478 12095 3032 3033 3698 9068 430 1232
7396,116 11479 112 12139 12140 12141 168 13190 11719 4633
7397,7729 3870 3871 4989 8180 8498 3869 9184 9992 3301
7398,5606 12507 9783 12540 12508 12539 646 2070 12506 10217
7399,2775 4257 855 1441 11300 5888 8769 3939 1657 4926
7400,5689 1861 11799 8155 12075 8149 8154 8157 14464 4693
7401,15265 344 11289 13657 13656 351 13668 343 1094 346
7402,14163 13388 5216 14866 14868 14585 14543 14865 14867 9210
7403,7386 7385 6817 2810 7384 7389 4712 8064 7391 2674
7404,14337 6969 6477 13319 8803 13006 2614 399 11899 13321
7405,235 234 1618 1617 1619 12005 1622 14261 1621 1620
7406,9914 7727 2140 2559 1497 2552 3739 2200 3402 2490
7407,15029 15205 5517 11838 1287 11863 15154 14825 15028 10383
7408,2866 2587 13848 617 4550 14093 2852 7530 14090 2855
7409,13855 11112 1532 8869 15153 15097 13351 4711 13320 14183
7410,9054 14555 7124 14166 78 14824 15076 14951 14165 14868
7411,3844 2876 8191 5450 3843 14105 1826 3846 4416 10815
7412,1893 3088 11709 2906 10869 14414 13732 1891 1895 2865
7413,1573 13434 34 9815 2120 99 13581 8801 6917 11377
7414,775 821 7300 2324 843 3224 817 831 833 780
7415,12702 12704 12701 15267 6748 12705 12703 12700 12699 12698
7416,4693 4135 4607 2869 7553 1827 9751 11387 3845 2872
7417,6668 6659 14097 109 10394 14098 14096 5980 5944 5945
7418,2614 1532 8808 3465 2742 2820 11112 1323 7686 1534
7419,15268 7703 13337 13390 3587 12797 5943 15276 5942 5941
7420,8477 2887 14464 15126 11787 5689 12756 14226 4133 4626
7421,6614 12651 7881 14730 6612 14160 6611 6607 12254 12833
7422,7279 2344 823 4944 10078 8243 9187 6972 14344 7926
7423,15204 7313 15007 5950 5943 5944 5945 5941 5951 5947
7424,15084 14272 9920 1918 7313 12514 13412 10018 2511 5309
7425,14344 8950 8176 949 3873 15159 9783 499 2134 779
7426,12666 3599 49 3595 734 8018 10058 11960 3596 3594
7427,11078 11077 11492 11491 10449 11487 11488 11489 11490 1267
7428,8600 11562 152 305 2034 8593 3417 5457 3168 8558
7429,7469 9623 1549 13107 12547 3489 1862 1480 9621 13068
7430,7002 13137 7171 5246 7169 7950 14911 7161 14143 12354
7431,794 1219 11759 6411 3964 3596 789 4230 8946 4269
7432,12518 14178 12525 9556 12524 13254 8264 12523 12521 4629
7433,72 8239 7350 13847 94 80 7352 73 76 15240
7434,6523 6522 938 11478 13310 7146 3560 6530 8961 15269
7435,14981 12422 13125 983 7675 7267 6786 12325 10531 10699
7436,15269 6523 6522 12434 12435 12436 6530 8961 9156 9159
7437,13756 323 237 13272 13759 13757 10107 13758 2417 6387
7438,8466 9262 8475 8470 8464 8465 1819 11817 8468 8461
7439,5779 9165 13129 5775 5780 11785 11446 8961 11445 13415
7440,10618 2116 3715 7290 10531 2508 5631 11297 5852 11623
7441,8808 11822 408 12501 1323 10733 10041 11897 4791 11111
7442,15027 14736 2869 1724 12935 12934 14750 12227 12332 2372
7443,4341 5835 1295 8484 164 3298 2471 1369 5388 4910
7444,10993 10999 10630 10997 11000 6804 10996 1001 10998 10994
7445,5298 12420 9159 5301 9016 9019 5306 289 10837 5300
7446,11855 2570 1090 549 2526 3288 11008 13436 9097 9099
7447,7264 13770 13177 13879 10560 14752 14533 13406 11219 6171
7448,6990 4791 9788 12070 11111 11822 14803 6995 11897 9785
7449,7818 9644 2873 2871 2872 4691 12731 10748 9645 9643
7450,6622 4962 6544 4753 13892 1664 6543 6505 6494 6495
7451,10625 10633 2706 2581 715 10632 14740 12558 4744 12303
7452,10965 14037 1880 12764 8480 12446 10612 12130 7726 9773
7453,8248 2477 6197 6674 5996 9105 3312 10648 3325 9114
7454,10369 14707 10374 10920 10375 944 10906 10380 10378 3014
7455,8701 637 8700 4661 6799 4659 4394 11361 4390 4658
7456,14578 15013 13587 15270 53 14407 14825 14826 15012 14510
7457,15079 14612 14559 14823 14867 14296 14866 8413 14865 641
7458,4906 2539 1371 3381 4635 5828 8180 7566 7329 5834
7459,4486 8113 4313 7475 8128 5945 4469 4932 1117 7471
7460,15063 15028 15060 13414 8370 15001 3056 3054 15062 15061
7461,14776 13528 5824 14622 6679 6672 9034 14468 14815 9776
7462,14826 14827 14320 13587 14825 53 8873 7176 8587 15134
7463,14997 5682 1480 8873 8780 14718 14986 645 5727 4439
7464,4424 4433 4435 4432 4429 4431 4421 14647 12031 0
7465,15271 15276 5943 5944 5945 5946 5942 5941 5949 5947
7466,12765 11140 12573 149 14237 12229 1147 12945 9939 6163
7467,5425 5427 4482 5424 7133 10419 874 4874 12382 11175
7468,2018 287 7463 1551 8845 478 12841 6419 997 1545
7469,8144 12588 1762 12587 9806 12586 7951 7103 5707 6781
7470,10866 8525 8486 1133 15169 13050 5554 15219 15218 15170
7471,7404 6809 3442 11348 6811 11351 11724 7079 6810 4606
7472,10715 14702 52 14100 9099 9487 14690 1351 13827 3865
7473,12922 10497 1548 12921 5217 5825 3377 4912 3319 6300
7474,6969 14337 13420 2292 9330 6468 10135 9681 8803 7798
7475,12322 13194 1839 10747 13193 10753 10857 12231 8263 1849
7476,12575 14685 7322 11814 184 9121 11058 9117 7127 5394
7477,2509 1880 10654 23 1291 12106 2549 2487 10551 2553
7478,9054 14555 7124 14166 78 14824 15076 14951 14165 14868
7479,1758 11975 4291 10623 3468 5558 1515 3683 2301 469
7480,918 4295 9518 8194 7089 9673 958 9670 965 9676
7481,8339 11017 6032 8665 3560 11172 4495 6135 8330 8328
7482,8693 1285 3641 2340 3502 5275 471 10650 1766 8053
7483,740 14979 9511 4871 15273 833 14980 14089 15274 1351
7484,7236 11410 529 13298 13297 13299 13292 13295 13296 13288
7485,9221 5621 3924 9284 7398 14419 10960 8351 1572 357
7486,5215 12018 5306 12813 4635 5217 3319 7160 122 9719
7487,2739 6800 13015 10704 6868 5719 4019 2738 13014 3775
7488,15255 2154 8413 13891 15276 5943 5944 5945 5942 5948
7489,1919 4370 9069 10016 9709 55 11667 10283 181 5314
7490,4300 1846 6238 15161 15162 4306 568 4433 4432 10257
7491,10190 13391 1846 11227 1857 6698 10188 10189 2813 8430
7492,3952 4468 9014 3951 13358 3950 1182 10296 10309 6641
7493,2192 10144 2625 9909 9899 2198 10143 5568 69 8503
7494,15272 15276 5943 5944 5945 5946 5942 5941 5949 5947
7495,11051 13346 13347 13005 13345 14599 1167 13717 14332 8760
7496,9052 14869 14320 10078 3890 14929 14868 14554 6848 14220
7497,75 15214 15213 15212 11060 15211 80 15215 3063 94
7498,13414 14607 14510 7159 15063 13952 15226 15028 14578 14898
7499,10409 11010 2715 11009 505 11012 11011 11013 10408 9707
7500,7913 6580 5322 4977 14601 14602 3973 12848 10974 13228
7501,10780 379 13973 1160 9496 9476 2783 965 377 927
7502,3980 5366 8106 5378 7408 1458 2914 13113 12724 13754
7503,760 3937 7361 4221 3916 1189 4184 4212 4190 832
7504,14870 7153 13013 12436 12434 14868 14554 14869 14558 14867
7505,3055 7116 8369 7125 108 11184 8370 13953 7132 15061
7506,6836 12062 13884 12060 12064 13360 10362 14452 9260 11027
7507,1351 14720 15274 15273 1350 14089 14703 14719 1348 14702
7508,14486 11366 13885 14481 5266 12528 14499 14913 14491 5267
7509,5267 14491 14486 14479 11366 5266 13885 14506 14496 12850
7510,11366 3066 7849 3065 3064 13885 3068 14486 6584 7842
7511,11366 13885 692 14486 12850 5267 5266 14481 14913 14131
7512,11366 13885 14486 5267 12850 5266 692 14481 14913 14131
7513,11366 13885 14486 5267 12850 5266 692 14481 14913 14131
7514,11366 13885 14404 14486 5267 12850 5266 692 14481 14913
7515,11366 13885 14486 5267 12850 5266 692 14481 14913 14131
7516,11366 13885 14404 14486 5267 12850 5266 692 14481 14913
7517,11366 14404 15228 8377 13885 14843 3176 14486 14449 3177
7518,11366 4027 13885 14486 11817 7232 4260 5267 12850 11360
7519,11366 13885 14486 5267 12850 5266 692 14481 14913 14131
7520,11366 5267 13885 12850 14479 5266 14486 14130 14491 14506
7521,14486 11366 692 13885 5266 14481 12528 14499 14491 14913
7522,11366 13885 14486 5267 12850 5266 692 14481 14913 14131
7523,11366 13885 14486 5267 12850 5266 692 14481 14913 14131
7524,11366 5266 13885 14486 5267 12850 14481 692 14913 14479
7525,11366 13885 14486 5267 12850 5266 692 14481 14913 14131
7526,11366 692 13885 14486 12850 5267 5266 14481 14913 14479
7527,11366 13885 14486 5267 12850 5266 692 14481 14913 14131
7528,11366 13885 14486 5267 12850 5266 692 14481 14913 14131
7529,11366 5267 13885 14486 12850 5266 14479 14130 692 14481
7530,11366 13885 14486 5267 12850 5266 692 14481 14913 14131
7531,15061 15062 8370 8369 15001 3056 3054 3055 3059 3053
7532,7124 13912 15244 15228 8377 9054 14427 14555 13587 3176
7533,8139 3308 14675 14419 15012 3324 3281 9802 7126 1027
7534,14825 14827 8873 12875 15029 14826 14824 14578 13587 1175
7535,15029 14668 11838 14825 5517 11320 4211 4280 9215 10616
7536,14577 14576 15277 13513 10741 14036 1670 10330 13512 13515
7537,14163 14866 14868 14865 14867 14612 7118 8999 12427 14559
7538,11126 14984 3152 13388 11125 14988 14990 15069 14989 12206
7539,15121 15123 15122 15124 7002 15154 11485 14907 2703 1698
7540,1332 7580 7577 7578 12192 7579 9081 12193 14707 503
7541,14391 14163 14939 5037 5545 14866 14868 14865 14867 796
7542,9054 14555 7124 14166 78 14824 15076 14951 14165 14868
7543,739 15230 14852 10806 9035 14553 833 834 15147 14551
7544,14555 12427 14553 14081 14554 14558 14552 9740 14551 14556
7545,8999 7121 1368 11184 14670 14166 7116 13912 7325 3178
7546,9052 14166 14929 14930 14427 13134 14081 12513 9054 14869
7547,14865 6836 9260 59 13884 9227 14867 14612 14866 7118
7548,1622 1617 1620 1621 1618 12014 234 235 1619 2739
7549,3906 1374 14166 3907 3898 3900 2043 3904 14278 13588
7550,9200 46 12545 9210 5121 4466 3474 9208 6533 2904
7551,7632 8690 8391 11398 14165 8282 12876 13637 6610 14930
7552,15278 15279 12878 5179 7524 12879 8884 6089 5939 5941
7553,12386 692 12388 12387 12009 8250 14136 693 11366 14208
7554,8121 8123 8459 8127 8124 8125 5259 3951 8132 8129
7555,14159 14157 7581 1131 14158 14160 11746 5513 3395 11384
7556,692 8250 14136 693 11366 14208 13838 6608 14242 14366
7557,547 13388 12995 9930 1367 10891 11126 12931 9013 10013
7558,3055 798 7116 8369 8370 11184 108 7125 7132 13953
7559,15067 15066 15068 15249 15190 13174 13173 2325 103 11125
7560,12850 13885 11366 5267 14538 553 5268 14938 14506 14429
7561,10715 14702 52 14100 9099 9487 14690 1351 13827 3865
7562,14143 7141 857 14911 14667 7002 10011 6329 8129 5506
7563,11120 14209 14596 5673 14595 14213 13483 8302 12585 11118
7564,14862 14654 14334 11308 5183 14941 14389 14904 12388 8586
7565,14654 692 14862 8250 14136 693 11366 13838 14208 6608
7566,15019 12512 3800 8580 2016 6966 4570 917 11836 12128
7567,5447 11347 7057 4135 5846 12731 6557 13702 10199 10992
7568,1033 12976 3321 2253 10860 12062 1056 3340 3324 3307
7569,10513 10514 10512 10511 12772 12780 12774 12773 12778 12775
7570,14370 12184 13382 4566 9034 14468 14369 12645 14372 14467
7571,3916 139 11938 4184 760 11936 11939 4190 4212 2103
7572,1834 10711 9204 5398 14121 6862 10704 2994 2102 1811
7573,2717 8619 1686 2688 4119 4378 8125 10317 8124 6533
7574,14355 13632 3494 4454 6511 14356 4582 4633 8124 7879
7575,7913 12848 13228 14602 10974 14601 4977 3973 6428 12844
7576,2375 9853 7215 13111 4599 2371 11347 2379 5845 4606
7577,1869 7820 8837 11623 3223 715 11957 3504 7270 8791
7578,7122 12054 2562 12515 12514 2572 9284 9005 9928 15002
7579,13053 9107 3374 4780 3730 9105 11047 9705 9114 2248
7580,2527 2546 5149 2529 2552 2524 2496 2528 10013 2511
7581,11240 2521 12189 4999 163 2513 2153 2487 2524 2511
7582,3674 1001 6742 3415 11325 7062 10698 2374 11348 11349
7583,12624 12625 4652 9110 13021 9559 11858 4649 7738 6797
7584,3461 9923 7372 64 9899 5278 3159 9905 3160 9909
7585,14954 9553 6135 9269 9549 14955 10566 15240 9267 9550
7586,12295 6134 9891 2185 2535 12294 12107 6593 2543 7812
7587,9985 6205 6204 4832 4324 6248 12974 9425 5760 3023
7588,5628 5626 8630 8626 8632 8625 8633 12172 5506 8124
7589,9601 9441 1507 3314 9599 9597 9596 9598 6711 9600
7590,3811 9246 1995 12581 12583 5106 14321 9240 9243 9600
7591,4718 4713 14377 8274 1541 13383 8252 14788 4715 4719
7592,7324 7325 100 15213 7308 7307 7312 14604 14605 15214
7593,14578 15028 12877 15013 53 15270 13414 15029 15063 12875
7594,7491 6676 11255 739 8062 8064 12095 11162 211 3258
7595,8057 13366 10813 2979 11041 3017 14743 6780 13834 10062
7596,9309 6579 5419 476 6030 167 1389 3370 1959 6832
7597,5545 796 14391 5539 4201 12423 5543 7503 7972 8948
7598,12305 9743 3033 5048 8797 1649 6097 10709 1059 2578
7599,15042 12944 2441 15043 7655 12943 6015 1540 15052 6472
7600,11970 5209 4640 2495 4878 6199 5393 5996 3359 5829
7601,15280 2609 2608 2607 5942 5943 5944 5945 5941 5948
7602,7695 4282 5346 3157 6333 7694 10499 13199 2280 13987
7603,4132 4688 4687 1153 9753 4138 12071 9757 10942 5439
7604,12110 1018 2563 10342 9910 9899 3461 9909 10551 3582
7605,7681 6437 7247 4020 7670 6765 7201 6271 5582 5146
7606,5219 10019 7439 7512 619 11834 1698 4855 1589 7431
7607,9879 4589 966 12760 9880 4590 12761 2442 967 12946
7608,10223 10222 1130 5304 10978 14368 12067 10081 10182 3563
7609,2574 9815 87 6917 9913 9900 130 9909 7154 84
7610,1042 1083 12280 2063 4902 1060 3848 8515 1025 1032
7611,7571 13950 10257 12048 11605 10468 11604 8116 13692 7573
7612,8708 15245 15116 15139 15140 10287 2626 15135 15136 15137
7613,10095 13737 14458 1859 9410 10934 13682 7467 1132 14582
7614,1044 15281 14141 1073 1029 10263 3503 11391 1032 9684
7615,1721 1723 1155 1156 11640 11638 5440 5442 5443 1776
7616,625 176 8704 6596 1450 784 3711 9296 13517 6633
7617,14383 11403 693 14384 12081 6228 692 11405 14512 11398
7618,457 6032 2586 497 7043 6870 4184 7918 4241 4919
7619,6799 4659 4658 4661 2615 14402 8701 8700 14401 2837
7620,14702 10715 14703 14220 610 14100 2204 1351 2031 106
7621,2880 1709 8150 12914 14745 4037 4039 3038 5449 1711
7622,9610 4263 9317 1130 5706 4153 8621 1078 7812 6387
7623,7326 4901 3235 4906 7559 3234 1371 12139 12140 4903
7624,13412 10890 9925 11874 6915 13724 1496 10549 9898 2491
7625,1323 405 13333 13330 14122 12426 1535 14457 2820 2614
7626,10389 12043 8857 10704 3026 5892 10697 103 10228 2127
7627,9084 12757 10246 12376 2014 10808 14677 7817 12913 9749
7628,2742 2743 14879 2815 6353 1165 13202 8835 2820 11548
7629,8605 11407 6483 11408 11710 10764 2437 6849 11409 3939
7630,275 334 7483 8558 3398 7286 3826 593 305 13797
7631,8748 4437 3149 9316 9086 8673 5348 6565 2564 12201
7632,9689 7402 7272 11162 3987 6370 459 7503 12446 2452
7633,1999 947 4664 293 4765 6865 476 8552 12462 11014
7634,6114 2962 13752 1302 2520 9321 6112 9337 5806 5816
7635,437 5386 3328 2139 5392 3325 483 3329 6200 3316
7636,4715 10978 13067 12618 9575 4584 14779 14515 9574 12616
7637,15282 1650 43 6218 6219 6208 2105 1642 3499 6220
7638,8403 871 806 504 1646 5853 2329 879 800 8401
7639,3055 7116 8369 7125 108 11184 8370 13953 7132 15061
7640,7238 7243 2550 10520 10521 10462 1217 10519 10518 7211
7641,2472 6434 4726 9766 9765 9764 9484 256 9768 9767
7642,3905 6375 6648 3338 7149 2158 4007 3812 12449 12780
7643,1477 7417 1454 4299 625 219 6373 10329 3207 3307
7644,13304 12977 13292 13302 13291 13295 13296 13293 13303 13300
7645,14259 9946 6863 3494 5828 7329 7331 5996 8957 993
7646,4881 7319 7307 7308 7312 7323 2158 895 7311 7318
7647,4902 11298 10066 5817 6369 12127 6306 7278 7959 12202
7648,14158 11949 4762 1885 585 14157 14160 11746 14159 1131
7649,585 6638 1406 2653 3190 1170 11985 4241 3942 3810
7650,1160 11377 10430 11374 2120 10538 6917 8801 9909 11136
7651,6408 8317 5134 479 6403 11250 6405 8569 10882 2530
7652,9421 3486 12627 9417 9419 9413 9416 9415 9411 9408
7653,8376 7208 7203 7204 6319 13593 2954 3485 13909 2204
7654,6516 3254 1201 8914 5002 8919 6530 10854 8920 8924
7655,8667 6453 8644 4307 728 1865 13909 3485 5455 7360
7656,7956 9470 6053 826 10240 3182 887 9473 7959 9658
7657,11059 2154 11058 7115 3019 5945 5946 5947 5944 5950
7658,12895 12908 6245 7069 12731 11057 13985 14438 7451 12072
7659,13538 4375 12653 9214 6228 14890 15086 9454 9452 9449
7660,7001 170 5577 10451 216 6999 11250 10882 8569 2530
7661,11155 3343 3629 9905 4324 9983 6380 9977 1458 3256
7662,2369 2372 11347 1357 6551 12728 12733 2375 2379 1355
7663,6954 8188 3705 3362 5422 3707 4212 1643 12021 4196
7664,4220 9587 794 7460 3226 1566 789 4236 9585 790
7665,8368 166 161 8499 12813 9802 5362 10341 10546 10342
7666,14688 6581 10384 14575 6582 6584 8250 14964 14492 14689
7667,7115 3019 10651 2125 108 7125 7117 14553 15244 13952
7668,6318 10288 6043 2525 6787 8704 6270 7838 12023 929
7669,11298 12560 7499 12558 7933 357 11297 11926 7278 13958
7670,2881 4060 1826 3001 2869 7425 9194 1779 4134 1778
7671,2763 1095 1519 2778 2757 1682 11162 2749 2025 1819
7672,4316 9642 9636 2996 6807 9632 9630 9641 9633 9631
7673,5436 2675 73 7280 2682 8939 8366 5760 847 3389
7674,5345 1475 12672 12671 9549 11583 12535 13522 11965 13671
7675,4711 13320 14183 15097 8869 13855 13321 15210 14662 13319
7676,13462 2663 4662 14041 13463 14797 12593 4056 4909 3330
7677,1763 6879 9390 3637 328 1685 322 8915 8916 1515
7678,1081 43 4138 12077 3735 2377 11816 1719 1280 10275
7679,11045 3055 3022 13953 7132 7117 7125 108 13952 11047
7680,15243 7138 3300 3103 7927 4639 4469 4637 992 546
7681,75 8999 15214 15215 15212 15213 15211 11060 14670 94
7682,9662 1915 11578 9665 1914 2622 8165 10191 7064 1913
7683,11313 11314 11311 11308 11307 11312 11309 2803 76 4379
7684,6038 6426 4468 6596 10310 3206 12438 6026 10742 5547
7685,15283 5943 5944 5945 5946 5942 5948 15276 5950 5947
7686,4969 9135 5305 5299 9930 9005 9909 10551 5149 2027
7687,2156 8307 3460 14553 184 78 1090 343 14552 14551
7688,11567 12131 1840 13386 13387 13385 1666 10610 13360 7949
7689,8954 5212 11812 3316 7280 8794 8107 5820 8947 8665
7690,6897 10965 2549 1880 7726 12106 12995 2509 7732 2499
7691,3052 3051 3053 3056 3054 3057 3059 3058 15001 15061
7692,3211 5075 5089 1457 12246 6381 839 10164 13048 842
7693,1145 1136 1722 1146 1725 1150 1152 9537 1718 1710
7694,10651 7324 15211 11060 15212 15213 15214 15215 7325 108
7695,10715 5812 3368 13273 3383 9669 5822 3356 186 10146
7696,15073 14894 3953 11296 5261 7953 6766 10522 8094 8093
7697,12865 14112 10413 9800 9048 7698 1755 7382 5902 10412
7698,1008 1777 1826 6364 9191 6705 1006 12643 1012 4416
7699,13201 2822 13202 1532 12007 13562 405 12426 2614 2743
7700,1548 697 2704 6347 1818 2238 11738 5866 5494 434
7701,1806 1483 13012 1492 299 5278 14419 8724 1485 9911
7702,3403 154 9030 10985 15185 5990 12819 9028 8 1273
7703,3835 121 5835 7315 3836 119 10137 3356 6302 13274
7704,7835 5057 796 5055 5025 2759 4824 4212 10478 6157
7705,11899 5998 2614 14337 1532 11898 2820 13319 8803 2742
7706,14898 101 2774 15023 15226 7159 13952 11939 4391 11936
7707,6962 4828 1583 6966 2704 2053 496 5040 5977 6643
7708,130 6896 2576 2574 11874 12515 2571 9020 6917 9315
7709,2645 9495 13904 2648 2647 2644 2639 2640 10147 6590
7710,1367 11954 7132 13952 11374 5310 7128 9117 1961 10547
7711,3465 1529 2614 4514 2820 13578 2742 11121 15095 14799
7712,10140 1383 2185 7465 5314 1919 2528 5187 2529 2522
7713,7121 11185 14406 3022 10651 76 7111 7114 15069 12874
7714,1529 3779 9366 3776 3780 3783 3778 8834 3786 8833
7715,3151 8648 3027 4156 3166 4165 988 4155 3167 4166
7716,10715 14702 52 14100 9099 9487 14690 1351 13827 3865
7717,3289 11016 1870 3349 3324 3281 2476 2477 3301 2715
7718,3465 2742 2815 2820 2614 1166 13327 1165 2814 12742
7719,8451 1454 843 3985 3313 11300 8769 3939 5888 662
7720,2742 2745 4515 2743 13540 1165 2820 2614 13327 2815
7721,7840 820 6682 822 3372 6767 3939 11300 5888 8769
7722,7681 12232 768 3205 5054 7670 6437 3193 3839 833
7723,4035 10071 10073 8645 13380 11420 10070 10074 10072 9437
7724,3328 3348 1082 4905 4636 4885 3281 3324 5392 3325
7725,9577 4270 5575 1448 6265 1652 12246 5756 887 7506
7726,15054 3912 3617 15053 15052 7655 12943 3927 3914 852
7727,11808 6432 11805 11028 6810 13185 4598 13572 13702 11922
7728,12793 8382 13835 13224 14126 9950 13833 8384 8380 9949
7729,15284 15276 5942 5943 5944 5945 5947 5956 5949 5946
7730,9207 15084 9210 9204 2904 10637 9208 3474 6533 12966
7731,612 8500 2139 618 2120 7431 3295 2123 2124 10958
7732,771 9223 100 14849 11060 13190 15212 15213 15211 833
7733,4797 9216 475 13825 4784 6530 3839 9210 4197 3620
7734,11535 15276 5944 5945 5946 5943 5956 5949 5947 5951
7735,10086 12068 12647 12310 12646 13822 7825 5324 11945 12181
7736,8999 7121 823 14406 11185 15069 3022 7116 7325 91
7737,91 15184 7122 94 12054 14612 80 14865 14166 7118
7738,3970 5613 228 11468 3961 654 4013 5616 1762 5618
7739,6572 13693 6570 6355 14882 14884 14883 7120 14401 13440
7740,626 4966 5709 10337 5113 15100 14452 13479 5377 4668
7741,7115 11366 2125 10651 7125 108 14553 15244 7117 3022
7742,3019 108 10651 7125 13953 13952 7132 9480 7115 7117
7743,2139 3575 1072 9317 4263 1068 8950 2126 11467 3638
7744,3666 1354 3074 2380 3687 1355 11778 3688 13985 11626
7745,13268 13577 12552 9017 10620 14580 9018 12028 5261 4439
7746,15030 5948 12506 1736 15048 5930 5936 5924 12783 14151
7747,7552 227 3945 13676 13677 12730 9171 485 6858 8553
7748,625 12178 9296 6633 13517 14585 6023 6030 6596 4488
7749,8669 12108 11720 13411 9464 3608 2588 11975 12585 8302
7750,5281 742 2509 7732 10013 746 7727 12995 12106 2549
7751,3664 3008 3007 961 966 4078 12762 967 12761 12760
7752,2538 10889 11045 8801 1033 13724 11646 9901 13412 10283
7753,9585 2533 9586 2536 9043 9709 9133 12109 10213 7372
7754,10539 5314 10019 97 6898 6917 1383 9913 11645 9315
7755,740 14979 15274 15273 833 14907 14980 1351 14089 14348
7756,14345 1145 1721 1136 1146 10750 3414 9537 8152 11340
7757,824 1457 6031 7513 3811 834 4782 833 13161 805
7758,380 4437 2739 12014 15057 4248 14713 6942 4294 377
7759,860 796 7512 163 1690 814 790 828 760 833
7760,2255 3935 6682 5888 3939 8769 11300 7836 3223 7840
7761,10715 13912 14702 14100 52 1351 7124 9487 14690 15273
7762,5412 4863 12822 6475 5470 5469 4096 4384 5476 7280
7763,15110 15166 10083 14372 11191 12092 14600 14622 14777 7444
7764,2131 9182 3018 3822 2488 2127 11588 7138 3494 2483
7765,7386 4712 7090 2810 7385 12782 8061 8062 2674 8064
7766,10666 3961 11732 9222 8260 14928 13714 14037 7914 15227
7767,15042 15043 1540 1536 4088 6015 10883 14608 12559 15021
7768,6898 5281 10379 6906 6901 8607 13851 14052 1980 5959
7769,11166 9354 9111 11209 9110 7738 7735 13427 9361 14884
7770,12324 994 14961 11087 3801 13943 6271 876 211 1673
7771,4664 4656 1999 6865 8552 293 6167 13634 12462 947
7772,5299 3857 8747 14054 6325 11690 10265 14052 13851 10358
7773,14163 14866 14868 14865 14867 14612 7118 8999 12427 14559
7774,14306 12206 10215 6106 14865 14427 14320 1858 9055 739
7775,11126 13388 15285 15069 12206 14988 11125 14989 14990 14991
7776,14163 14866 14868 14865 14867 14612 7118 8999 12427 14559
7777,14551 9054 14553 14554 14557 14552 9740 14556 78 14555
7778,739 14555 14852 14553 14081 9740 14557 14556 14552 14551
7779,7301 3600 15147 1490 1880 2206 11377 2120 6256 6239
7780,4426 4433 15263 15118 10536 4435 13016 15002 12054 4432
7781,14166 14081 14553 14930 15244 15184 14427 110 91 78
7782,11126 58 15285 11125 15069 13388 11404 9116 14992 14991
7783,14851 13015 14560 14850 11718 3960 11045 3471 11316 13014
7784,14899 14701 15285 11478 15276 5942 5943 5944 5941 5947
7785,2544 2146 2026 2535 2541 2518 2524 2527 2511 41
7786,14345 3414 3413 11340 10750 1887 673 8824 12199 7216
7787,13966 13965 13964 13967 13707 13963 6751 5948 5946 5945
7788,8413 2154 15255 14612 8414 6567 8420 14823 8406 8417
7789,12877 15112 12876 7120 12874 15247 14519 14578 4363 15011
7790,14427 14930 13134 15244 12513 14929 15250 14931 8426 14867
7791,13414 13952 14607 15063 15226 7159 14510 15028 14898 114
7792,15284 15276 5942 5943 5944 5945 5947 5956 5949 5946
7793,8999 7121 1368 11184 14670 14166 7116 13912 7325 3178
7794,4823 3235 4884 7332 4813 3234 3239 7330 9105 7326
7795,6911 11675 10435 1419 2051 1819 2992 8956 11679 11682
7796,3055 11126 7116 8369 11184 108 7125 8370 13953 7132
7797,14826 14827 13587 14825 8873 53 8587 15134 7176 13414
7798,14163 10715 14866 14868 14865 14307 14867 14702 52 14100
7799,14108 12668 14210 15276 5942 5943 5944 5945 5946 5940
7800,14080 15287 6409 14605 8310 14604 1500 9269 5056 8277
7801,14391 14939 5037 10321 5545 5052 5055 8748 4758 5048
7802,14555 14081 15184 14852 15288 14553 14850 9054 14166 91
7803,8903 3318 5222 12993 11197 11207 3349 10959 13461 8812
7804,1947 6943 8041 9128 14187 14189 14186 14188 14184 14191
7805,12481 8997 2009 11055 5413 8389 9410 5024 7886 8203
7806,8077 7739 4665 14257 8076 4651 8079 8080 11163 2746
7807,5347 8467 13195 5346 12269 14414 11033 8993 13799 10336
7808,15129 5929 8735 14471 14217 8736 5924 5930 5935 5936
7809,11370 11368 4663 4653 4660 2804 4650 14681 11369 4657
7810,4426 13016 15263 12054 10536 15118 15002 4433 4432 4435
7811,10124 3403 13753 12516 5750 14452 14127 13373 10566 6390
7812,14559 7124 14612 15079 14867 14823 13912 14866 14865 7118
7813,12060 10930 13193 12062 12064 10362 13194 10563 12063 2330
7814,12308 856 9801 9276 12306 12307 12305 7212 3360 1096
7815,11122 2820 14324 3465 8904 11121 1532 1166 14806 9784
7816,14826 14827 13587 14825 8873 53 8587 15134 7176 13414
7817,10265 9284 5278 2585 1381 2497 2572 12054 9099 13436
7818,14555 14081 15184 14852 15288 14553 14850 9054 14166 91
7819,7124 13912 15244 15228 8377 9054 14427 14555 13587 3176
7820,14824 58 14827 14510 14607 14869 14825 14165 14868 14554
7821,13412 8872 8871 14668 10890 13411 9222 8260 4280 11320
7822,3237 3234 2566 4736 7564 4887 12325 7561 1371 7332
7823,53 14578 15228 10502 10501 8377 14987 94 80 14826
7824,1316 12336 10158 4625 10817 7330 673 1141 13426 11805
7825,11045 15289 14700 14560 6917 11047 8801 15273 15274 5314
7826,13640 13798 9306 14230 5677 12526 14959 11237 9856 2983
7827,8370 15061 15062 13587 8369 15001 3054 3056 3057 3058
7828,3843 2876 1826 4416 5662 11797 11801 3844 6811 11802
7829,6364 1826 11802 1777 9192 4416 5662 11798 11801 11352
7830,494 5064 13755 1392 1081 10364 8717 12724 3580 13754
7831,13310 10123 3405 13309 13311 4634 13431 14315 10879 10526
7832,15290 15276 5943 5944 5945 5946 5942 5941 5949 5947
7833,975 7322 7760 958 965 927 7308 7312 7307 911
7834,7128 1367 15276 12054 13952 2125 15226 7159 13891 7134
7835,4820 3055 6791 11604 10468 6317 11605 11588 12010 13948
7836,3471 14550 15184 14619 14081 14552 14557 3373 15065 11820
7837,2191 88 2209 5642 2198 2513 12054 10958 13411 12110
